user_id,age,gender,device_type,time_on_site,pages_viewed,previous_purchases,cart_items,discount_seen,ad_clicked,returning_user,avg_session_time,bounce_rate,purchase
1,56.0,Female,Desktop,12.9,8,13,1,1,0,0,6.97,28.18,1
2,46.0,Male,Mobile,15.63,9,4,6,1,1,1,19.17,86.73,1
3,32.0,Female,Unknown,11.64,12,11,0,0,0,1,8.87,83.09,1
4,25.0,Female,Mobile,22.71,5,10,1,0,0,1,14.3,79.03,1
5,38.0,Female,Mobile,26.35,9,12,4,1,0,0,18.15,55.35,1
6,56.0,Female,Desktop,26.6,1,12,7,1,1,0,28.4,13.9,1
7,36.0,Male,Mobile,7.6,11,11,6,1,1,1,4.51,13.12,1
8,40.0,Female,Mobile,26.98,7,5,2,1,0,0,33.34,12.61,1
9,28.0,Female,Mobile,10.9,14,7,9,0,0,1,13.8,85.46,1
10,28.0,Female,Mobile,9.97,3,14,8,0,0,0,14.12,14.16,1
11,41.0,Female,Tablet,22.08,11,14,4,1,1,0,23.43,80.85,1
12,53.0,Female,Mobile,9.84,17,6,2,1,0,0,5.97,84.47,1
13,57.0,Male,Desktop,2.54,18,6,6,0,0,1,3.37,10.5,1
14,41.0,Male,Desktop,11.83,19,0,3,1,1,1,9.63,90.2,1
15,20.0,Female,Desktop,21.92,18,2,0,1,0,0,30.68,89.75,1
16,39.0,Male,Mobile,10.48,6,2,4,0,1,0,15.49,63.82,1
17,39.0,Male,Desktop,19.26,15,6,7,0,0,0,12.18,51.3,1
18,41.0,Female,Mobile,20.14,7,11,3,1,0,0,11.74,64.73,1
19,47.0,Female,Desktop,22.28,5,13,6,1,0,1,31.14,40.48,1
20,55.0,Female,Mobile,27.02,5,1,7,1,0,0,37.8,58.87,1
21,19.0,Male,Mobile,15.74,7,9,8,0,0,0,14.69,96.95,1
22,38.0,Female,Mobile,5.83,12,6,8,1,1,0,8.09,11.33,1
23,50.0,Male,Desktop,10.25,8,8,4,0,0,0,14.66,23.38,1
24,29.0,Male,Mobile,13.53,18,0,5,1,0,1,14.28,52.41,1
25,39.0,Male,Mobile,21.7,18,11,6,1,0,1,25.75,25.86,1
26,42.0,Female,Mobile,1.38,17,13,9,0,0,1,1.54,99.28,1
27,39.0,Male,Tablet,10.16,11,1,1,0,1,1,6.85,72.03,1
28,59.0,Female,Desktop,23.62,15,10,8,1,0,0,22.11,43.4,1
29,45.0,Female,Mobile,20.45,6,5,0,0,1,1,24.16,90.27,1
30,33.0,Female,Desktop,22.22,12,1,5,1,1,1,24.67,14.44,1
31,32.0,Female,Mobile,24.54,7,13,5,0,1,0,17.55,28.79,1
32,20.0,Female,Mobile,23.71,8,11,6,0,1,1,33.43,95.59,1
33,54.0,Male,Tablet,20.78,0,1,1,1,0,1,26.68,55.7,1
34,24.0,Male,Mobile,13.75,3,4,5,0,1,1,7.82,92.07,1
35,38.0,Male,Mobile,29.52,3,6,5,1,0,0,24.92,98.42,1
36,26.0,Male,Mobile,17.5,10,3,8,0,1,1,26.17,36.02,1
37,56.0,Male,Mobile,6.88,15,12,7,0,1,1,6.12,57.65,1
38,35.0,Female,Mobile,9.49,13,5,4,0,1,0,11.04,84.67,1
39,21.0,Unknown,Mobile,21.11,19,11,6,1,1,0,12.68,27.27,1
40,42.0,Male,Mobile,27.82,8,2,6,0,1,0,22.56,44.68,1
41,31.0,Male,Mobile,6.18,18,3,4,1,0,0,8.54,15.33,1
42,26.0,Male,Mobile,3.39,5,3,6,1,0,1,3.43,65.25,1
43,43.0,Female,Mobile,26.56,7,14,2,1,0,1,35.19,0.42,1
44,19.0,Female,Mobile,27.54,5,3,6,1,1,1,14.3,44.93,1
45,37.0,Female,Desktop,9.02,19,11,5,0,1,1,10.52,92.91,1
46,45.0,Male,Mobile,11.94,17,0,5,1,0,1,9.55,89.73,1
47,24.0,Male,Desktop,20.15,19,12,1,0,1,0,27.42,80.38,1
48,25.0,Male,Desktop,10.57,4,3,1,1,1,0,15.26,14.12,1
49,52.0,Male,Desktop,26.44,7,3,6,1,1,0,31.4,52.03,1
50,31.0,Female,Mobile,4.12,6,5,0,1,0,1,2.66,71.91,1
51,34.0,Male,Mobile,2.1,14,8,8,1,0,0,2.03,10.12,1
52,53.0,Male,Mobile,7.05,19,9,2,0,1,1,6.8,14.7,1
53,57.0,Male,Desktop,9.3,11,5,5,1,0,0,12.37,4.01,1
54,21.0,Female,Mobile,4.27,7,5,2,1,1,0,4.1,32.31,1
55,19.0,Female,Desktop,2.91,3,6,8,0,0,1,2.42,87.73,1
56,23.0,Male,Desktop,15.74,17,6,9,1,0,0,25.46,50.75,1
57,59.0,Female,Mobile,5.76,11,0,6,1,0,1,6.61,85.33,1
58,21.0,Female,Mobile,27.5,15,7,0,1,0,0,36.02,8.37,1
59,46.0,Female,Desktop,11.67,7,0,3,1,1,0,16.34,5.61,1
60,35.0,Female,Mobile,20.45,15,14,4,0,0,0,28.42,80.39,1
61,43.0,Female,Mobile,7.54,17,8,6,0,0,1,8.5,49.78,1
62,51.0,Male,Desktop,7.97,11,13,6,0,1,0,8.16,47.09,1
63,27.0,Male,Mobile,17.67,12,13,4,0,1,1,22.99,47.56,1
64,53.0,Male,Tablet,15.74,13,14,0,1,0,0,13.93,38.11,1
65,31.0,Female,Desktop,23.29,11,3,4,1,1,1,29.3,88.64,1
66,48.0,Female,Desktop,22.98,11,8,4,0,0,1,23.12,52.1,1
67,32.0,Female,Mobile,20.45,9,7,3,1,0,0,12.75,97.39,1
68,25.0,Female,Mobile,14.02,11,8,5,1,0,1,17.57,84.65,1
69,31.0,Male,Mobile,26.83,4,14,7,0,0,1,30.81,73.76,1
70,40.0,Male,Mobile,19.05,2,13,9,0,1,1,11.1,63.62,1
71,57.0,Male,Mobile,29.72,4,5,4,0,1,1,28.24,83.52,1
72,38.0,Male,Mobile,24.76,14,8,7,1,0,1,24.43,88.17,1
73,33.0,Male,Mobile,2.28,5,3,4,1,1,0,2.63,13.32,0
74,35.0,Male,Mobile,10.3,17,2,2,1,1,0,12.14,35.97,1
75,41.0,Female,Desktop,17.58,12,2,7,1,0,0,12.14,80.54,0
76,43.0,Female,Mobile,21.92,6,7,3,1,0,1,11.7,22.13,1
77,42.0,Male,Mobile,16.96,12,1,2,1,0,1,21.95,58.62,1
78,58.0,Female,Desktop,23.8,15,11,2,0,0,1,35.26,78.05,1
79,46.0,Male,Tablet,15.74,19,5,5,0,1,1,13.25,22.39,0
80,32.0,Male,Mobile,6.33,10,8,7,0,0,1,6.34,40.2,1
81,18.0,Female,Mobile,2.56,2,14,9,0,0,0,2.63,91.51,1
82,42.0,Male,Mobile,17.63,12,8,4,1,1,1,25.22,35.6,1
83,24.0,Male,Tablet,20.97,12,7,0,0,0,0,21.9,60.47,1
84,26.0,Male,Desktop,10.46,7,7,0,0,0,0,8.13,43.38,1
85,41.0,Female,Desktop,18.79,1,0,2,0,1,1,22.13,87.7,1
86,18.0,Female,Mobile,2.51,18,10,5,0,1,1,2.45,42.41,1
87,25.0,Unknown,Mobile,3.88,3,6,1,1,0,0,14.3,49.5,1
88,41.0,Female,Mobile,21.35,5,13,0,0,0,0,27.4,17.33,1
89,28.0,Male,Desktop,11.67,15,14,6,1,1,1,16.76,34.92,1
90,34.0,Female,Desktop,20.47,10,0,1,0,0,1,13.06,66.96,1
91,25.0,Female,Tablet,25.12,19,8,7,1,1,0,25.66,17.58,1
92,52.0,Female,Unknown,25.73,1,2,1,0,1,0,33.09,70.54,1
93,52.0,Male,Mobile,5.99,7,0,0,1,0,0,5.6,1.06,1
94,50.0,Female,Mobile,15.1,18,7,9,1,1,0,17.02,36.7,1
95,22.0,Female,Desktop,22.28,2,6,1,1,0,0,29.34,46.59,1
96,59.0,Male,Desktop,23.45,19,1,1,0,1,1,22.83,9.61,1
97,56.0,Unknown,Mobile,23.76,10,13,6,0,1,1,21.58,68.41,1
98,58.0,Male,Mobile,7.62,15,6,0,0,0,1,5.19,10.28,1
99,45.0,Male,Mobile,6.58,10,4,2,1,0,0,8.72,9.0,1
100,24.0,Female,Mobile,18.11,10,14,4,1,1,1,23.47,36.79,1
101,26.0,Male,Desktop,22.49,12,6,6,1,0,1,27.96,73.83,1
102,25.0,Female,Mobile,10.26,8,9,5,0,1,1,9.17,96.37,1
103,29.0,Female,Desktop,4.04,14,0,7,0,0,0,4.38,77.6,1
104,51.0,Female,Mobile,21.79,2,6,0,1,0,1,13.6,46.6,1
105,50.0,Female,Desktop,9.69,17,1,6,0,0,1,7.94,27.26,1
106,40.0,Female,Mobile,5.82,6,1,8,1,0,0,5.44,30.14,1
107,41.0,Male,Desktop,5.28,8,14,6,0,1,1,2.87,28.37,1
108,54.0,Female,Mobile,10.13,1,6,5,1,0,0,6.11,27.83,1
109,52.0,Female,Mobile,18.19,3,2,8,1,0,0,24.19,6.91,1
110,57.0,Female,Mobile,11.39,15,3,3,1,0,0,16.76,22.04,1
111,39.0,Male,Mobile,1.6,17,14,9,0,0,0,1.32,10.79,1
112,39.0,Female,Mobile,3.81,7,13,5,0,0,0,2.31,0.74,1
113,52.0,Female,Mobile,9.42,14,6,5,1,0,1,13.52,28.56,1
114,18.0,Male,Tablet,20.13,3,13,9,0,0,1,28.47,35.22,1
115,52.0,Female,Mobile,3.86,18,1,2,0,1,1,4.46,92.74,1
116,54.0,Female,Desktop,17.26,5,0,6,1,1,1,14.47,99.48,1
117,31.0,Male,Tablet,15.74,15,1,0,0,0,0,2.74,57.94,1
0,20.0,Female,Mobile,7.14,6,8,7,0,1,1,10.28,90.1,1
119,18.0,Female,Desktop,5.99,3,10,7,0,0,1,8.51,61.82,1
120,22.0,Female,Mobile,2.95,18,0,7,0,1,0,3.67,49.76,1
121,43.0,Female,Mobile,20.47,3,11,0,1,0,0,29.35,4.27,1
122,31.0,Female,Mobile,14.44,8,11,3,0,0,0,9.24,4.46,1
123,56.0,Male,Tablet,25.1,19,2,5,0,0,1,15.29,3.08,1
124,44.0,Male,Mobile,3.87,18,9,0,0,1,0,2.68,15.01,1
125,26.0,Male,Mobile,5.2,15,3,1,1,0,0,3.72,7.69,1
126,32.0,Female,Mobile,9.89,14,4,5,1,0,0,13.13,19.47,1
127,32.0,Female,Desktop,23.21,16,14,7,1,0,0,33.0,51.92,1
128,43.0,Female,Mobile,9.87,3,2,3,0,0,1,7.06,50.32,1
129,59.0,Male,Desktop,12.84,15,8,4,1,0,1,12.36,34.42,1
130,30.0,Female,Desktop,9.75,19,4,7,0,1,0,9.31,66.6,1
131,49.0,Female,Desktop,3.33,8,6,2,1,1,1,2.26,39.19,1
132,56.0,Female,Tablet,28.24,2,14,5,1,1,1,38.22,22.02,1
133,49.0,Male,Desktop,16.91,17,13,0,0,0,0,17.29,69.22,1
134,21.0,Male,Mobile,23.85,12,10,3,1,0,0,25.43,98.02,1
135,47.0,Female,Mobile,20.09,0,12,0,1,0,1,15.24,81.07,1
136,54.0,Female,Mobile,15.91,11,6,2,1,1,0,16.85,41.41,1
137,40.0,Female,Mobile,3.6,18,10,0,1,0,1,14.3,37.57,0
138,56.0,Male,Mobile,19.64,13,8,5,1,1,0,15.81,3.86,1
139,32.0,Male,Mobile,5.51,14,1,2,0,0,1,3.38,65.71,1
140,46.0,Male,Mobile,13.02,12,2,7,0,0,1,14.11,22.26,1
141,53.0,Female,Tablet,19.24,15,3,6,1,1,1,21.85,68.35,1
142,30.0,Male,Mobile,23.68,8,7,6,0,0,1,16.62,76.02,1
143,49.0,Female,Tablet,20.87,2,0,7,0,0,0,15.62,87.98,1
144,24.0,Female,Mobile,20.47,8,8,6,1,1,0,13.37,54.83,0
145,39.0,Male,Desktop,5.32,5,4,4,1,1,1,7.56,83.0,1
146,45.0,Female,Desktop,11.04,2,3,9,0,1,0,7.87,72.32,1
147,19.0,Male,Mobile,2.24,10,12,7,1,0,0,1.14,35.3,1
148,59.0,Female,Mobile,21.86,10,7,7,0,0,1,29.3,10.64,1
149,23.0,Female,Mobile,28.62,4,13,7,0,1,1,37.3,24.22,1
150,45.0,Male,Mobile,8.66,4,8,9,1,1,1,8.28,84.46,1
151,45.0,Female,Tablet,3.54,8,2,5,1,0,1,4.59,53.44,1
152,37.0,Female,Desktop,14.79,6,13,1,0,0,1,14.04,66.56,1
153,47.0,Female,Mobile,25.84,15,3,7,0,0,1,18.72,80.61,1
154,28.0,Female,Mobile,17.01,18,0,9,1,0,1,15.75,66.7,1
155,45.0,Unknown,Mobile,2.36,8,14,0,1,0,0,2.33,85.61,1
156,42.0,Female,Mobile,29.25,7,11,8,1,1,0,14.89,8.64,1
157,56.0,Female,Desktop,25.03,17,13,8,1,0,1,15.35,90.36,1
158,50.0,Female,Mobile,4.82,19,2,5,1,0,0,6.63,81.26,1
159,18.0,Male,Mobile,27.73,2,9,9,1,1,1,24.75,90.3,1
160,44.0,Male,Mobile,14.07,12,4,5,0,1,1,11.7,73.09,1
161,30.0,Female,Mobile,11.79,19,14,5,0,0,0,16.37,27.44,1
162,58.0,Female,Desktop,14.37,5,12,3,1,0,1,9.41,11.39,1
163,20.0,Male,Mobile,25.2,12,7,0,0,0,0,18.07,12.96,1
164,56.0,Female,Tablet,20.12,17,13,0,0,1,1,26.72,49.89,1
165,23.0,Male,Unknown,15.74,5,0,0,0,0,1,2.12,39.09,1
166,25.0,Male,Mobile,28.77,2,0,4,0,0,0,32.6,65.42,1
167,44.0,Male,Mobile,5.29,4,2,6,0,0,1,6.56,50.33,1
168,26.0,Female,Desktop,22.62,6,8,0,0,1,1,16.35,12.53,1
169,54.0,Female,Tablet,19.45,9,8,0,0,0,1,14.65,0.22,1
170,50.0,Female,Desktop,6.44,10,0,5,0,0,1,6.54,12.83,1
171,59.0,Male,Mobile,5.95,11,3,1,1,0,0,7.69,14.67,1
172,41.0,Male,Tablet,26.24,2,11,1,1,0,0,27.67,71.99,1
173,32.0,Male,Mobile,13.17,9,7,6,1,1,0,7.47,28.53,1
174,49.0,Female,Desktop,19.98,17,1,8,1,0,0,17.0,9.36,1
175,49.0,Male,Tablet,15.62,0,3,7,0,1,0,12.97,75.54,1
176,41.0,Male,Mobile,22.09,8,6,1,1,1,0,28.88,94.05,1
177,58.0,Unknown,Tablet,14.9,5,6,6,1,1,1,11.77,10.05,1
178,29.0,Male,Mobile,9.33,5,4,4,0,0,0,13.07,96.31,1
179,56.0,Male,Tablet,11.54,6,6,9,1,0,0,9.64,95.03,1
180,19.0,Female,Mobile,25.91,16,5,3,1,0,1,17.98,52.31,1
181,20.0,Female,Tablet,14.57,1,1,9,0,1,0,15.15,29.58,1
182,54.0,Male,Mobile,7.19,9,8,3,1,0,1,6.37,13.81,1
183,34.0,Female,Desktop,28.1,7,4,3,1,1,1,32.25,82.39,1
184,19.0,Male,Mobile,24.1,11,1,8,0,1,0,34.12,60.47,1
185,19.0,Female,Mobile,2.61,15,5,6,0,1,1,3.76,65.13,1
186,45.0,Male,Mobile,29.97,5,9,6,1,0,1,21.8,86.09,1
187,39.0,Female,Desktop,21.15,19,4,3,1,0,0,14.01,44.39,1
188,54.0,Male,Mobile,5.65,6,0,8,1,1,1,8.14,36.81,1
189,49.0,Female,Mobile,7.88,14,0,7,0,1,0,10.34,76.23,1
190,50.0,Female,Unknown,21.08,14,9,9,1,1,1,16.06,29.72,1
191,18.0,Female,Tablet,23.61,11,9,3,0,0,1,30.81,32.79,1
0,36.0,Female,Mobile,7.93,4,6,5,1,1,1,9.84,49.5,1
193,19.0,Female,Mobile,8.45,10,9,3,1,0,0,6.37,85.64,1
194,43.0,Female,Mobile,9.91,2,12,0,0,0,1,14.3,77.91,1
195,49.0,Female,Mobile,18.34,4,1,4,0,1,0,15.07,29.14,1
196,23.0,Male,Mobile,5.98,10,6,9,1,0,0,5.86,14.36,0
197,49.0,Male,Mobile,4.02,1,13,2,1,0,0,4.46,39.28,1
198,21.0,Female,Desktop,20.69,14,5,0,0,1,1,14.3,62.46,1
199,28.0,Unknown,Desktop,23.59,0,11,1,0,0,1,14.3,67.62,1
200,34.0,Male,Mobile,15.53,12,11,1,0,0,1,18.73,20.04,1
201,55.0,Male,Mobile,11.55,19,3,7,0,0,0,6.95,24.94,1
202,41.0,Female,Desktop,13.53,12,3,3,1,0,0,11.9,93.01,1
203,22.0,Male,Mobile,12.26,5,11,2,0,0,0,13.63,38.51,1
204,51.0,Male,Desktop,28.84,4,5,3,0,0,0,41.13,31.41,1
205,23.0,Unknown,Mobile,23.27,13,8,9,1,0,1,32.37,69.57,1
206,39.0,Female,Mobile,7.03,18,9,0,1,1,0,4.71,46.79,1
207,28.0,Female,Mobile,12.14,12,5,0,1,1,0,13.48,24.68,1
208,33.0,Male,Desktop,16.78,16,5,4,1,0,1,10.03,40.93,1
209,50.0,Female,Mobile,18.78,6,10,6,1,0,1,14.91,49.5,1
210,26.0,Female,Mobile,14.58,7,0,8,1,1,0,16.0,27.96,1
211,23.0,Male,Mobile,24.49,9,4,6,1,0,1,14.24,41.85,1
212,33.0,Female,Desktop,23.26,10,14,4,0,0,0,32.3,51.8,1
213,46.0,Male,Tablet,15.65,5,0,2,0,0,1,20.8,74.17,1
214,20.0,Male,Mobile,25.78,4,10,7,1,0,1,25.09,38.49,1
215,37.0,Male,Mobile,22.78,11,13,6,0,1,1,22.59,54.57,1
216,53.0,Male,Tablet,15.74,19,8,0,0,1,0,32.57,95.1,1
217,36.0,Male,Mobile,28.74,7,9,0,1,0,1,15.82,81.83,1
218,43.0,Male,Mobile,8.73,13,3,2,0,1,0,5.62,23.7,1
219,20.0,Female,Mobile,8.76,13,1,7,0,0,0,7.08,21.35,1
220,36.0,Female,Desktop,26.78,18,8,1,0,1,1,23.15,66.27,1
0,37.0,Female,Mobile,23.39,9,5,8,0,0,0,34.79,59.53,1
222,49.0,Male,Desktop,27.87,13,13,3,1,1,0,18.04,54.69,1
223,24.0,Female,Mobile,2.83,13,10,6,0,0,1,2.27,15.42,1
224,58.0,Male,Mobile,19.2,5,12,9,0,0,1,25.5,36.26,1
225,50.0,Female,Desktop,5.19,12,9,6,1,1,0,6.67,75.94,1
226,57.0,Male,Mobile,15.61,1,2,7,0,1,0,18.03,49.5,1
227,56.0,Female,Mobile,5.52,18,12,6,1,0,0,4.57,16.52,1
228,35.0,Male,Desktop,4.71,17,11,3,0,1,0,2.91,42.69,1
229,57.0,Female,Desktop,1.35,10,1,6,0,1,1,2.0,44.27,1
230,18.0,Male,Desktop,19.28,9,5,4,1,0,0,14.49,50.86,1
231,28.0,Female,Tablet,11.41,8,9,9,1,1,1,15.34,46.12,1
232,45.0,Male,Desktop,4.05,15,5,6,1,0,0,5.65,50.17,1
233,42.0,Female,Mobile,10.36,13,13,2,0,1,0,9.75,81.31,1
234,40.0,Female,Mobile,5.9,17,11,9,1,0,1,7.97,38.95,1
235,48.0,Female,Desktop,28.31,9,11,6,1,0,1,22.05,55.2,1
236,47.0,Male,Mobile,10.28,11,8,6,0,1,1,14.29,60.68,1
237,59.0,Male,Desktop,10.68,4,4,1,1,0,0,12.13,94.23,1
238,52.0,Male,Desktop,25.36,7,10,7,0,0,1,17.61,65.47,1
0,24.0,Male,Mobile,19.78,3,14,0,0,1,0,25.45,13.07,1
240,33.0,Male,Tablet,21.59,10,0,8,1,0,0,30.52,58.25,1
241,43.0,Female,Mobile,19.44,3,11,3,1,1,1,20.81,66.19,1
242,19.0,Male,Mobile,15.74,1,8,8,0,1,0,35.85,0.95,1
243,18.0,Female,Tablet,7.0,14,12,0,1,0,0,9.06,7.53,1
244,29.0,Female,Mobile,29.68,13,4,4,0,1,0,38.21,1.9,1
245,22.0,Male,Mobile,25.1,5,1,9,1,1,1,23.96,4.83,1
246,54.0,Female,Mobile,18.08,8,0,6,1,0,0,22.42,8.97,1
247,49.0,Male,Desktop,20.21,12,8,3,0,1,0,21.19,95.78,1
248,26.0,Male,Desktop,19.82,6,9,6,0,0,0,18.13,20.67,1
249,58.0,Male,Desktop,2.69,2,0,8,1,1,0,1.79,20.46,1
250,52.0,Female,Desktop,7.32,4,2,4,0,0,1,10.31,85.74,1
251,36.0,Male,Mobile,28.88,5,14,4,1,1,1,26.42,75.28,1
252,33.0,Male,Desktop,16.5,11,11,1,1,0,0,12.2,67.58,1
253,20.0,Male,Desktop,11.97,13,5,4,0,0,0,8.89,42.17,1
254,37.0,Female,Mobile,23.1,8,9,7,0,1,0,17.14,3.12,1
255,41.0,Male,Mobile,16.21,5,3,3,0,0,0,8.15,82.65,1
256,50.0,Female,Tablet,1.38,6,13,1,1,0,1,1.29,86.08,1
257,41.0,Female,Desktop,22.35,15,8,7,1,0,1,31.08,48.18,1
258,28.0,Male,Desktop,22.23,16,14,3,0,1,1,11.67,64.49,1
259,25.0,Female,Desktop,5.79,11,1,4,0,0,1,8.43,47.77,1
260,53.0,Female,Mobile,28.74,7,13,6,1,1,1,19.52,29.62,1
261,55.0,Male,Desktop,7.49,6,10,4,1,1,1,9.13,49.5,1
262,57.0,Male,Mobile,14.27,12,11,9,0,1,0,18.34,68.86,1
263,37.0,Male,Mobile,4.33,4,14,3,0,0,0,5.35,15.46,1
0,52.0,Female,Desktop,18.5,14,11,6,1,1,0,15.52,49.5,1
265,42.0,Male,Mobile,11.89,11,3,3,1,0,1,14.31,77.6,1
266,52.0,Female,Desktop,11.24,12,0,9,0,1,0,10.94,47.56,1
267,42.0,Female,Mobile,24.98,2,6,3,1,1,0,16.29,15.69,1
268,46.0,Female,Mobile,1.28,11,13,1,1,1,0,0.9,86.97,1
269,35.0,Female,Mobile,24.14,13,3,4,1,0,1,12.7,67.39,1
270,35.0,Female,Mobile,17.57,11,4,7,0,1,1,14.62,63.25,1
271,19.0,Male,Mobile,29.6,9,14,3,1,0,0,36.35,65.17,1
272,52.0,Male,Mobile,18.09,16,11,1,0,0,0,26.58,24.51,1
273,33.0,Female,Tablet,2.61,5,0,8,1,1,1,1.65,49.23,0
274,58.0,Female,Mobile,2.47,12,1,5,1,1,1,2.11,32.6,1
275,53.0,Male,Mobile,26.61,3,11,2,0,1,0,18.13,49.5,1
276,50.0,Male,Mobile,25.4,16,3,0,0,0,1,32.03,58.88,1
277,21.0,Female,Desktop,11.03,19,1,4,1,0,1,15.66,71.73,1
278,50.0,Female,Mobile,18.92,17,13,5,0,0,0,11.62,49.5,1
279,31.0,Male,Desktop,15.2,11,13,8,0,1,0,21.33,48.37,0
280,38.0,Male,Desktop,29.05,19,12,4,0,0,0,22.41,80.49,1
281,37.0,Female,Mobile,28.55,18,0,8,1,0,1,20.64,61.54,1
282,25.0,Male,Mobile,29.53,9,9,0,0,0,0,16.44,49.5,1
283,24.0,Male,Tablet,26.13,13,0,9,1,0,0,15.17,29.07,1
284,39.0,Female,Desktop,27.38,6,5,3,0,1,1,15.59,82.7,1
285,34.0,Female,Desktop,7.3,3,1,0,0,1,1,6.91,94.12,0
286,50.0,Female,Mobile,25.1,12,2,1,1,1,0,29.08,54.8,0
287,29.0,Male,Mobile,21.56,9,4,1,1,0,0,14.76,38.55,1
288,39.0,Female,Mobile,28.92,9,2,9,0,0,0,20.75,62.5,1
289,39.0,Male,Mobile,17.57,15,5,0,1,1,1,11.82,48.35,1
290,47.0,Female,Mobile,3.47,1,6,0,1,1,1,4.53,84.17,1
291,55.0,Female,Desktop,18.32,18,9,9,0,0,0,11.67,83.3,1
292,55.0,Male,Mobile,20.91,15,5,2,0,0,0,11.99,45.62,1
293,25.0,Male,Desktop,7.39,8,1,5,1,0,1,3.97,80.46,1
294,44.0,Female,Desktop,12.43,11,8,0,0,1,1,6.71,19.3,1
295,44.0,Female,Mobile,18.36,17,1,0,1,0,0,19.22,37.39,1
296,51.0,Male,Desktop,11.85,14,5,2,1,0,1,7.04,7.96,1
0,38.0,Female,Mobile,11.87,19,8,8,1,1,1,8.58,80.78,0
298,47.0,Male,Desktop,4.86,5,8,1,0,0,0,6.48,97.52,1
299,50.0,Male,Mobile,28.28,2,1,5,1,0,1,41.52,57.68,1
300,45.0,Female,Mobile,22.76,15,8,2,0,1,1,30.97,76.65,1
301,50.0,Male,Desktop,1.04,19,7,5,1,0,1,1.52,40.16,1
302,22.0,Male,Mobile,23.2,16,13,6,1,0,1,27.15,56.16,1
303,36.0,Male,Tablet,22.45,13,6,6,1,0,0,33.39,34.74,1
304,21.0,Female,Mobile,1.28,0,12,1,0,1,1,1.28,69.68,1
305,52.0,Male,Mobile,11.72,0,10,2,0,1,1,15.17,24.62,1
306,34.0,Female,Mobile,18.6,19,7,3,1,0,0,27.37,15.32,1
307,45.0,Female,Mobile,14.13,7,9,7,1,0,1,17.09,89.86,1
308,47.0,Female,Mobile,23.56,12,7,4,0,0,0,34.32,86.43,1
309,46.0,Male,Desktop,13.34,13,0,0,1,1,1,10.05,83.5,1
310,23.0,Male,Desktop,5.46,13,8,8,0,0,1,4.37,82.15,1
311,52.0,Female,Desktop,29.32,14,5,0,1,1,1,26.31,72.95,1
312,58.0,Female,Tablet,8.02,15,0,1,1,0,0,7.74,87.48,1
313,54.0,Male,Mobile,21.81,2,0,6,0,1,1,30.48,21.02,1
314,41.0,Female,Desktop,5.15,6,12,2,0,1,0,7.15,87.04,1
315,46.0,Female,Mobile,10.54,9,6,5,0,0,0,12.2,91.78,1
316,48.0,Male,Desktop,13.82,15,9,7,1,1,1,10.12,71.6,1
317,52.0,Female,Mobile,6.57,16,1,4,1,0,1,4.86,59.94,1
318,50.0,Unknown,Tablet,14.05,2,5,0,0,1,0,15.9,23.61,1
319,38.0,Male,Desktop,5.56,3,12,9,1,0,0,5.58,86.62,1
320,49.0,Female,Tablet,17.21,8,4,2,1,1,0,13.05,57.68,1
321,40.0,Male,Desktop,20.25,8,4,1,1,1,0,13.53,61.07,1
322,50.0,Male,Tablet,2.81,7,9,5,0,1,0,3.44,60.66,1
323,20.0,Male,Desktop,26.26,11,14,4,0,1,0,34.49,86.68,1
324,35.0,Female,Mobile,6.37,13,11,6,1,0,0,4.85,13.7,1
325,42.0,Female,Mobile,7.54,0,5,1,1,1,0,6.97,6.17,1
326,59.0,Female,Mobile,20.18,9,13,5,1,1,0,24.49,22.4,1
327,48.0,Male,Mobile,14.59,16,10,4,0,1,1,14.14,49.18,1
328,20.0,Male,Mobile,15.48,5,7,5,0,1,0,22.62,46.94,1
329,57.0,Female,Mobile,4.72,14,4,4,0,1,0,2.97,51.2,1
330,41.0,Female,Mobile,24.37,1,7,6,0,0,0,33.01,11.43,1
331,49.0,Male,Tablet,18.89,19,4,4,0,0,0,15.23,79.29,1
332,39.0,Female,Tablet,15.74,17,9,6,1,0,1,5.85,30.21,1
333,40.0,Female,Mobile,11.85,14,14,0,1,1,0,8.93,91.32,1
334,19.0,Female,Mobile,24.5,13,5,8,0,0,1,35.93,84.0,1
335,44.0,Female,Mobile,17.48,8,7,5,0,0,1,9.62,6.35,1
336,59.0,Female,Mobile,4.15,3,1,8,0,1,1,4.21,5.36,1
337,19.0,Male,Desktop,11.81,1,6,0,0,0,1,16.66,62.9,1
338,43.0,Female,Mobile,8.04,19,2,1,1,1,0,7.8,7.73,1
339,34.0,Female,Mobile,16.01,15,8,6,1,0,1,21.46,57.18,1
340,57.0,Male,Desktop,25.46,8,9,3,1,0,0,36.91,7.92,1
341,50.0,Male,Desktop,13.65,9,6,0,1,0,0,7.75,47.93,1
342,26.0,Male,Mobile,13.57,13,14,0,0,0,0,13.42,41.91,1
343,56.0,Male,Desktop,27.26,12,2,4,0,1,1,32.34,59.09,1
344,46.0,Female,Mobile,17.71,9,14,0,0,0,1,23.59,35.62,1
345,59.0,Female,Mobile,17.42,11,7,5,1,1,0,11.55,14.0,1
346,43.0,Female,Mobile,8.6,5,9,6,1,1,1,9.17,84.21,1
347,52.0,Female,Mobile,18.62,19,1,2,1,0,1,12.34,29.93,1
348,42.0,Male,Mobile,15.74,18,9,5,1,1,1,22.22,6.75,1
349,39.0,Male,Mobile,12.51,11,11,1,1,1,0,9.82,50.06,1
350,30.0,Female,Desktop,29.73,11,7,9,0,1,1,22.86,87.77,1
351,24.0,Female,Desktop,26.57,6,6,3,1,1,0,33.74,28.07,1
352,53.0,Female,Unknown,22.74,1,11,9,1,0,1,30.52,45.08,1
353,37.0,Female,Mobile,16.58,9,4,8,1,1,1,13.98,40.26,1
354,18.0,Male,Desktop,14.4,7,3,6,0,1,1,14.42,4.84,1
355,25.0,Female,Mobile,6.36,6,10,1,1,0,0,7.59,86.83,1
356,33.0,Male,Tablet,9.87,10,9,0,1,1,1,12.29,75.89,1
357,31.0,Male,Desktop,23.44,5,11,3,0,1,0,29.77,49.5,1
358,29.0,Male,Mobile,14.16,1,13,7,0,1,0,12.61,13.22,1
359,40.0,Male,Mobile,26.59,15,9,7,0,1,1,27.56,1.06,1
360,32.0,Female,Mobile,5.29,5,0,0,1,0,1,3.22,98.57,0
361,45.0,Female,Mobile,15.74,6,12,7,1,0,0,22.8,41.62,1
362,51.0,Female,Mobile,19.76,5,3,9,1,0,0,23.74,93.04,1
363,19.0,Female,Desktop,15.99,17,5,6,1,1,1,14.0,42.01,1
364,49.0,Unknown,Mobile,26.79,18,14,0,0,0,1,23.83,10.38,1
365,40.0,Male,Mobile,15.74,4,5,2,0,0,1,17.54,34.33,1
366,39.0,Male,Mobile,4.36,2,1,4,0,1,0,4.17,41.82,1
0,42.0,Female,Mobile,4.77,8,8,2,0,1,1,5.6,17.66,1
368,39.0,Male,Mobile,4.78,5,12,2,1,1,1,6.94,5.35,1
369,39.0,Male,Mobile,20.75,4,12,0,0,1,0,23.81,31.65,1
370,59.0,Male,Mobile,11.81,14,0,7,1,1,0,13.59,53.93,1
371,23.0,Male,Desktop,22.27,4,3,8,1,0,1,28.65,25.53,1
372,32.0,Female,Mobile,12.76,8,3,4,0,1,0,12.89,95.87,1
373,54.0,Male,Desktop,19.2,3,1,0,0,1,0,10.22,48.14,1
374,50.0,Male,Mobile,23.33,14,7,0,1,1,1,32.43,13.03,1
375,25.0,Female,Mobile,16.9,18,10,8,1,0,1,15.25,41.35,1
376,22.0,Female,Mobile,16.65,12,1,0,0,1,0,24.72,70.77,1
377,56.0,Female,Desktop,3.56,15,1,8,1,0,0,3.23,48.71,1
378,21.0,Male,Mobile,12.91,9,14,2,1,0,1,15.08,33.12,1
379,23.0,Unknown,Mobile,16.83,2,1,2,1,1,1,16.15,10.63,1
380,49.0,Male,Mobile,14.4,1,14,3,0,0,0,10.55,45.96,1
381,47.0,Male,Mobile,27.12,15,0,4,1,1,0,38.8,9.74,1
382,52.0,Female,Mobile,27.29,15,12,5,1,0,1,30.76,37.09,1
383,57.0,Male,Desktop,24.84,8,4,5,1,1,1,23.61,11.62,1
384,33.0,Male,Mobile,15.74,3,10,9,0,1,0,7.65,67.62,1
385,30.0,Female,Desktop,21.8,2,3,8,0,1,0,32.68,49.5,1
386,59.0,Female,Mobile,12.46,4,1,0,0,0,1,17.38,24.35,1
387,47.0,Female,Desktop,7.75,18,0,8,1,0,1,7.15,7.47,1
388,36.0,Male,Desktop,15.74,12,0,3,1,0,1,7.35,34.7,1
389,34.0,Male,Mobile,3.06,18,1,6,0,0,1,1.62,56.05,1
0,36.0,Male,Desktop,10.62,10,0,5,1,1,0,6.92,76.79,1
391,45.0,Male,Desktop,14.36,8,8,8,1,0,0,14.85,40.29,1
392,43.0,Male,Mobile,28.71,18,14,1,0,0,1,37.78,36.59,1
393,54.0,Female,Mobile,10.09,17,1,1,0,0,1,8.71,90.83,1
394,43.0,Female,Desktop,27.17,19,2,6,1,0,0,25.38,44.97,1
395,40.0,Male,Mobile,7.64,6,8,8,0,0,1,7.44,44.72,1
396,26.0,Male,Mobile,6.54,14,4,4,0,0,0,3.38,41.0,1
397,39.0,Male,Desktop,16.05,5,13,6,1,0,0,10.87,36.32,1
398,18.0,Male,Mobile,20.5,8,12,7,1,0,1,20.52,72.85,1
399,18.0,Male,Desktop,2.29,8,7,7,0,0,0,1.78,28.18,1
400,51.0,Female,Desktop,7.41,18,6,3,0,1,0,7.58,37.88,1
401,49.0,Female,Tablet,14.21,9,14,9,1,1,0,8.64,28.23,1
402,42.0,Female,Mobile,10.6,14,13,6,1,1,1,13.81,57.03,1
403,57.0,Male,Mobile,21.67,14,5,0,1,0,1,27.82,96.04,0
404,18.0,Male,Mobile,15.82,14,12,3,0,1,0,18.51,39.03,1
405,33.0,Female,Mobile,5.65,17,1,4,0,1,0,5.83,96.82,1
406,56.0,Female,Mobile,26.94,2,13,0,1,1,1,23.97,65.67,1
407,22.0,Male,Mobile,9.49,14,12,6,1,1,0,11.22,79.54,1
408,39.0,Female,Mobile,22.2,12,3,5,1,1,1,28.46,33.3,1
409,46.0,Female,Mobile,23.62,16,8,3,1,1,0,30.91,22.44,1
410,20.0,Male,Desktop,28.93,6,6,2,0,1,0,24.52,49.5,1
411,29.0,Female,Desktop,15.46,18,2,5,0,0,1,10.73,99.08,1
412,43.0,Female,Desktop,15.74,7,5,9,0,0,1,15.88,71.02,1
413,33.0,Female,Tablet,10.71,2,0,4,1,0,0,5.44,68.16,0
414,54.0,Male,Mobile,20.67,13,7,2,1,1,1,19.08,45.01,1
415,39.0,Female,Tablet,14.44,8,7,3,1,0,1,11.17,87.95,1
416,46.0,Female,Desktop,13.69,12,12,1,0,0,1,17.66,69.7,1
417,31.0,Female,Mobile,25.81,1,7,8,1,1,0,30.32,67.49,1
418,45.0,Male,Unknown,2.45,9,9,0,0,1,0,1.29,29.25,1
419,22.0,Male,Mobile,26.58,8,14,9,0,1,1,17.13,95.77,1
420,47.0,Female,Mobile,25.71,9,5,2,1,1,1,26.79,25.04,1
421,22.0,Male,Mobile,15.68,0,10,7,1,0,0,17.53,52.37,1
422,29.0,Female,Mobile,15.22,13,14,7,1,0,1,19.31,33.96,1
423,33.0,Male,Desktop,11.49,14,9,0,1,1,0,16.87,18.08,1
424,43.0,Male,Mobile,29.83,4,10,4,1,1,0,35.85,14.41,1
425,43.0,Female,Mobile,4.22,17,2,4,0,1,0,4.41,29.29,1
426,38.0,Female,Desktop,18.12,9,8,2,0,0,0,16.57,68.9,1
427,56.0,Female,Mobile,20.77,15,13,1,1,1,0,25.72,97.48,1
428,53.0,Male,Tablet,28.1,4,13,0,1,0,1,40.32,85.33,1
429,50.0,Female,Mobile,23.63,2,13,3,1,1,1,21.81,21.8,1
430,47.0,Male,Tablet,19.67,13,2,0,1,0,1,21.33,7.84,1
431,54.0,Male,Mobile,4.39,4,11,1,1,0,0,3.1,68.67,1
432,40.0,Female,Mobile,11.84,18,11,4,0,1,0,16.07,3.0,1
433,27.0,Male,Mobile,5.03,16,14,9,0,1,1,6.1,85.91,1
434,22.0,Female,Desktop,26.56,10,3,1,0,0,1,22.7,82.55,1
435,53.0,Male,Desktop,22.74,2,0,0,0,0,0,31.25,79.37,1
436,51.0,Female,Unknown,22.97,14,9,9,1,0,0,33.79,55.24,1
437,48.0,Male,Tablet,19.92,2,0,9,1,1,1,15.71,97.35,1
438,27.0,Male,Mobile,15.7,18,1,9,1,1,1,10.78,45.84,1
439,36.0,Female,Desktop,5.35,1,5,9,0,0,0,7.13,98.65,1
440,49.0,Male,Desktop,10.56,13,13,8,0,1,0,11.43,88.19,1
441,18.0,Female,Mobile,4.97,6,12,1,1,1,0,6.88,12.65,1
442,22.0,Male,Mobile,22.02,17,13,9,0,0,0,18.66,89.49,1
443,21.0,Male,Tablet,5.65,17,11,3,1,0,0,6.11,30.49,1
444,33.0,Male,Tablet,21.36,11,0,2,1,0,1,23.01,76.83,1
445,41.0,Female,Tablet,21.08,6,11,0,1,0,0,14.51,0.02,1
446,33.0,Female,Tablet,14.32,3,8,7,1,0,1,21.36,27.58,1
447,19.0,Female,Mobile,4.92,14,7,0,0,1,0,5.73,75.84,1
448,45.0,Female,Desktop,10.13,6,1,7,1,0,0,11.79,97.23,1
449,49.0,Female,Mobile,10.28,17,13,0,1,0,0,8.19,17.1,1
450,44.0,Male,Tablet,21.31,3,1,5,1,1,0,24.51,45.94,1
451,37.0,Male,Unknown,4.3,17,7,3,0,1,0,5.73,58.72,1
452,41.0,Female,Mobile,25.04,19,11,2,1,0,0,32.89,95.26,1
453,29.0,Male,Mobile,23.07,18,10,0,0,0,1,32.75,45.33,1
454,52.0,Male,Mobile,6.4,5,7,9,1,0,0,4.15,93.35,1
455,50.0,Male,Mobile,21.86,15,0,0,1,0,0,14.93,97.82,1
456,50.0,Male,Desktop,20.39,3,13,6,0,1,0,24.68,94.16,1
457,54.0,Female,Desktop,22.7,8,4,5,1,1,0,29.69,74.87,1
458,29.0,Male,Mobile,6.48,7,14,2,1,0,0,7.61,12.62,1
459,20.0,Female,Desktop,5.57,18,10,1,1,1,0,3.58,60.24,1
460,18.0,Female,Desktop,7.86,10,1,9,1,1,0,8.61,75.35,1
0,50.0,Male,Mobile,11.61,10,0,2,1,0,1,14.49,95.49,1
462,57.0,Female,Mobile,24.02,19,2,7,1,1,1,15.3,77.8,1
463,27.0,Male,Desktop,22.4,1,14,6,1,0,1,12.45,53.89,1
464,46.0,Male,Desktop,27.84,2,12,6,0,1,1,21.01,20.52,1
465,30.0,Male,Mobile,2.7,1,2,4,1,0,1,1.6,45.71,1
466,29.0,Female,Desktop,1.34,9,12,9,1,0,1,0.87,63.83,1
467,48.0,Female,Mobile,21.28,15,9,2,1,0,1,14.97,32.46,1
468,19.0,Female,Mobile,9.1,18,8,0,0,1,1,9.38,45.65,1
469,52.0,Male,Mobile,10.69,18,9,0,1,1,0,7.01,1.74,1
470,40.0,Male,Mobile,16.86,7,0,5,1,1,1,18.62,87.9,1
0,34.0,Male,Desktop,3.97,0,10,3,1,0,1,3.14,3.48,1
472,43.0,Female,Tablet,19.64,18,1,6,0,1,1,15.92,40.93,1
473,25.0,Male,Mobile,10.43,19,8,9,1,1,1,15.3,51.1,1
474,46.0,Male,Mobile,19.35,5,13,9,0,0,0,25.25,97.24,1
475,43.0,Female,Desktop,25.19,0,4,9,0,0,1,23.28,93.52,1
476,27.0,Female,Desktop,15.74,18,8,0,1,0,0,5.65,64.64,1
477,43.0,Female,Desktop,28.0,13,5,5,1,1,1,17.21,58.41,1
478,51.0,Male,Desktop,16.39,5,9,6,0,0,1,22.04,36.66,1
479,58.0,Male,Mobile,27.76,15,9,0,1,0,0,13.99,4.11,1
480,24.0,Male,Desktop,7.02,19,2,1,0,1,0,4.52,26.77,1
481,21.0,Female,Mobile,18.53,11,7,8,1,1,0,19.16,84.77,1
482,28.0,Female,Mobile,12.71,9,12,8,0,1,1,8.75,64.83,1
483,46.0,Female,Mobile,23.45,16,8,5,0,0,0,26.56,81.44,1
484,53.0,Female,Mobile,18.57,11,1,3,1,0,0,9.35,83.7,1
485,42.0,Male,Tablet,15.34,2,8,6,0,1,0,9.18,6.22,1
486,38.0,Male,Desktop,27.48,8,3,4,1,0,0,34.75,33.71,1
487,53.0,Male,Mobile,11.94,5,7,2,0,0,0,12.85,67.6,1
488,27.0,Male,Mobile,7.38,11,4,3,0,1,0,3.83,85.31,1
489,54.0,Male,Mobile,18.63,11,12,1,1,1,0,13.15,80.14,1
490,26.0,Male,Mobile,19.1,9,5,5,0,0,1,14.11,42.21,1
491,41.0,Male,Desktop,13.73,11,3,2,0,1,0,18.52,93.21,1
492,52.0,Male,Tablet,15.11,5,4,6,1,0,1,16.36,30.07,1
493,52.0,Female,Tablet,28.83,9,11,3,0,1,0,30.02,37.58,1
494,53.0,Female,Desktop,22.25,1,0,7,0,1,1,13.05,18.14,1
495,35.0,Male,Desktop,4.21,10,14,0,0,0,0,4.87,22.69,1
496,56.0,Female,Mobile,7.15,8,11,8,0,0,0,4.69,0.87,1
497,49.0,Male,Mobile,29.29,19,2,2,0,0,1,14.3,30.85,1
0,41.0,Male,Mobile,22.07,16,13,2,1,1,1,14.3,30.66,1
499,40.0,Female,Mobile,27.54,13,3,4,1,0,1,36.96,6.73,1
500,49.0,Male,Desktop,9.81,5,0,9,1,1,0,12.82,34.05,1
501,54.0,Male,Mobile,22.51,18,12,0,0,0,1,15.53,30.14,1
502,29.0,Male,Mobile,21.71,9,2,2,1,0,0,30.75,79.91,1
503,30.0,Male,Mobile,9.55,4,3,3,0,0,0,4.8,15.62,1
504,40.0,Male,Tablet,16.97,14,13,1,1,0,0,14.09,72.51,1
505,42.0,Male,Mobile,19.2,7,13,5,1,0,0,10.87,13.0,1
506,52.0,Male,Desktop,14.95,12,8,9,0,0,0,18.25,49.62,1
507,58.0,Female,Desktop,24.99,7,2,3,1,0,0,25.0,73.64,1
508,47.0,Female,Mobile,25.15,11,10,0,0,0,0,16.97,60.65,1
509,34.0,Male,Mobile,25.67,15,2,2,0,1,1,15.02,64.59,1
510,37.0,Female,Desktop,24.3,7,3,6,0,1,0,17.64,20.64,1
511,42.0,Unknown,Mobile,15.15,17,8,2,0,1,0,21.52,82.74,1
512,39.0,Male,Tablet,12.06,5,8,0,1,0,0,14.2,95.21,1
513,30.0,Male,Mobile,25.11,8,0,5,0,1,1,18.64,15.44,1
514,36.0,Male,Mobile,15.22,10,14,0,0,1,1,21.21,88.83,1
515,53.0,Female,Desktop,8.14,6,7,1,0,0,1,5.18,49.5,1
516,29.0,Unknown,Desktop,15.71,2,9,9,0,0,0,18.67,69.88,1
517,58.0,Unknown,Tablet,5.11,5,12,5,1,1,0,4.73,50.67,1
518,36.0,Female,Desktop,21.06,10,0,1,0,1,1,16.18,79.33,1
519,29.0,Male,Tablet,10.74,3,1,1,1,1,0,8.19,4.53,1
520,26.0,Female,Desktop,8.56,13,9,3,1,1,1,8.57,32.37,1
521,24.0,Male,Desktop,28.74,16,0,7,0,0,1,41.14,4.75,1
522,45.0,Male,Mobile,23.53,15,4,5,1,0,0,29.23,94.17,1
523,31.0,Female,Mobile,23.83,2,10,7,0,1,1,27.69,17.02,1
524,48.0,Male,Tablet,19.09,3,12,3,0,1,0,26.26,42.46,1
525,36.0,Female,Mobile,25.34,18,14,2,0,1,1,27.12,64.14,1
526,33.0,Female,Mobile,23.02,15,10,6,1,1,0,15.93,46.15,1
527,22.0,Female,Mobile,18.36,5,13,6,0,0,1,27.12,53.65,1
528,52.0,Female,Mobile,28.87,11,11,1,1,0,1,29.87,20.4,1
529,29.0,Female,Mobile,6.56,3,12,0,0,1,0,5.35,6.7,1
530,42.0,Male,Mobile,28.36,9,5,7,0,0,1,36.25,25.74,1
531,38.0,Female,Desktop,12.64,7,1,2,0,1,1,12.18,31.72,1
532,53.0,Female,Mobile,16.32,2,9,5,1,1,1,8.36,41.58,1
533,40.0,Male,Mobile,4.56,15,4,6,0,1,0,3.74,29.6,1
534,33.0,Female,Mobile,16.66,12,2,7,1,0,1,15.95,3.58,1
535,56.0,Female,Mobile,18.72,16,6,5,0,0,0,16.34,9.46,1
536,59.0,Male,Mobile,29.93,16,11,6,1,1,1,31.48,67.38,1
537,56.0,Male,Desktop,29.28,16,11,4,0,1,1,20.01,6.32,1
538,31.0,Female,Mobile,29.03,19,0,2,0,0,1,31.13,4.62,1
539,48.0,Male,Tablet,11.1,3,4,1,1,0,0,16.5,81.18,1
540,22.0,Female,Mobile,29.75,4,11,6,0,1,1,37.3,4.12,1
541,52.0,Male,Mobile,14.21,1,2,7,0,1,0,16.83,6.87,1
542,40.0,Female,Mobile,25.7,0,10,7,0,1,1,18.01,54.95,1
543,46.0,Unknown,Mobile,7.27,15,1,2,1,1,0,7.86,44.28,1
544,28.0,Female,Desktop,15.67,5,11,1,1,0,1,20.68,96.45,1
545,35.0,Male,Desktop,29.01,12,11,8,1,0,1,14.3,93.68,1
0,29.0,Female,Desktop,28.46,4,2,5,1,0,1,16.7,66.02,1
547,26.0,Male,Mobile,20.83,15,9,0,0,0,1,24.2,7.19,1
0,27.0,Female,Mobile,24.14,6,3,0,0,0,0,28.33,50.32,1
549,34.0,Female,Mobile,6.12,5,14,4,1,0,1,7.98,4.51,1
550,55.0,Female,Tablet,21.93,11,14,0,0,1,0,24.77,90.79,1
551,24.0,Unknown,Mobile,18.92,14,10,1,1,0,0,25.51,66.0,1
552,30.0,Female,Desktop,3.66,11,1,8,0,1,0,2.8,57.39,0
553,57.0,Male,Mobile,4.28,9,1,9,1,0,1,2.29,42.79,1
554,59.0,Male,Mobile,4.14,10,2,9,1,0,0,5.1,50.97,1
555,26.0,Male,Mobile,22.01,6,1,2,1,0,0,19.5,40.03,1
556,44.0,Female,Mobile,5.11,11,13,7,0,0,0,3.63,9.96,1
557,19.0,Female,Desktop,14.56,9,5,9,1,1,0,8.03,66.1,1
558,22.0,Male,Mobile,11.35,5,1,7,1,1,0,14.25,99.64,1
559,46.0,Female,Desktop,16.96,10,0,4,0,1,1,22.49,11.25,1
560,54.0,Female,Mobile,21.49,14,7,7,0,0,1,19.11,99.42,1
561,55.0,Female,Tablet,20.86,6,9,1,0,0,1,28.89,89.96,1
562,36.0,Male,Unknown,15.95,4,14,1,1,0,1,14.6,89.42,1
563,25.0,Male,Desktop,14.47,10,3,3,0,1,1,21.0,83.12,1
564,18.0,Male,Desktop,12.54,11,1,7,1,1,0,18.6,92.36,1
565,39.0,Male,Tablet,15.74,16,3,1,0,0,1,34.26,24.64,1
566,34.0,Male,Mobile,10.59,7,10,3,1,0,1,8.01,43.72,1
567,24.0,Female,Desktop,8.52,18,1,0,1,1,0,7.38,47.98,1
568,42.0,Female,Mobile,22.56,7,10,2,1,0,1,23.3,6.8,1
569,21.0,Female,Mobile,11.43,15,4,7,0,1,1,9.47,98.1,1
570,53.0,Female,Mobile,25.56,19,6,1,1,0,0,33.71,68.94,1
571,23.0,Male,Mobile,10.51,18,5,0,1,1,1,15.0,45.16,1
572,48.0,Male,Tablet,21.36,15,1,5,1,1,1,31.74,99.23,1
573,36.0,Female,Mobile,2.31,18,10,7,0,1,1,1.93,27.22,1
574,56.0,Male,Mobile,12.18,0,12,8,0,1,1,9.38,33.7,1
575,44.0,Female,Desktop,10.95,1,3,9,0,1,0,7.24,19.09,1
576,27.0,Female,Mobile,24.68,1,7,7,1,0,1,13.51,18.65,1
577,43.0,Female,Desktop,29.04,7,11,1,1,0,0,19.66,18.85,1
578,36.0,Female,Mobile,14.37,10,13,0,0,1,1,11.27,61.08,1
579,56.0,Male,Mobile,15.74,12,13,6,1,1,0,22.21,29.41,1
580,20.0,Female,Unknown,21.29,0,6,6,0,0,1,12.98,95.17,1
581,30.0,Male,Tablet,29.05,17,6,2,0,1,1,38.35,81.67,1
582,45.0,Female,Desktop,24.52,14,11,5,0,1,0,27.44,16.12,1
583,37.0,Female,Tablet,3.25,17,11,6,0,1,1,3.45,83.4,1
584,45.0,Female,Mobile,21.69,6,3,8,0,1,0,22.67,34.57,1
585,25.0,Female,Mobile,16.53,17,0,0,0,0,0,13.06,22.78,1
586,58.0,Male,Mobile,1.48,8,6,2,0,0,0,2.13,78.21,1
587,56.0,Female,Mobile,8.29,13,5,4,1,0,0,6.07,85.7,1
588,18.0,Male,Mobile,27.73,16,7,2,1,0,0,32.41,96.04,1
589,20.0,Female,Desktop,27.86,12,10,7,0,1,0,20.98,42.02,1
590,30.0,Female,Mobile,24.17,17,12,9,1,0,1,36.0,56.21,1
591,45.0,Female,Mobile,29.47,0,4,5,0,0,1,41.6,61.49,1
592,42.0,Male,Desktop,24.39,8,7,1,1,0,1,18.65,62.77,1
593,50.0,Unknown,Unknown,1.3,18,9,0,0,1,1,1.93,40.22,1
594,55.0,Female,Mobile,9.35,11,10,9,1,1,0,10.53,15.24,1
595,23.0,Female,Mobile,1.89,13,13,4,0,0,1,2.32,7.04,1
596,49.0,Female,Mobile,3.73,12,7,8,1,0,0,2.92,90.6,1
597,38.0,Female,Mobile,7.35,15,8,9,0,1,0,5.26,36.66,1
598,33.0,Male,Desktop,15.6,3,0,8,0,1,1,21.19,18.07,1
599,38.0,Male,Mobile,25.58,3,2,0,1,0,0,19.83,98.36,1
600,28.0,Female,Desktop,26.0,6,11,2,0,0,0,36.86,80.29,1
601,54.0,Female,Desktop,18.87,3,11,5,0,0,0,16.35,98.12,1
602,53.0,Male,Desktop,27.92,9,10,4,0,1,0,14.22,27.88,1
603,52.0,Female,Mobile,15.5,11,5,3,0,0,0,16.93,46.32,1
604,36.0,Male,Mobile,26.78,8,12,1,1,0,1,22.86,80.87,1
605,37.0,Female,Desktop,14.17,4,3,3,1,0,1,20.91,55.19,1
606,35.0,Female,Mobile,9.04,15,7,4,1,0,1,8.02,35.5,1
607,58.0,Male,Mobile,27.58,5,9,1,1,0,0,22.46,15.84,1
608,31.0,Female,Mobile,12.25,7,13,9,0,1,0,13.06,56.18,1
609,32.0,Male,Mobile,15.6,0,13,0,0,1,0,19.19,59.84,1
610,48.0,Male,Desktop,10.54,7,0,6,1,1,0,15.46,72.07,1
611,18.0,Male,Mobile,20.22,8,14,6,1,1,1,11.52,79.05,1
612,20.0,Female,Mobile,29.86,4,11,7,1,1,1,27.46,11.81,1
613,33.0,Male,Mobile,1.74,1,4,0,0,1,1,2.02,62.8,1
614,40.0,Male,Mobile,27.1,5,13,5,0,1,0,13.68,78.14,1
615,28.0,Female,Desktop,1.11,11,3,0,1,1,1,1.1,38.9,1
616,29.0,Unknown,Desktop,11.56,4,11,7,1,1,0,15.1,27.56,1
617,27.0,Female,Mobile,5.89,2,0,1,1,0,0,3.24,47.97,1
618,49.0,Female,Mobile,22.96,17,9,2,0,0,0,19.3,31.01,1
619,33.0,Unknown,Mobile,2.47,12,5,7,1,1,1,2.23,50.99,1
620,25.0,Female,Desktop,15.74,2,14,3,1,1,0,20.74,30.85,1
621,55.0,Male,Mobile,9.55,9,9,4,0,0,0,7.6,42.27,1
622,29.0,Female,Desktop,4.88,6,12,8,1,0,1,3.64,91.51,1
623,41.0,Male,Mobile,23.38,6,14,6,1,0,0,14.39,91.66,1
624,45.0,Female,Desktop,7.31,18,2,9,1,1,0,10.93,49.5,1
625,25.0,Male,Unknown,7.49,3,10,6,0,0,1,7.28,48.61,1
626,45.0,Male,Desktop,8.98,15,14,0,0,1,0,4.92,16.8,1
627,53.0,Female,Mobile,18.02,7,10,0,0,1,0,10.39,88.9,1
628,43.0,Female,Desktop,20.13,13,4,7,0,0,1,12.64,59.68,1
629,25.0,Male,Mobile,1.51,10,5,9,1,1,0,1.07,74.77,1
630,45.0,Female,Mobile,8.01,4,3,0,0,0,0,9.94,16.26,1
631,45.0,Female,Desktop,13.5,16,9,9,0,0,1,14.29,31.97,1
632,54.0,Male,Mobile,10.63,9,9,1,0,0,0,13.57,27.52,1
633,58.0,Male,Desktop,26.64,10,11,3,0,0,0,13.85,55.98,1
634,53.0,Male,Desktop,23.84,19,5,8,1,0,0,18.24,99.72,1
635,44.0,Female,Mobile,19.15,17,6,6,0,0,0,17.34,61.23,1
636,34.0,Female,Mobile,15.74,1,1,6,0,0,1,10.03,57.29,1
637,26.0,Female,Mobile,21.32,13,13,9,0,0,1,11.8,75.91,1
638,50.0,Female,Mobile,25.47,4,14,6,0,1,1,25.76,32.88,1
639,37.0,Male,Mobile,18.25,15,6,4,0,0,1,14.36,25.32,1
640,30.0,Female,Desktop,23.75,10,6,0,1,1,0,16.42,83.8,1
641,45.0,Male,Mobile,22.72,9,1,4,0,0,0,26.61,96.06,1
642,46.0,Female,Mobile,17.58,8,2,7,0,1,0,10.26,42.14,1
643,30.0,Female,Mobile,10.05,6,2,6,1,0,0,13.74,4.13,1
644,52.0,Male,Mobile,22.63,10,0,6,0,1,0,31.68,17.92,1
645,23.0,Female,Mobile,7.0,17,0,1,1,1,1,5.78,85.7,1
646,35.0,Female,Desktop,23.61,5,9,0,1,1,0,35.11,12.16,1
647,22.0,Male,Desktop,24.33,14,0,3,1,1,1,21.93,76.3,1
648,42.0,Female,Mobile,24.84,17,5,7,1,0,0,36.32,62.02,1
649,19.0,Male,Tablet,14.71,11,8,0,1,1,1,21.87,72.67,1
650,27.0,Unknown,Mobile,6.58,4,8,1,1,1,0,8.73,25.66,1
651,47.0,Male,Tablet,3.89,17,10,6,0,0,1,2.43,1.83,1
652,39.0,Male,Desktop,22.56,2,13,4,1,1,1,24.46,3.98,1
653,50.0,Female,Desktop,26.7,1,0,5,0,0,1,32.89,72.48,1
654,18.0,Female,Mobile,19.87,18,11,7,1,0,0,11.47,61.34,1
655,35.0,Female,Mobile,5.18,7,0,8,0,1,0,7.22,84.05,1
656,49.0,Male,Mobile,28.11,6,5,7,1,0,1,38.0,39.92,1
657,28.0,Female,Desktop,29.68,6,3,0,0,0,1,42.56,55.56,1
658,38.0,Female,Mobile,13.57,14,10,3,1,0,0,13.76,78.35,1
659,43.0,Female,Desktop,18.25,12,0,4,0,1,1,15.04,49.67,1
660,42.0,Female,Mobile,23.54,14,8,8,0,1,0,23.69,99.33,1
661,39.0,Male,Desktop,22.36,14,9,5,0,1,1,27.49,74.29,1
662,44.0,Male,Mobile,29.07,12,4,5,1,1,0,26.63,68.33,1
663,30.0,Female,Mobile,4.33,9,7,2,0,1,1,14.3,80.15,1
664,50.0,Male,Mobile,15.74,9,3,1,1,0,1,10.29,77.72,1
665,51.0,Female,Mobile,21.07,2,3,1,0,0,1,19.96,21.97,1
666,58.0,Female,Mobile,26.81,18,5,6,1,1,1,23.94,21.04,1
667,52.0,Female,Desktop,26.35,5,5,0,1,1,0,14.3,60.61,1
668,18.0,Male,Mobile,29.36,12,2,9,0,0,0,27.56,43.6,1
669,38.0,Female,Mobile,15.85,14,14,0,0,0,0,7.99,87.16,1
670,23.0,Male,Desktop,25.09,13,1,4,1,0,0,24.7,29.01,1
671,45.0,Male,Mobile,13.39,3,10,0,1,0,1,17.06,33.09,1
672,34.0,Female,Tablet,13.25,15,8,8,1,0,0,19.15,16.63,1
0,22.0,Male,Tablet,8.35,15,1,7,0,1,0,5.79,98.17,1
674,48.0,Male,Mobile,24.73,3,8,3,0,1,0,22.81,11.6,1
675,22.0,Female,Mobile,29.59,19,11,0,0,0,1,39.87,98.29,1
676,55.0,Male,Mobile,8.43,15,10,7,0,0,0,4.58,70.64,1
677,20.0,Male,Desktop,2.63,19,0,4,0,1,0,2.24,8.92,1
678,40.0,Female,Mobile,24.65,8,7,0,0,1,0,26.9,15.2,1
679,54.0,Female,Desktop,18.99,13,10,1,0,0,0,16.0,32.7,1
680,54.0,Male,Desktop,28.83,10,12,4,1,0,1,28.52,26.03,1
681,27.0,Female,Mobile,8.31,2,9,8,1,1,0,11.96,97.31,1
682,27.0,Female,Desktop,3.06,11,6,9,0,0,1,1.6,61.33,1
683,36.0,Male,Desktop,15.28,19,11,7,0,1,0,8.83,7.44,1
684,34.0,Male,Mobile,3.48,9,4,9,0,0,1,2.43,52.54,1
685,38.0,Female,Desktop,8.59,9,12,7,1,0,1,7.6,89.71,1
686,31.0,Male,Desktop,4.65,6,2,8,1,1,0,4.51,41.62,1
687,26.0,Female,Mobile,7.5,10,1,1,0,0,0,4.03,66.61,1
688,18.0,Female,Mobile,4.08,8,10,6,1,0,0,5.64,77.32,1
689,30.0,Male,Mobile,28.66,15,7,9,0,1,1,36.07,18.5,1
690,21.0,Male,Mobile,9.08,0,1,4,1,1,1,6.97,85.55,1
691,18.0,Female,Tablet,13.87,7,7,2,0,0,0,10.5,44.88,1
692,57.0,Female,Mobile,27.06,17,4,9,1,1,1,14.22,5.67,1
693,49.0,Female,Desktop,20.64,4,8,7,0,0,0,18.56,87.89,1
694,51.0,Female,Mobile,18.92,8,3,1,1,1,0,14.27,56.44,1
695,45.0,Male,Mobile,21.46,13,7,3,1,1,0,24.0,19.83,1
696,48.0,Female,Tablet,25.04,14,0,4,0,1,0,26.24,31.75,1
697,25.0,Male,Desktop,26.45,18,10,4,0,0,0,38.54,56.94,1
698,56.0,Male,Mobile,19.64,17,14,3,0,0,1,25.44,37.42,1
699,43.0,Female,Mobile,26.81,18,6,2,1,0,1,15.57,23.34,1
0,51.0,Male,Mobile,16.53,14,11,2,0,1,0,19.91,47.93,1
701,20.0,Male,Mobile,9.04,11,7,4,0,1,1,5.49,18.5,1
702,29.0,Female,Mobile,26.52,10,4,9,0,0,1,21.83,24.54,1
703,18.0,Male,Mobile,16.7,13,1,5,0,0,1,17.62,82.67,1
704,22.0,Male,Tablet,27.28,16,6,0,1,1,0,27.16,22.85,1
705,47.0,Female,Mobile,2.16,14,2,3,0,0,0,2.58,69.54,1
706,47.0,Unknown,Desktop,12.53,3,14,9,0,0,0,16.41,25.05,1
707,34.0,Female,Desktop,28.49,18,12,9,1,0,1,37.87,21.24,0
708,40.0,Unknown,Mobile,8.24,6,9,5,0,1,1,4.6,25.12,1
709,32.0,Female,Desktop,28.3,3,9,1,0,0,0,32.31,46.83,1
710,54.0,Female,Mobile,28.66,19,9,9,0,1,1,41.88,14.63,1
711,38.0,Female,Desktop,26.58,0,14,4,0,0,1,33.36,10.66,1
712,31.0,Male,Mobile,17.35,12,11,8,0,0,0,17.7,75.67,1
713,19.0,Male,Mobile,19.76,8,10,2,0,1,1,29.61,2.33,1
714,28.0,Female,Desktop,15.74,5,9,2,0,1,1,14.26,38.55,1
715,56.0,Male,Mobile,23.5,17,12,8,1,1,1,13.82,39.6,1
716,55.0,Male,Desktop,19.27,10,1,2,1,0,0,24.44,89.3,1
717,51.0,Female,Tablet,29.49,17,2,3,0,0,0,30.96,77.45,1
718,55.0,Male,Mobile,20.88,9,13,8,0,0,1,13.04,51.07,1
719,51.0,Female,Mobile,29.29,13,13,3,1,0,1,25.64,47.98,1
720,35.0,Male,Mobile,2.66,10,3,4,0,0,1,1.5,56.56,1
721,47.0,Female,Desktop,5.03,8,9,1,1,0,1,5.16,35.78,1
722,32.0,Male,Desktop,14.09,7,12,7,1,1,0,8.51,70.08,1
723,44.0,Male,Mobile,12.16,2,10,8,0,1,1,6.16,68.61,1
724,51.0,Male,Mobile,23.7,2,6,9,1,0,1,19.49,57.47,1
725,55.0,Female,Desktop,5.66,4,9,3,1,1,1,4.15,5.77,1
726,50.0,Male,Mobile,29.31,9,14,2,0,1,0,25.27,12.68,1
727,41.0,Male,Desktop,10.14,14,11,3,0,0,0,8.62,3.93,1
728,32.0,Female,Desktop,13.44,11,0,6,0,1,1,15.19,71.85,1
729,47.0,Female,Tablet,8.97,7,5,0,0,0,1,10.58,47.76,1
730,59.0,Male,Mobile,17.8,19,12,1,0,1,1,11.17,95.5,1
731,34.0,Male,Mobile,2.7,4,5,9,0,0,0,2.67,95.23,1
732,22.0,Male,Mobile,5.34,2,7,4,0,1,1,7.42,79.82,1
733,46.0,Male,Mobile,22.63,19,1,8,0,1,1,14.67,44.3,1
734,21.0,Female,Tablet,6.41,18,1,5,0,0,1,9.4,31.64,1
735,27.0,Male,Mobile,7.83,7,0,2,0,0,0,4.07,49.5,1
736,34.0,Male,Desktop,24.0,11,2,2,0,1,0,14.39,23.25,1
737,27.0,Female,Mobile,3.71,10,6,6,1,0,1,2.51,49.5,1
738,34.0,Male,Mobile,13.69,11,14,2,1,1,1,13.28,53.03,1
739,37.0,Male,Mobile,1.67,9,7,9,1,0,1,1.33,1.23,1
740,41.0,Male,Desktop,11.06,3,6,2,0,1,0,10.15,4.43,1
741,22.0,Female,Mobile,21.27,5,8,9,0,1,0,30.65,45.88,1
742,51.0,Female,Mobile,3.61,1,14,6,1,0,1,3.04,44.35,1
743,23.0,Male,Tablet,26.76,1,7,8,1,0,1,36.08,40.56,1
744,19.0,Male,Mobile,27.38,5,7,8,1,1,0,15.68,82.36,1
745,30.0,Female,Mobile,4.04,19,10,2,1,0,0,5.3,70.32,1
746,28.0,Male,Mobile,29.73,6,1,7,1,1,0,41.67,10.74,1
747,40.0,Male,Mobile,9.63,3,0,0,1,0,1,7.56,49.5,1
748,33.0,Female,Tablet,3.44,13,5,7,0,0,0,3.6,59.67,1
749,48.0,Female,Mobile,1.15,17,6,1,1,0,0,0.79,38.25,1
750,28.0,Female,Mobile,12.85,3,5,3,1,0,0,7.59,20.83,1
751,33.0,Male,Mobile,19.26,3,6,6,0,1,1,24.47,62.81,1
752,25.0,Male,Desktop,10.63,0,7,5,0,0,1,12.01,60.22,1
753,21.0,Male,Mobile,25.26,2,1,8,1,1,1,31.63,97.46,1
754,57.0,Male,Desktop,21.78,3,0,7,0,1,0,20.47,56.11,0
755,21.0,Female,Mobile,11.15,16,9,1,1,1,0,8.36,87.43,0
756,42.0,Male,Mobile,22.29,12,7,3,1,0,1,20.66,94.92,1
757,20.0,Male,Desktop,28.27,9,7,0,0,0,0,15.97,43.48,1
758,49.0,Female,Mobile,3.7,16,13,6,0,1,1,2.9,5.29,1
759,20.0,Female,Desktop,9.88,4,7,3,0,0,0,7.88,14.35,1
0,44.0,Male,Mobile,14.44,18,13,7,1,0,1,17.54,50.4,1
761,46.0,Female,Desktop,15.44,0,9,1,1,1,1,8.54,89.3,1
762,49.0,Female,Mobile,16.72,7,6,7,0,0,1,12.46,65.41,1
763,39.0,Male,Desktop,9.72,12,1,1,1,1,0,7.55,20.15,1
764,38.0,Male,Mobile,20.35,8,3,0,1,1,1,21.4,70.1,1
765,22.0,Male,Mobile,15.74,8,8,0,0,1,1,14.68,89.42,1
766,35.0,Male,Mobile,17.76,9,7,1,0,1,0,11.23,3.02,1
767,45.0,Female,Mobile,4.3,14,3,4,1,0,0,3.26,49.5,1
768,59.0,Female,Mobile,14.83,5,7,0,1,1,0,13.67,15.32,1
769,39.0,Male,Mobile,11.33,2,9,4,0,0,0,11.62,78.41,1
770,38.0,Male,Mobile,15.24,10,12,4,0,0,1,8.18,89.15,1
771,23.0,Female,Desktop,27.73,9,5,6,0,1,1,22.46,55.46,1
772,18.0,Male,Desktop,14.94,7,10,1,0,1,1,18.89,84.82,1
0,22.0,Male,Desktop,1.41,18,8,1,0,1,0,1.55,49.5,1
774,58.0,Male,Mobile,13.73,12,0,5,1,0,1,13.13,65.67,1
775,29.0,Male,Mobile,24.8,11,5,9,0,0,0,23.63,57.97,1
776,43.0,Female,Mobile,23.62,10,10,2,1,0,1,20.52,5.0,1
777,51.0,Male,Desktop,15.89,13,3,7,1,1,0,13.38,93.7,1
778,31.0,Female,Mobile,8.24,9,2,2,1,1,0,7.42,35.58,1
779,43.0,Male,Mobile,14.49,16,4,9,1,1,0,19.84,80.26,1
780,44.0,Male,Desktop,17.35,17,9,3,0,0,0,16.81,81.0,1
781,26.0,Female,Mobile,30.0,5,10,6,1,0,0,35.08,96.58,1
782,43.0,Male,Desktop,19.68,6,7,0,1,1,1,25.74,32.67,1
783,39.0,Female,Desktop,21.13,10,14,0,0,1,0,19.69,99.74,1
784,47.0,Male,Mobile,15.25,11,10,8,1,0,0,20.42,30.06,1
785,34.0,Male,Mobile,11.28,2,9,5,0,1,1,16.84,45.14,1
786,43.0,Male,Mobile,24.58,7,5,4,0,1,0,24.68,70.63,1
787,39.0,Male,Desktop,15.35,14,0,1,0,1,1,13.86,15.5,1
788,18.0,Male,Mobile,29.85,4,5,1,1,0,1,38.98,26.64,1
789,25.0,Female,Desktop,14.26,5,6,6,1,0,0,16.39,72.81,1
790,52.0,Female,Mobile,2.97,19,12,0,1,1,1,3.31,97.44,1
791,32.0,Male,Mobile,20.79,10,5,7,1,0,0,28.82,73.28,1
792,39.0,Male,Mobile,2.35,6,2,2,1,0,0,2.7,86.23,1
793,31.0,Female,Desktop,8.26,2,10,2,0,1,0,9.43,3.75,1
794,43.0,Female,Mobile,11.26,3,8,4,0,1,1,7.96,57.7,1
795,45.0,Male,Desktop,22.45,15,12,9,1,1,0,26.68,91.41,1
796,40.0,Male,Mobile,15.33,10,9,3,1,1,1,21.66,68.24,1
797,31.0,Female,Mobile,1.83,17,9,7,1,1,0,1.97,67.65,1
798,41.0,Male,Desktop,18.89,7,3,5,1,0,0,26.51,20.3,1
799,19.0,Female,Desktop,12.93,2,4,7,0,0,0,10.86,86.11,0
800,43.0,Male,Mobile,27.73,7,4,6,1,0,0,15.05,86.5,1
801,31.0,Female,Mobile,15.74,15,2,1,1,0,1,14.64,61.4,1
802,39.0,Female,Desktop,21.56,3,11,8,1,0,0,10.87,42.66,1
803,20.0,Male,Mobile,7.35,5,1,5,1,1,0,4.81,82.43,1
804,40.0,Female,Mobile,23.07,8,7,5,1,1,0,15.93,46.5,1
805,35.0,Male,Tablet,21.91,4,6,1,0,0,0,22.65,82.26,1
806,55.0,Male,Mobile,27.22,18,4,8,0,1,0,39.47,48.49,1
807,52.0,Male,Mobile,1.98,19,12,0,0,0,0,1.03,57.98,1
0,32.0,Male,Mobile,13.98,8,0,5,1,1,1,10.3,74.8,1
809,42.0,Female,Desktop,20.7,6,9,7,1,1,1,30.42,26.5,1
810,54.0,Male,Desktop,15.74,5,0,1,0,1,1,5.2,24.68,1
811,45.0,Male,Mobile,12.91,5,7,2,0,1,0,17.23,66.78,1
812,27.0,Male,Mobile,28.32,17,3,9,1,1,0,16.76,95.39,1
813,56.0,Male,Mobile,13.64,6,12,9,1,0,0,15.61,44.6,1
814,34.0,Female,Unknown,29.58,13,3,6,0,0,1,20.8,89.82,1
815,56.0,Male,Mobile,2.65,9,13,0,0,0,1,3.05,51.82,1
816,39.0,Female,Tablet,21.82,12,8,4,0,0,0,20.24,97.39,1
0,43.0,Female,Mobile,17.85,10,1,0,0,1,1,20.27,79.2,1
818,42.0,Female,Tablet,15.52,1,4,9,1,0,1,14.42,85.96,0
819,34.0,Male,Unknown,15.74,11,5,6,0,0,0,41.03,67.96,1
820,30.0,Male,Desktop,4.76,6,5,9,0,1,0,2.5,86.85,1
0,37.0,Male,Mobile,26.98,3,9,9,1,0,1,18.66,59.28,1
822,42.0,Male,Mobile,21.05,6,11,0,0,0,1,28.06,56.73,1
823,21.0,Female,Desktop,8.51,9,13,2,1,1,0,10.52,87.37,1
824,27.0,Female,Desktop,27.15,8,2,6,0,1,1,18.63,1.51,1
825,20.0,Male,Mobile,13.45,15,9,0,0,1,1,8.36,47.88,1
826,58.0,Male,Desktop,24.61,0,5,3,1,0,0,19.97,49.5,1
827,35.0,Male,Mobile,12.28,11,9,6,0,0,0,12.06,19.61,1
828,53.0,Male,Desktop,25.68,10,9,6,1,0,1,14.05,95.8,1
829,39.0,Male,Mobile,19.46,11,4,3,1,0,1,26.19,74.06,1
830,51.0,Male,Mobile,5.09,4,11,0,0,1,0,5.2,76.24,1
831,25.0,Male,Mobile,19.84,13,7,7,1,1,0,28.16,66.55,1
832,57.0,Female,Mobile,6.55,8,3,3,1,0,0,5.41,44.75,1
833,36.0,Female,Desktop,12.95,15,12,1,1,0,1,7.11,46.1,1
834,59.0,Female,Mobile,5.94,7,9,3,0,0,1,8.15,83.91,1
835,58.0,Female,Mobile,1.64,1,9,7,1,0,0,1.07,13.91,1
836,54.0,Male,Mobile,7.14,9,2,7,0,1,1,5.97,52.21,1
837,23.0,Male,Desktop,16.55,8,5,4,1,0,1,15.96,30.99,1
838,43.0,Male,Mobile,14.97,2,9,1,1,1,0,14.85,98.43,0
839,51.0,Male,Mobile,15.54,14,13,6,1,1,1,8.13,0.37,1
840,23.0,Male,Tablet,8.18,12,8,2,1,1,1,8.4,6.37,1
841,54.0,Female,Mobile,20.87,17,13,5,1,0,1,12.04,96.74,1
842,50.0,Male,Desktop,21.42,19,7,8,1,1,1,17.71,54.38,1
843,39.0,Female,Desktop,11.38,6,9,4,0,1,0,16.79,13.85,1
844,38.0,Male,Mobile,26.55,5,7,8,0,0,1,20.72,44.86,1
845,23.0,Female,Tablet,19.68,6,2,3,0,0,0,25.84,32.27,1
846,23.0,Male,Desktop,21.68,3,0,8,1,1,1,21.9,91.12,1
847,21.0,Female,Mobile,9.04,16,2,0,0,0,1,6.35,68.76,1
848,47.0,Male,Mobile,1.02,18,13,3,1,0,0,1.25,49.5,1
849,28.0,Male,Desktop,26.1,0,2,0,0,0,1,27.54,49.5,1
850,47.0,Male,Mobile,24.85,15,13,8,1,0,1,25.67,13.45,1
851,48.0,Male,Desktop,4.57,4,11,7,0,1,1,2.42,66.52,1
852,41.0,Female,Mobile,11.85,11,5,7,0,1,1,9.88,72.72,1
853,26.0,Male,Mobile,20.18,5,12,6,0,0,1,24.92,56.22,1
854,20.0,Female,Mobile,19.91,9,2,8,0,1,1,25.81,49.5,1
855,48.0,Male,Mobile,25.95,5,1,2,1,1,1,34.12,94.43,1
856,57.0,Female,Mobile,5.07,7,11,6,1,1,0,2.72,20.59,1
857,54.0,Male,Desktop,13.47,18,14,5,1,1,0,8.93,0.03,1
858,53.0,Male,Desktop,3.82,18,8,4,0,0,0,5.67,66.27,1
859,41.0,Female,Unknown,12.3,2,5,8,1,0,1,8.06,47.56,1
860,48.0,Male,Desktop,1.44,13,4,3,1,0,0,1.03,33.47,1
861,23.0,Male,Desktop,27.05,13,11,2,0,1,1,35.24,91.69,1
862,39.0,Female,Mobile,16.28,17,2,2,0,0,1,14.55,97.85,1
863,37.0,Male,Desktop,25.64,17,6,1,0,0,0,15.8,93.06,1
864,45.0,Female,Mobile,2.74,6,0,0,0,0,1,1.71,50.02,1
865,28.0,Male,Tablet,7.6,14,3,2,1,1,0,4.44,70.34,1
866,21.0,Female,Desktop,8.52,14,9,7,0,1,0,5.8,17.16,1
867,32.0,Female,Mobile,12.21,12,1,5,1,1,0,12.17,95.09,1
868,23.0,Female,Mobile,24.28,5,1,1,0,1,0,12.51,28.37,1
869,47.0,Female,Mobile,12.21,5,12,7,0,1,1,7.54,19.27,1
870,55.0,Male,Mobile,6.93,4,0,4,0,0,0,9.75,6.02,1
871,19.0,Male,Unknown,2.88,13,11,3,0,0,0,3.96,55.04,1
872,32.0,Female,Mobile,3.31,4,7,0,1,1,1,4.41,94.85,1
873,28.0,Male,Mobile,23.04,18,3,0,0,0,0,27.79,13.56,1
874,25.0,Male,Tablet,13.9,16,6,3,0,0,1,16.15,12.08,1
875,43.0,Male,Desktop,22.06,18,2,8,1,0,0,17.11,27.26,1
876,22.0,Female,Desktop,20.79,2,8,9,0,0,0,17.36,66.54,1
877,23.0,Male,Desktop,4.93,4,9,9,1,1,1,3.63,54.78,1
878,43.0,Male,Mobile,5.14,17,8,5,1,0,0,7.61,9.62,1
879,21.0,Female,Mobile,22.9,6,6,0,1,1,0,25.98,44.23,1
880,36.0,Male,Desktop,15.74,18,6,7,0,1,1,32.13,6.69,1
881,37.0,Female,Tablet,11.96,7,0,8,1,1,0,9.23,85.19,1
882,50.0,Female,Mobile,3.25,13,9,1,0,0,0,3.64,10.71,1
883,37.0,Female,Desktop,1.35,9,7,5,1,0,1,1.7,47.13,1
884,29.0,Male,Tablet,9.36,2,1,6,1,1,0,5.57,51.05,1
885,18.0,Male,Desktop,1.27,8,7,0,0,0,1,1.48,53.01,1
886,43.0,Female,Tablet,7.67,14,10,4,1,0,1,5.13,60.92,1
887,39.0,Female,Mobile,13.17,18,12,4,0,1,0,10.91,70.16,1
0,55.0,Female,Tablet,4.52,1,1,2,1,1,1,5.5,0.44,1
0,54.0,Female,Desktop,4.02,9,0,1,0,1,0,3.78,3.09,1
890,28.0,Female,Mobile,27.0,9,14,0,0,1,1,38.37,61.16,1
891,53.0,Female,Tablet,17.98,2,10,5,1,1,0,13.33,18.21,1
892,39.0,Male,Mobile,28.1,16,7,6,1,0,0,18.37,83.18,1
893,20.0,Female,Mobile,11.03,4,3,1,0,0,1,9.23,62.75,1
894,50.0,Female,Mobile,20.64,13,14,1,1,1,1,27.9,98.04,1
895,23.0,Female,Mobile,6.94,17,10,4,0,1,0,9.35,72.8,1
896,27.0,Male,Mobile,18.93,11,9,4,1,1,0,16.46,9.07,1
897,22.0,Male,Desktop,4.76,2,14,2,0,1,0,6.23,17.1,0
898,40.0,Male,Mobile,15.74,4,5,2,0,1,0,0.61,4.65,1
899,27.0,Male,Mobile,28.01,12,9,0,1,1,1,14.22,74.12,1
900,19.0,Female,Mobile,17.09,2,12,2,0,0,1,23.32,12.68,1
0,30.0,Male,Mobile,27.88,1,10,8,0,0,0,38.31,66.38,1
902,57.0,Female,Desktop,10.68,6,9,1,1,1,0,6.87,55.54,1
903,19.0,Female,Desktop,10.51,16,0,0,1,1,0,8.38,63.33,1
904,37.0,Female,Tablet,12.62,2,8,8,0,1,1,17.04,50.87,1
905,18.0,Female,Desktop,21.48,14,10,4,1,1,0,12.54,1.3,1
906,54.0,Female,Mobile,17.41,12,6,7,0,0,0,23.73,25.32,1
907,26.0,Female,Tablet,27.84,19,4,3,0,0,1,29.92,88.5,1
908,34.0,Male,Desktop,1.74,3,5,7,1,1,0,2.01,92.93,1
909,26.0,Male,Mobile,21.54,19,2,4,1,0,0,23.58,9.72,1
910,28.0,Male,Desktop,10.58,11,12,5,1,1,1,11.45,95.26,1
911,32.0,Male,Tablet,6.23,4,8,5,0,0,0,14.3,67.05,1
912,41.0,Male,Desktop,15.8,17,1,5,1,0,0,11.63,92.26,1
913,39.0,Female,Mobile,15.65,17,11,1,0,1,1,14.3,40.12,1
914,52.0,Male,Desktop,4.97,0,9,9,1,1,0,4.48,10.17,1
915,47.0,Male,Mobile,6.85,5,0,9,0,0,1,7.13,30.25,1
916,48.0,Male,Mobile,12.84,19,13,8,0,0,1,9.67,68.97,1
917,22.0,Female,Mobile,12.86,19,14,6,1,0,1,12.39,79.52,1
918,31.0,Female,Mobile,10.21,9,0,2,0,0,0,6.57,5.01,1
0,28.0,Female,Mobile,5.31,17,9,1,0,0,1,2.86,48.7,1
920,26.0,Male,Mobile,1.13,9,1,3,0,1,1,1.64,6.44,1
921,51.0,Male,Desktop,29.14,14,5,7,1,1,0,35.64,86.36,0
922,29.0,Male,Desktop,28.36,5,5,8,0,0,0,28.31,47.63,1
923,52.0,Unknown,Unknown,15.03,2,8,9,1,0,0,15.8,91.48,1
924,52.0,Male,Mobile,29.86,15,9,1,0,0,1,30.19,7.86,1
925,18.0,Female,Mobile,20.54,16,0,5,0,1,0,28.73,33.05,1
926,57.0,Male,Tablet,3.0,19,3,7,1,1,0,3.82,67.65,1
927,39.0,Female,Mobile,4.41,1,7,2,0,1,1,3.64,29.36,1
928,46.0,Male,Desktop,27.57,12,3,8,0,0,1,19.8,84.16,1
929,25.0,Female,Desktop,19.27,19,2,3,0,0,1,10.92,98.68,1
930,28.0,Female,Mobile,25.45,15,3,4,1,1,0,16.49,28.12,1
931,58.0,Female,Desktop,27.05,5,0,6,1,1,1,26.78,36.11,0
932,54.0,Female,Desktop,13.99,1,8,4,0,1,0,9.83,96.73,1
933,31.0,Male,Mobile,2.41,11,10,3,0,1,1,1.96,35.81,1
934,47.0,Male,Mobile,6.46,9,14,3,1,0,0,4.09,55.6,1
935,52.0,Male,Mobile,2.93,7,4,4,0,1,1,4.17,76.92,1
936,38.0,Female,Mobile,6.47,2,6,2,0,0,1,3.45,43.83,1
937,54.0,Male,Mobile,12.91,17,2,8,0,0,0,11.0,37.26,1
938,22.0,Male,Mobile,4.43,16,4,1,1,0,1,3.36,49.56,1
939,36.0,Male,Mobile,5.84,16,12,6,1,0,1,2.97,77.95,1
940,31.0,Male,Tablet,13.93,14,9,3,1,0,0,19.9,31.22,1
941,43.0,Female,Mobile,10.86,2,13,7,0,0,1,8.84,35.08,1
942,21.0,Female,Mobile,14.56,19,3,6,1,0,1,14.59,18.91,1
943,42.0,Male,Mobile,13.45,3,0,7,1,1,0,14.56,70.16,1
944,59.0,Male,Mobile,19.69,8,4,3,0,1,1,21.87,89.95,1
945,42.0,Male,Mobile,28.18,19,1,1,1,1,1,27.06,18.57,1
946,35.0,Female,Mobile,4.13,16,2,6,1,1,1,4.52,3.46,1
947,57.0,Female,Mobile,3.88,4,7,8,1,0,1,4.86,38.13,1
948,25.0,Female,Desktop,25.73,8,2,5,1,0,0,37.36,41.02,1
949,56.0,Male,Tablet,15.69,1,14,6,1,0,0,18.15,64.59,1
0,57.0,Female,Mobile,23.23,4,6,5,1,0,0,22.35,8.56,1
951,31.0,Female,Mobile,7.25,0,4,1,0,1,0,6.85,82.15,1
952,49.0,Female,Desktop,25.04,1,6,8,0,0,0,30.29,57.4,1
953,55.0,Unknown,Desktop,27.79,18,9,4,0,1,0,31.32,54.6,1
954,50.0,Female,Mobile,19.43,4,8,2,1,0,1,17.88,31.64,1
955,40.0,Male,Tablet,4.07,14,6,3,1,0,1,3.4,36.53,1
956,32.0,Male,Mobile,26.96,8,13,3,0,1,1,40.26,5.54,1
957,50.0,Male,Mobile,23.98,18,5,8,0,1,1,30.38,75.38,1
958,42.0,Male,Desktop,22.78,7,11,4,1,0,0,16.1,60.47,1
959,34.0,Female,Tablet,2.07,3,12,1,1,1,0,1.64,97.64,0
0,50.0,Male,Desktop,24.17,14,0,5,1,1,0,33.69,35.36,1
0,19.0,Male,Mobile,5.0,12,3,6,1,0,0,5.8,66.62,0
962,31.0,Male,Mobile,7.45,15,7,7,1,0,0,6.04,91.95,1
963,57.0,Female,Mobile,17.74,8,0,4,1,1,0,15.33,71.17,1
0,57.0,Male,Mobile,8.68,5,5,7,0,0,0,7.63,4.03,1
965,56.0,Female,Desktop,20.18,17,1,7,0,1,1,13.85,63.22,1
966,23.0,Female,Desktop,18.63,10,14,3,1,0,0,18.84,54.54,1
967,23.0,Female,Desktop,4.14,11,12,6,0,1,0,5.24,49.93,1
968,20.0,Male,Tablet,20.02,16,8,8,0,0,1,21.3,55.3,1
969,24.0,Female,Mobile,27.79,16,7,9,1,0,0,32.12,46.06,1
970,25.0,Male,Desktop,5.67,4,8,3,0,1,1,6.21,69.18,1
971,59.0,Male,Desktop,18.31,5,8,8,1,1,0,10.23,1.49,1
972,39.0,Male,Mobile,10.91,10,13,3,1,0,1,7.51,18.86,1
973,46.0,Female,Desktop,14.33,14,12,0,0,0,1,12.19,36.54,1
974,50.0,Female,Mobile,9.32,9,1,3,0,1,0,12.95,45.27,1
975,47.0,Male,Desktop,11.27,18,1,1,0,0,1,9.56,13.05,1
976,56.0,Female,Mobile,1.84,6,8,5,1,0,1,1.52,82.01,1
977,44.0,Female,Mobile,29.47,11,1,7,1,1,1,17.11,92.94,1
978,53.0,Female,Desktop,19.12,0,3,5,1,0,1,28.15,75.12,1
979,46.0,Male,Desktop,15.52,9,1,8,1,0,0,19.84,92.88,1
980,55.0,Female,Mobile,12.13,3,0,5,0,1,1,15.36,74.32,1
981,50.0,Female,Mobile,16.64,16,11,6,0,1,1,14.7,44.11,1
0,54.0,Male,Mobile,12.02,4,12,4,0,0,0,6.95,39.31,1
983,44.0,Female,Mobile,11.44,15,10,7,1,0,0,8.73,16.64,1
984,50.0,Male,Desktop,14.45,2,13,1,1,1,1,19.55,8.64,1
985,21.0,Female,Tablet,9.0,17,9,1,0,1,1,6.12,21.96,1
986,39.0,Female,Mobile,6.22,19,6,7,1,1,0,8.67,53.21,1
987,19.0,Female,Desktop,17.14,16,11,5,1,1,0,17.75,13.49,1
988,27.0,Female,Mobile,25.44,19,10,1,0,1,1,30.9,95.12,1
989,22.0,Female,Desktop,5.43,17,4,5,0,0,0,5.18,21.85,1
990,27.0,Female,Mobile,1.95,4,2,7,1,0,1,2.79,83.36,1
991,50.0,Male,Mobile,8.16,18,7,5,1,0,1,6.04,49.5,1
992,55.0,Female,Desktop,29.41,4,4,8,0,1,0,31.54,14.12,1
993,30.0,Female,Mobile,25.03,3,0,5,1,1,1,14.24,71.07,1
994,48.0,Female,Desktop,18.28,18,8,2,0,1,0,17.92,82.41,1
995,53.0,Male,Desktop,27.95,0,13,8,0,0,0,41.16,88.43,1
996,41.0,Male,Mobile,13.91,9,13,9,0,0,0,8.18,95.4,1
997,32.0,Male,Mobile,29.52,15,4,4,1,1,0,29.72,93.01,1
998,46.0,Female,Desktop,9.59,9,2,5,0,0,1,10.57,31.11,1
999,25.0,Unknown,Desktop,7.97,14,5,3,0,1,1,11.41,26.77,1
1000,22.0,Male,Mobile,19.5,2,7,2,0,0,1,15.55,39.75,1
1001,46.0,Male,Mobile,11.97,18,1,9,0,0,1,12.01,46.5,1
1002,21.0,Male,Desktop,19.16,13,10,4,1,1,1,28.49,23.39,1
1003,29.0,Female,Mobile,9.84,16,13,2,0,1,0,12.49,8.61,1
1004,19.0,Male,Mobile,18.92,6,2,1,0,1,1,24.79,65.66,1
1005,44.0,Female,Mobile,9.0,16,6,5,0,1,1,11.52,17.42,1
1006,48.0,Female,Desktop,2.48,4,1,7,1,1,0,2.52,91.49,1
1007,53.0,Female,Desktop,27.45,10,10,2,1,0,0,25.65,28.77,1
1008,53.0,Male,Tablet,26.61,19,10,5,0,0,0,20.09,19.77,1
1009,43.0,Female,Desktop,29.15,11,0,8,0,0,0,28.16,19.42,1
1010,44.0,Male,Tablet,21.78,5,4,0,0,1,1,11.34,28.95,1
1011,22.0,Male,Mobile,20.8,18,8,2,0,1,0,12.42,61.22,1
1012,37.0,Male,Desktop,17.21,3,13,1,1,1,1,13.55,97.83,1
1013,28.0,Male,Mobile,4.65,8,6,7,0,0,0,3.88,48.63,1
1014,27.0,Female,Desktop,6.49,11,13,8,1,1,0,7.84,59.97,1
1015,57.0,Female,Mobile,9.39,19,13,9,0,1,0,6.31,49.5,1
1016,55.0,Female,Mobile,26.81,3,12,5,1,0,1,34.74,33.4,1
1017,23.0,Female,Desktop,6.02,12,2,2,1,0,1,7.83,17.99,1
1018,25.0,Male,Desktop,27.76,15,1,9,1,1,0,30.18,49.5,1
1019,40.0,Male,Mobile,16.16,16,9,7,1,0,0,16.02,31.87,1
1020,43.0,Male,Desktop,21.75,5,8,9,1,0,1,21.04,86.61,1
1021,29.0,Male,Unknown,4.2,19,8,6,1,1,0,3.87,97.79,1
1022,43.0,Female,Mobile,8.8,6,8,1,0,0,1,5.18,68.83,1
1023,30.0,Male,Desktop,28.8,12,0,6,1,0,0,33.28,65.38,1
1024,57.0,Female,Mobile,8.72,19,2,0,1,1,1,9.39,71.42,1
1025,35.0,Male,Tablet,9.6,9,0,7,0,0,1,4.95,46.77,1
1026,42.0,Male,Mobile,6.73,18,8,4,1,0,0,4.73,62.88,1
1027,50.0,Male,Desktop,4.74,3,6,8,0,0,0,4.44,7.13,1
1028,57.0,Male,Desktop,7.76,14,1,2,1,1,1,10.87,49.34,1
1029,29.0,Female,Mobile,19.63,5,5,6,1,1,1,29.25,33.24,1
1030,53.0,Female,Mobile,14.21,5,10,7,1,0,1,17.78,5.32,1
1031,21.0,Female,Desktop,17.06,4,8,0,0,1,0,21.31,54.48,1
1032,22.0,Female,Desktop,4.55,16,7,5,1,0,0,4.16,36.03,1
1033,54.0,Male,Mobile,24.26,13,10,1,1,0,1,25.98,59.06,1
1034,25.0,Male,Mobile,23.74,8,11,0,0,1,1,17.4,51.32,1
1035,59.0,Female,Mobile,1.63,16,5,5,1,1,1,2.02,27.62,1
1036,45.0,Female,Mobile,12.12,2,5,2,1,1,0,6.78,54.0,1
1037,48.0,Male,Mobile,2.99,8,7,0,1,1,0,2.74,37.88,1
1038,26.0,Male,Mobile,23.97,3,8,6,0,0,0,31.91,92.11,1
1039,46.0,Female,Desktop,22.38,9,7,8,1,0,0,33.12,37.56,1
1040,31.0,Female,Desktop,27.16,11,0,9,1,0,0,32.5,4.01,1
1041,57.0,Female,Tablet,7.86,1,14,1,1,1,0,5.48,76.36,1
0,58.0,Male,Desktop,14.23,1,1,8,1,1,0,15.24,96.37,1
1043,39.0,Female,Tablet,6.35,8,5,5,0,1,0,6.73,16.94,1
1044,28.0,Female,Mobile,11.77,16,7,1,1,0,1,17.25,97.28,1
1045,39.0,Female,Desktop,16.15,10,14,7,1,0,1,21.64,61.72,1
1046,18.0,Female,Tablet,2.55,2,3,3,0,0,0,1.4,84.74,1
1047,54.0,Female,Desktop,21.73,16,11,7,1,1,0,15.65,47.29,1
1048,38.0,Male,Mobile,16.76,4,3,6,0,1,0,22.49,62.25,1
1049,43.0,Female,Desktop,25.04,19,12,6,0,0,0,36.87,84.11,1
1050,53.0,Male,Tablet,8.88,9,1,6,0,1,1,7.06,98.28,1
1051,40.0,Female,Desktop,27.2,3,9,1,0,1,1,32.39,18.48,1
1052,18.0,Female,Mobile,29.96,11,0,0,1,0,1,24.2,89.87,1
1053,57.0,Female,Desktop,27.66,8,9,1,1,0,1,14.97,66.73,1
1054,32.0,Male,Tablet,23.56,7,8,2,1,0,1,31.32,94.69,1
1055,38.0,Male,Unknown,24.56,1,6,9,1,1,0,30.43,31.81,1
1056,26.0,Male,Desktop,17.64,8,8,6,0,1,0,9.76,24.26,1
1057,26.0,Female,Mobile,6.51,17,12,6,1,1,0,4.2,36.55,1
1058,27.0,Female,Desktop,20.63,11,14,6,0,1,0,30.94,88.45,1
1059,43.0,Male,Desktop,21.67,7,1,3,1,1,1,24.94,45.96,1
1060,58.0,Male,Mobile,29.58,9,9,4,1,0,1,38.47,49.5,1
1061,52.0,Female,Mobile,16.7,14,12,6,0,0,1,14.3,24.23,1
1062,42.0,Male,Unknown,8.87,5,4,7,1,0,0,9.03,22.05,1
1063,43.0,Female,Mobile,20.83,18,14,2,1,0,1,23.33,67.84,1
1064,28.0,Male,Mobile,29.4,13,14,5,0,1,0,38.4,29.17,1
1065,55.0,Male,Desktop,6.14,5,1,8,1,0,1,5.15,12.92,1
1066,19.0,Male,Mobile,10.45,8,9,9,1,0,1,12.25,37.59,1
1067,24.0,Female,Mobile,16.71,15,6,4,1,0,1,21.32,26.62,1
1068,35.0,Female,Tablet,5.94,4,8,3,0,0,0,7.75,41.3,1
1069,44.0,Male,Mobile,1.64,1,2,8,1,1,0,1.64,18.65,1
1070,51.0,Female,Mobile,10.77,6,13,3,0,1,0,10.48,95.7,1
1071,39.0,Female,Desktop,26.1,19,0,2,0,0,0,15.78,80.16,1
1072,34.0,Female,Desktop,2.26,12,3,6,1,1,0,2.25,84.09,1
1073,41.0,Female,Tablet,13.44,7,3,4,1,0,1,16.15,29.78,1
1074,42.0,Male,Tablet,23.1,13,10,0,0,0,1,32.82,85.68,1
1075,24.0,Female,Desktop,28.64,7,5,7,1,0,1,17.91,59.08,1
1076,23.0,Female,Mobile,29.58,9,4,0,1,1,1,43.45,5.67,1
1077,41.0,Unknown,Mobile,13.24,1,11,8,0,0,0,14.3,15.33,1
1078,50.0,Female,Mobile,28.56,13,12,0,1,1,1,19.3,44.6,1
1079,46.0,Female,Mobile,2.03,19,4,3,1,1,0,1.25,39.38,1
1080,39.0,Female,Desktop,22.63,1,8,9,0,1,0,33.72,79.53,1
1081,43.0,Male,Desktop,19.64,19,12,3,0,1,1,20.84,49.5,1
1082,45.0,Male,Mobile,8.24,18,10,8,1,0,0,6.35,86.49,1
1083,38.0,Female,Desktop,15.71,5,0,0,1,1,0,12.84,37.53,1
1084,24.0,Female,Mobile,4.76,3,7,9,0,0,1,6.9,63.58,1
1085,34.0,Male,Mobile,26.28,2,7,8,1,0,0,36.79,49.71,1
1086,37.0,Male,Desktop,11.38,10,10,3,0,1,1,9.67,88.89,1
1087,58.0,Male,Mobile,19.16,6,7,6,1,0,1,10.8,88.9,1
1088,37.0,Female,Mobile,5.6,19,12,8,1,0,0,7.47,5.39,1
1089,39.0,Female,Mobile,6.98,17,11,6,0,1,1,9.87,57.21,1
1090,45.0,Male,Mobile,29.77,19,13,1,1,1,0,39.82,49.5,1
1091,39.0,Female,Unknown,22.84,13,12,5,0,1,1,32.27,77.04,1
1092,24.0,Female,Tablet,28.9,17,2,5,1,1,1,31.09,19.58,1
1093,18.0,Female,Mobile,9.58,18,9,2,1,0,1,12.83,69.5,1
1094,49.0,Female,Mobile,5.77,11,0,3,0,0,1,8.33,73.86,1
1095,30.0,Female,Desktop,15.59,0,1,5,0,1,1,21.67,2.67,1
1096,47.0,Female,Tablet,15.35,11,7,5,0,1,0,16.69,43.13,1
1097,40.0,Female,Mobile,6.07,19,11,0,0,0,1,7.57,97.89,1
1098,36.0,Male,Mobile,22.26,10,7,9,1,0,0,27.19,30.06,1
1099,49.0,Male,Desktop,11.49,3,14,7,0,1,1,14.97,88.45,1
1100,47.0,Male,Desktop,6.4,6,13,8,0,1,0,4.66,58.69,1
1101,46.0,Male,Mobile,10.63,7,2,1,0,0,0,5.34,29.65,1
1102,46.0,Male,Desktop,17.35,5,3,3,0,1,0,17.52,83.6,1
1103,47.0,Male,Mobile,22.07,9,8,5,1,1,0,27.93,99.07,1
1104,33.0,Male,Mobile,14.97,10,0,1,0,1,0,9.36,74.2,1
1105,57.0,Male,Mobile,16.24,14,14,6,0,1,1,16.77,6.13,1
1106,36.0,Male,Desktop,5.03,11,8,5,1,0,0,4.1,5.24,1
1107,35.0,Female,Mobile,27.53,17,9,7,1,0,0,36.84,49.16,1
1108,18.0,Female,Mobile,27.93,11,12,6,0,0,0,16.77,0.61,1
1109,31.0,Male,Mobile,20.82,7,8,9,1,0,0,28.06,67.59,1
1110,19.0,Female,Desktop,1.51,11,9,0,1,0,1,1.68,1.63,1
1111,45.0,Female,Mobile,16.58,13,5,9,0,0,1,23.53,97.31,1
1112,47.0,Male,Mobile,19.25,19,0,9,0,1,1,27.64,88.06,1
1113,55.0,Male,Mobile,29.84,6,7,4,0,1,0,39.06,81.54,1
1114,21.0,Male,Desktop,29.89,2,12,5,0,1,1,30.79,81.24,1
1115,18.0,Female,Mobile,25.87,14,8,6,0,1,1,16.62,83.44,1
1116,25.0,Female,Mobile,2.85,16,14,3,1,1,1,2.07,43.43,1
1117,46.0,Male,Mobile,28.65,7,7,8,0,0,0,26.29,79.19,1
1118,56.0,Female,Desktop,18.77,1,14,0,1,0,1,23.07,36.72,1
1119,20.0,Female,Mobile,24.23,2,12,2,1,0,0,25.32,84.84,1
1120,49.0,Female,Desktop,12.81,9,0,9,1,0,1,12.02,61.8,1
1121,27.0,Male,Desktop,10.27,18,11,1,0,0,0,10.04,35.83,1
1122,27.0,Female,Tablet,14.43,18,5,1,0,0,1,17.91,74.55,1
1123,36.0,Female,Mobile,5.26,18,8,0,0,0,0,2.81,24.28,1
1124,51.0,Female,Tablet,11.35,10,8,2,0,0,0,10.7,96.47,1
1125,50.0,Female,Mobile,25.87,8,6,9,0,1,0,27.75,66.47,1
1126,40.0,Female,Mobile,2.1,8,6,4,1,0,1,2.29,40.12,1
1127,45.0,Female,Desktop,5.38,2,3,5,1,1,0,6.02,55.07,1
1128,49.0,Female,Mobile,4.63,18,6,7,1,1,1,2.56,73.76,1
1129,24.0,Male,Mobile,12.69,11,9,3,0,1,1,13.43,79.73,1
1130,46.0,Male,Mobile,29.91,11,4,0,1,0,0,31.42,97.5,1
1131,25.0,Female,Desktop,6.03,19,10,8,1,0,0,8.17,20.9,1
1132,18.0,Male,Mobile,5.22,11,9,2,0,0,1,6.58,50.44,1
1133,20.0,Female,Unknown,27.54,10,4,7,0,0,1,14.63,9.15,1
1134,41.0,Female,Desktop,26.58,8,0,3,0,0,0,28.07,8.23,1
1135,39.0,Female,Desktop,1.93,15,1,2,1,0,1,2.3,10.43,1
1136,25.0,Male,Mobile,22.8,8,8,2,0,1,0,24.63,25.95,1
1137,54.0,Female,Tablet,20.01,19,1,3,1,0,0,23.54,69.63,1
1138,20.0,Female,Mobile,23.26,1,9,3,0,0,1,14.34,86.11,1
1139,50.0,Male,Mobile,15.34,3,10,6,1,0,1,10.27,43.6,1
1140,45.0,Male,Mobile,29.75,12,11,1,1,0,1,32.21,55.52,1
1141,25.0,Female,Mobile,2.27,16,1,7,1,0,0,2.95,20.64,1
1142,51.0,Male,Mobile,7.8,16,14,1,1,0,1,4.1,79.11,1
1143,52.0,Male,Mobile,12.5,17,8,0,0,1,0,11.7,88.84,1
1144,49.0,Female,Mobile,14.04,16,2,7,1,0,0,20.95,48.56,1
1145,41.0,Female,Mobile,27.72,9,1,3,1,0,0,35.09,16.09,1
1146,31.0,Female,Desktop,17.24,19,6,5,0,0,1,16.38,0.51,1
1147,49.0,Male,Desktop,2.31,1,11,0,0,1,1,1.38,53.64,1
1148,33.0,Male,Desktop,12.83,18,8,2,0,1,1,11.02,49.76,1
1149,21.0,Male,Mobile,13.08,6,10,6,1,1,0,8.56,92.58,1
1150,54.0,Female,Mobile,29.0,6,12,6,1,1,1,41.2,3.65,1
1151,38.0,Male,Tablet,18.38,12,5,7,0,0,0,21.79,14.9,1
1152,31.0,Male,Mobile,19.43,3,11,0,0,0,1,26.34,19.77,1
1153,48.0,Female,Desktop,21.68,11,6,6,0,0,1,30.3,54.71,1
1154,35.0,Female,Mobile,23.33,6,12,3,1,1,0,25.82,28.47,0
1155,24.0,Female,Tablet,19.42,14,12,5,1,0,0,9.84,20.57,1
1156,27.0,Male,Mobile,7.88,18,2,3,0,0,0,8.32,51.44,1
1157,24.0,Female,Mobile,26.35,16,10,8,1,1,1,34.32,4.07,1
1158,50.0,Male,Desktop,22.23,13,2,0,1,0,0,18.11,97.52,1
1159,40.0,Male,Mobile,22.51,1,14,0,0,1,1,32.14,86.1,1
1160,38.0,Female,Mobile,29.9,6,7,4,1,0,1,44.75,27.2,1
1161,36.0,Female,Mobile,15.74,14,6,4,1,1,1,25.47,33.62,1
1162,36.0,Female,Desktop,15.74,17,4,7,0,0,1,25.83,49.5,1
1163,53.0,Female,Mobile,28.59,13,5,6,0,1,0,33.03,92.84,1
1164,46.0,Female,Mobile,5.38,13,8,2,0,1,1,5.74,65.32,1
1165,35.0,Male,Mobile,15.43,9,2,7,0,1,0,10.19,52.12,1
1166,19.0,Male,Mobile,17.84,6,11,3,0,1,1,13.76,50.86,1
1167,18.0,Male,Desktop,10.55,6,2,2,1,1,0,7.4,16.59,1
1168,22.0,Female,Mobile,25.34,5,13,1,1,0,1,14.5,96.26,1
1169,37.0,Male,Mobile,23.11,14,10,8,1,0,1,14.8,91.46,1
1170,28.0,Female,Mobile,21.91,14,0,6,0,0,1,32.26,49.5,1
1171,59.0,Female,Mobile,29.92,4,10,4,0,1,0,31.57,29.09,1
1172,19.0,Male,Mobile,8.52,2,7,8,1,1,1,5.33,47.66,1
1173,20.0,Male,Mobile,22.33,2,4,2,1,0,0,27.09,51.89,1
1174,40.0,Female,Mobile,16.99,17,13,5,0,1,0,16.6,48.97,1
0,29.0,Male,Tablet,10.08,10,0,7,0,0,0,7.3,49.5,1
1176,37.0,Female,Mobile,5.66,14,2,8,1,0,0,8.17,83.31,1
1177,22.0,Male,Desktop,26.98,19,12,3,1,0,0,19.55,74.65,1
1178,54.0,Male,Mobile,18.27,17,7,0,1,0,1,10.92,47.48,1
1179,55.0,Male,Mobile,24.92,11,3,7,0,1,1,17.59,26.74,1
1180,47.0,Male,Mobile,16.82,7,8,9,1,1,0,14.3,63.5,1
1181,26.0,Male,Mobile,15.74,9,12,2,1,1,1,10.02,13.83,1
1182,51.0,Female,Tablet,10.79,14,5,5,0,0,1,15.04,99.73,1
1183,52.0,Male,Tablet,12.06,4,9,3,1,0,0,17.08,12.53,1
1184,39.0,Male,Desktop,29.22,14,3,5,0,1,0,16.87,5.85,1
1185,41.0,Male,Desktop,1.16,17,3,2,1,0,0,1.41,61.24,1
1186,34.0,Female,Mobile,29.58,19,9,6,0,1,0,34.45,46.34,1
1187,27.0,Female,Mobile,29.43,17,4,1,0,0,1,43.94,71.9,1
1188,47.0,Female,Tablet,29.89,14,12,4,0,1,1,36.31,12.8,1
1189,40.0,Female,Desktop,14.82,13,6,2,0,1,0,19.15,36.37,1
1190,49.0,Female,Mobile,28.95,0,13,4,0,0,1,35.17,50.1,1
1191,34.0,Male,Mobile,12.47,16,11,2,1,0,0,13.97,44.7,1
1192,34.0,Male,Mobile,1.76,15,6,8,0,1,0,1.85,58.3,1
1193,31.0,Male,Tablet,7.51,19,0,7,1,0,1,11.03,10.18,1
1194,26.0,Female,Mobile,28.41,11,9,1,0,1,0,40.81,50.37,1
1195,57.0,Female,Mobile,1.4,12,6,7,1,0,1,1.31,55.48,1
1196,19.0,Male,Mobile,16.83,11,4,7,1,0,1,14.3,88.1,1
1197,42.0,Female,Desktop,3.19,5,11,0,1,1,1,3.22,57.11,1
1198,56.0,Female,Mobile,9.31,8,12,2,0,0,1,11.6,54.73,1
1199,26.0,Female,Desktop,3.55,6,8,9,1,0,1,3.2,49.5,1
1200,39.0,Male,Mobile,25.93,16,1,4,1,0,1,26.9,6.5,1
1201,21.0,Male,Desktop,18.14,12,7,1,0,0,0,14.49,64.8,1
1202,43.0,Female,Desktop,27.16,6,9,9,1,0,1,25.2,81.18,1
1203,46.0,Female,Mobile,20.96,13,7,5,1,0,1,30.54,9.46,1
1204,51.0,Female,Mobile,15.74,7,2,1,0,1,1,14.3,81.16,1
1205,40.0,Female,Mobile,15.79,8,4,3,0,0,0,23.51,78.72,1
1206,54.0,Male,Mobile,19.52,12,13,2,0,0,1,13.97,0.09,1
1207,28.0,Female,Desktop,17.71,2,7,0,0,1,0,14.51,24.62,1
1208,23.0,Male,Mobile,15.04,9,9,7,1,0,1,8.83,15.13,1
1209,35.0,Male,Mobile,25.53,13,12,7,1,1,1,31.97,51.13,1
1210,38.0,Male,Mobile,19.69,17,8,0,0,0,0,10.19,91.4,1
1211,59.0,Female,Mobile,24.24,13,6,5,1,0,0,31.22,60.27,1
1212,53.0,Male,Desktop,23.8,16,3,0,1,0,1,25.64,60.18,1
1213,58.0,Male,Mobile,6.54,1,3,8,0,0,1,8.17,12.28,1
1214,55.0,Female,Tablet,19.85,7,2,0,1,0,1,25.47,66.64,1
1215,51.0,Female,Tablet,6.79,13,10,2,1,1,0,4.24,88.83,1
1216,34.0,Female,Mobile,17.92,14,0,8,0,0,1,9.34,42.93,1
1217,54.0,Male,Mobile,20.65,17,5,0,1,0,1,13.81,68.18,1
1218,42.0,Female,Desktop,29.92,16,9,1,0,1,1,14.3,29.49,1
1219,55.0,Male,Mobile,1.89,15,5,3,1,0,1,1.08,26.89,1
1220,29.0,Male,Mobile,3.65,17,9,6,1,1,1,3.49,18.51,1
1221,40.0,Female,Unknown,3.23,2,9,7,0,0,0,2.54,24.15,1
1222,59.0,Male,Mobile,12.55,12,8,0,1,1,0,10.84,34.28,1
1223,39.0,Male,Desktop,24.83,3,10,0,0,1,1,35.76,56.67,1
1224,38.0,Male,Mobile,25.48,9,2,4,0,1,1,31.19,78.07,0
1225,44.0,Male,Mobile,22.37,6,3,7,0,0,0,25.91,28.96,1
1226,48.0,Female,Tablet,27.01,6,2,0,1,1,0,31.16,16.81,1
1227,23.0,Male,Desktop,10.36,7,2,2,1,1,1,10.93,44.98,1
1228,44.0,Female,Mobile,3.56,8,0,5,0,0,0,3.61,78.95,1
1229,57.0,Male,Desktop,2.69,3,13,0,0,1,1,3.72,38.93,1
1230,51.0,Male,Mobile,25.71,15,9,2,0,0,1,14.78,91.33,1
1231,29.0,Female,Desktop,22.18,6,5,0,1,1,1,17.49,24.79,1
1232,24.0,Male,Mobile,21.26,11,14,3,0,1,0,12.84,75.83,1
1233,27.0,Male,Mobile,10.85,3,14,8,1,1,1,5.54,46.78,1
1234,34.0,Male,Desktop,12.02,16,8,4,0,1,0,6.18,10.71,1
1235,43.0,Male,Mobile,28.79,6,4,2,1,1,0,15.09,28.11,1
1236,38.0,Male,Tablet,2.85,11,11,9,1,1,0,3.37,85.82,1
1237,45.0,Male,Mobile,23.44,8,11,6,1,0,0,14.33,0.59,1
1238,19.0,Female,Tablet,9.98,10,11,5,1,0,0,14.3,75.63,1
1239,18.0,Female,Tablet,2.13,10,13,8,1,0,0,1.96,81.14,1
1240,53.0,Female,Mobile,22.53,3,9,3,1,0,0,17.33,11.98,1
1241,43.0,Male,Desktop,10.6,14,1,3,0,0,0,13.96,96.22,1
1242,46.0,Male,Mobile,21.94,19,9,8,0,0,0,24.65,87.23,1
1243,38.0,Male,Tablet,21.52,9,3,1,0,1,0,17.93,17.85,1
1244,28.0,Female,Mobile,16.51,13,11,9,1,1,0,13.5,24.15,1
1245,57.0,Male,Desktop,23.54,9,5,1,1,1,0,27.86,81.85,1
1246,28.0,Female,Mobile,17.85,12,13,8,1,0,1,11.97,54.64,1
1247,53.0,Male,Mobile,9.31,14,6,6,0,0,0,7.27,92.26,1
1248,56.0,Male,Mobile,22.29,5,11,4,1,1,1,19.02,97.91,1
1249,57.0,Male,Mobile,18.09,6,12,4,0,1,0,17.27,34.34,1
1250,52.0,Female,Unknown,1.37,13,12,8,0,0,1,0.95,9.7,1
1251,51.0,Male,Desktop,27.15,13,6,9,0,0,0,17.84,70.35,1
1252,41.0,Female,Desktop,16.82,0,13,4,1,1,0,25.06,92.31,1
1253,39.0,Male,Mobile,26.19,14,3,8,0,0,1,37.01,16.49,1
1254,22.0,Male,Mobile,26.6,11,9,7,0,0,0,27.23,98.54,1
1255,50.0,Female,Mobile,13.9,13,9,5,1,0,1,17.59,19.59,1
1256,53.0,Male,Desktop,15.72,12,4,4,0,1,0,18.46,8.63,1
1257,37.0,Male,Tablet,13.06,16,12,4,0,0,0,7.51,49.57,1
1258,36.0,Male,Mobile,14.03,6,3,4,0,1,0,14.28,80.56,1
1259,52.0,Male,Mobile,26.96,9,11,0,1,1,1,18.44,35.44,1
1260,34.0,Female,Mobile,23.86,17,9,4,1,0,1,25.87,33.18,1
1261,51.0,Female,Desktop,4.67,16,5,2,1,1,1,2.62,19.71,1
1262,26.0,Male,Desktop,18.7,12,10,5,1,1,0,12.4,98.61,1
1263,43.0,Male,Desktop,29.88,18,13,8,0,1,1,38.3,34.19,1
1264,19.0,Female,Mobile,18.27,9,6,2,1,1,0,24.54,66.65,1
1265,26.0,Male,Desktop,23.79,3,1,0,1,1,0,33.48,13.24,1
1266,26.0,Female,Desktop,23.3,10,13,7,0,1,1,32.54,44.98,1
1267,57.0,Male,Mobile,11.16,11,9,8,0,0,1,15.7,79.58,1
1268,34.0,Female,Mobile,11.78,2,11,9,1,0,0,7.01,97.03,1
1269,18.0,Female,Mobile,22.0,8,2,3,0,0,0,14.3,17.73,1
1270,42.0,Female,Mobile,15.5,11,10,9,0,1,0,14.3,9.47,1
1271,57.0,Female,Desktop,17.55,18,7,4,1,0,1,13.48,98.75,1
1272,59.0,Male,Mobile,21.67,7,6,2,1,0,1,32.35,55.42,1
1273,42.0,Male,Desktop,23.55,14,0,7,0,1,1,18.51,34.54,1
1274,56.0,Female,Mobile,8.87,7,0,2,0,1,1,9.53,96.03,1
1275,52.0,Female,Mobile,5.26,1,3,3,1,0,1,7.22,39.02,1
1276,20.0,Female,Mobile,9.46,12,4,9,1,0,1,7.47,49.5,1
1277,54.0,Female,Mobile,15.72,1,13,6,1,0,0,17.39,80.35,1
1278,47.0,Male,Mobile,10.92,3,2,1,0,1,1,14.3,31.4,1
1279,55.0,Female,Mobile,17.48,2,14,0,0,0,1,19.69,32.2,1
1280,51.0,Female,Mobile,2.55,3,3,3,0,0,0,2.31,44.5,1
1281,29.0,Female,Mobile,15.78,4,9,7,1,1,0,14.3,69.3,1
1282,36.0,Female,Mobile,11.67,14,9,0,1,1,0,12.98,84.18,1
1283,54.0,Female,Mobile,15.74,18,13,9,1,1,1,11.96,22.62,1
1284,34.0,Female,Mobile,13.25,5,9,2,1,0,0,17.31,36.25,1
1285,27.0,Female,Tablet,9.24,15,6,3,1,1,1,10.68,49.62,1
1286,29.0,Male,Mobile,27.22,16,7,3,0,1,1,16.59,2.56,1
1287,33.0,Female,Desktop,6.36,8,11,2,0,1,0,4.95,69.71,1
1288,41.0,Female,Mobile,20.76,8,8,2,0,1,1,13.66,56.6,1
1289,36.0,Female,Desktop,27.81,7,14,6,0,1,0,15.93,13.36,1
1290,25.0,Male,Mobile,16.62,6,12,7,0,0,1,12.14,13.03,1
1291,39.0,Male,Tablet,26.42,7,1,9,0,0,0,20.56,89.52,1
1292,38.0,Male,Mobile,4.62,19,3,3,1,0,1,4.47,68.33,1
1293,34.0,Female,Desktop,15.32,1,0,7,1,0,1,22.51,38.81,1
1294,40.0,Female,Mobile,14.25,13,2,7,1,0,0,20.57,33.81,1
1295,54.0,Female,Mobile,1.24,7,7,5,1,1,0,1.55,49.5,1
1296,33.0,Male,Desktop,13.85,1,6,0,0,0,1,15.88,65.47,1
1297,23.0,Female,Mobile,11.7,10,14,6,0,1,1,16.93,17.87,1
1298,25.0,Male,Mobile,20.42,13,14,6,0,0,1,13.12,98.74,1
1299,42.0,Male,Mobile,28.21,4,7,4,1,0,0,23.42,68.71,1
1300,35.0,Male,Desktop,3.49,7,14,5,1,0,0,3.68,12.71,1
0,42.0,Male,Tablet,10.5,6,10,8,1,1,0,13.8,13.8,1
1302,29.0,Male,Mobile,13.88,6,5,2,0,0,0,15.6,64.83,1
1303,32.0,Female,Desktop,14.2,11,4,3,0,1,1,14.3,38.32,1
1304,43.0,Female,Mobile,23.47,9,11,8,1,0,1,15.33,66.0,1
1305,58.0,Male,Mobile,15.74,7,11,9,1,1,1,9.6,72.25,1
1306,39.0,Unknown,Tablet,1.79,9,9,1,1,0,0,2.22,53.79,1
1307,49.0,Female,Desktop,21.59,6,8,8,1,1,0,18.32,25.66,1
1308,27.0,Male,Desktop,26.66,19,4,4,1,1,0,24.96,55.12,1
1309,33.0,Male,Mobile,15.9,14,8,2,1,0,0,20.54,42.19,1
1310,24.0,Female,Mobile,17.85,1,14,7,0,0,0,10.18,89.03,1
1311,34.0,Female,Mobile,5.73,16,14,8,1,0,1,3.83,74.02,1
1312,40.0,Female,Mobile,7.4,9,14,0,0,0,1,5.89,61.9,0
1313,43.0,Female,Mobile,7.82,15,12,4,0,0,0,10.82,3.97,1
1314,38.0,Male,Desktop,13.49,19,3,8,1,1,1,12.21,99.02,1
1315,39.0,Female,Desktop,27.92,10,11,1,0,0,1,21.0,56.63,1
1316,24.0,Male,Mobile,16.13,0,4,0,1,0,1,19.01,25.9,1
1317,31.0,Male,Mobile,6.57,3,0,7,1,0,0,3.48,59.15,1
1318,32.0,Female,Desktop,8.72,19,5,5,1,0,1,11.12,81.79,1
1319,24.0,Female,Mobile,12.14,13,2,1,1,1,0,14.54,53.86,1
1320,26.0,Female,Desktop,19.07,14,10,2,0,1,0,10.59,77.69,1
1321,25.0,Male,Mobile,13.76,7,14,4,0,1,1,13.73,41.3,1
1322,40.0,Male,Mobile,12.38,2,9,0,1,1,0,11.19,59.0,1
1323,46.0,Male,Tablet,17.38,14,1,1,0,1,0,11.44,42.23,1
1324,35.0,Male,Mobile,8.01,17,5,0,1,1,0,5.24,52.78,1
1325,48.0,Female,Mobile,3.29,13,0,6,1,1,0,2.17,16.75,1
1326,47.0,Male,Mobile,1.71,2,13,6,1,1,0,1.88,59.86,1
1327,56.0,Male,Tablet,8.29,5,11,9,1,0,0,5.56,97.9,1
1328,52.0,Female,Desktop,3.66,4,8,4,1,0,0,2.05,76.48,1
1329,35.0,Male,Mobile,10.75,3,4,9,0,0,0,15.67,32.0,1
1330,39.0,Male,Mobile,23.42,14,6,5,0,1,0,12.63,86.39,1
1331,56.0,Female,Desktop,15.74,11,10,2,0,1,0,25.34,89.57,1
1332,34.0,Male,Mobile,18.72,8,9,1,1,0,1,26.88,17.68,1
1333,39.0,Male,Desktop,25.72,9,8,9,1,0,1,13.84,5.31,1
0,48.0,Male,Mobile,9.18,16,8,8,0,0,0,13.46,57.25,1
1335,41.0,Male,Mobile,26.67,3,12,1,0,1,0,26.73,47.59,1
1336,52.0,Female,Desktop,12.58,10,6,0,1,1,1,16.17,71.47,1
1337,51.0,Male,Mobile,12.63,1,14,0,1,1,0,14.21,29.31,1
1338,20.0,Female,Desktop,12.76,9,3,7,1,1,0,14.25,38.02,1
1339,54.0,Male,Mobile,3.84,16,14,7,1,1,1,4.95,26.39,1
1340,57.0,Female,Mobile,29.29,9,3,6,0,0,1,16.56,29.21,1
1341,43.0,Female,Tablet,5.02,12,6,8,0,1,1,4.48,0.93,1
1342,40.0,Female,Mobile,10.89,1,7,2,1,1,0,16.0,51.08,1
1343,56.0,Male,Desktop,10.26,16,6,7,0,1,1,5.69,47.32,1
1344,32.0,Unknown,Mobile,3.17,8,10,0,0,1,1,2.42,35.59,1
1345,21.0,Male,Desktop,5.42,14,13,0,1,0,1,6.35,54.02,1
1346,46.0,Female,Desktop,2.3,14,13,5,0,1,0,1.38,39.18,1
1347,39.0,Male,Mobile,9.48,10,9,7,0,0,1,9.83,43.26,1
1348,42.0,Male,Desktop,26.13,1,3,7,0,0,1,31.71,0.2,1
1349,30.0,Male,Desktop,10.84,6,3,9,1,0,0,13.63,6.63,0
1350,35.0,Male,Mobile,4.59,9,7,0,1,1,0,14.3,15.07,1
1351,50.0,Female,Mobile,19.73,19,11,0,0,0,0,19.74,18.4,1
1352,33.0,Female,Mobile,29.9,16,13,8,1,0,0,14.3,45.22,1
1353,59.0,Male,Mobile,7.74,19,8,8,1,1,0,14.3,87.49,1
1354,19.0,Male,Mobile,9.11,11,0,6,1,0,0,10.75,40.6,1
1355,52.0,Male,Unknown,29.18,11,14,0,1,1,0,41.41,62.72,1
1356,59.0,Female,Mobile,6.18,0,11,9,0,0,1,7.31,2.58,1
1357,51.0,Male,Desktop,15.83,7,13,1,1,0,1,8.65,85.48,1
1358,47.0,Female,Mobile,7.95,12,12,7,0,1,0,8.0,49.5,1
1359,30.0,Female,Tablet,28.04,5,13,7,0,1,1,34.38,28.43,1
1360,30.0,Male,Mobile,29.46,1,2,4,0,1,1,16.0,81.67,1
1361,35.0,Male,Mobile,24.63,11,11,1,1,1,0,31.09,26.49,1
1362,49.0,Male,Desktop,10.13,15,9,2,0,0,1,7.92,25.8,1
1363,49.0,Female,Mobile,12.7,10,0,4,1,0,1,13.83,60.3,1
1364,52.0,Female,Mobile,8.03,15,14,2,1,0,1,11.77,90.32,1
1365,56.0,Male,Mobile,26.83,13,4,9,1,1,1,40.11,21.36,1
1366,46.0,Female,Mobile,27.52,15,5,0,0,1,1,31.22,62.08,1
1367,46.0,Male,Mobile,13.15,2,10,5,1,1,1,13.04,60.02,1
1368,33.0,Male,Tablet,20.04,13,8,4,0,0,1,13.58,65.95,0
1369,27.0,Female,Mobile,5.8,12,4,2,1,0,0,4.11,94.68,1
1370,47.0,Female,Desktop,13.61,4,0,8,1,1,0,12.65,16.59,1
1371,42.0,Female,Desktop,19.31,12,10,9,0,0,1,23.22,65.44,1
1372,56.0,Female,Mobile,12.18,15,10,7,1,1,1,15.46,18.24,1
1373,37.0,Male,Mobile,11.37,13,3,6,1,1,0,8.21,31.43,1
1374,22.0,Male,Desktop,1.03,2,1,1,0,1,1,1.07,39.0,1
1375,18.0,Male,Desktop,24.32,16,3,0,0,0,0,26.55,83.54,1
1376,47.0,Female,Mobile,26.79,14,13,4,0,0,1,37.32,5.37,1
1377,20.0,Male,Mobile,29.11,2,6,4,0,0,1,40.07,73.37,1
1378,31.0,Female,Mobile,21.86,17,8,5,0,1,0,28.8,91.26,1
1379,47.0,Female,Mobile,16.91,16,11,5,1,0,0,17.19,7.92,1
1380,21.0,Female,Mobile,8.81,0,2,2,1,0,1,4.98,79.07,0
1381,35.0,Male,Desktop,29.98,11,2,3,0,1,1,25.02,10.76,1
1382,54.0,Female,Mobile,18.1,13,10,0,0,0,0,20.3,96.29,1
1383,42.0,Female,Desktop,20.75,6,3,0,1,0,1,23.61,81.54,1
1384,18.0,Female,Desktop,20.79,17,6,4,0,1,1,28.05,69.5,1
1385,32.0,Female,Mobile,25.51,1,5,3,1,0,1,22.43,55.01,1
0,26.0,Female,Mobile,1.28,0,13,6,0,0,0,1.84,92.08,1
1387,32.0,Female,Desktop,7.39,18,4,6,1,1,1,4.9,11.91,1
1388,41.0,Female,Desktop,20.3,11,3,3,1,0,0,11.16,12.18,1
1389,21.0,Female,Unknown,26.96,14,11,9,0,0,1,18.24,82.25,1
1390,29.0,Female,Mobile,20.87,2,7,1,0,1,1,20.08,48.23,1
1391,54.0,Female,Mobile,12.99,11,11,9,1,0,1,17.18,84.51,1
1392,54.0,Female,Mobile,11.49,2,3,3,1,0,1,7.51,39.07,1
1393,23.0,Female,Mobile,22.4,4,2,7,0,0,0,23.48,45.19,1
1394,56.0,Male,Desktop,22.5,13,6,1,0,0,0,28.72,33.21,1
1395,41.0,Unknown,Mobile,18.6,6,1,4,1,0,0,9.95,95.07,1
1396,28.0,Female,Desktop,9.45,7,3,6,1,0,0,5.12,46.5,1
0,30.0,Female,Mobile,27.83,3,7,9,1,0,1,27.57,75.51,1
1398,51.0,Female,Desktop,17.0,4,3,5,0,1,0,11.6,69.59,1
1399,42.0,Male,Tablet,23.92,3,9,8,0,0,1,22.74,23.51,1
1400,24.0,Male,Mobile,7.21,1,11,0,0,0,0,3.92,91.4,1
1401,21.0,Male,Tablet,10.98,19,6,3,0,0,0,16.22,54.47,1
1402,25.0,Female,Mobile,26.36,13,1,6,0,1,1,30.42,85.58,1
1403,37.0,Female,Mobile,2.45,14,10,7,1,0,0,2.91,83.22,1
1404,46.0,Female,Desktop,15.86,16,4,4,1,1,1,16.01,5.87,1
1405,27.0,Female,Tablet,14.97,4,11,4,0,0,0,19.83,61.98,1
1406,51.0,Male,Mobile,22.79,17,12,3,1,1,1,30.39,78.9,1
1407,43.0,Female,Mobile,9.17,10,3,8,1,0,0,6.04,90.65,1
1408,58.0,Male,Desktop,7.35,7,8,9,1,1,1,9.32,50.63,1
1409,20.0,Male,Desktop,27.86,0,6,3,1,0,0,29.72,75.07,1
1410,23.0,Female,Mobile,17.58,13,13,2,1,1,0,22.19,96.96,1
1411,22.0,Male,Desktop,4.04,14,8,8,0,0,1,5.73,82.78,1
1412,22.0,Male,Mobile,6.6,6,10,6,1,0,1,5.51,85.44,1
1413,40.0,Male,Mobile,29.97,0,12,8,0,0,0,32.1,40.73,1
1414,26.0,Male,Mobile,6.67,9,12,3,0,0,0,8.59,9.17,1
1415,52.0,Female,Mobile,18.7,16,9,2,1,1,0,27.8,96.6,1
1416,37.0,Female,Unknown,13.18,12,6,9,1,0,0,14.66,69.58,0
1417,59.0,Male,Mobile,26.68,16,1,7,1,1,0,14.3,17.12,1
1418,52.0,Female,Tablet,22.9,5,11,3,1,1,1,30.83,97.38,1
1419,35.0,Male,Mobile,18.31,11,1,9,0,1,0,22.91,71.58,1
1420,34.0,Female,Desktop,1.31,1,1,2,1,0,0,1.89,9.04,1
1421,41.0,Female,Desktop,26.51,10,4,3,0,0,0,19.34,17.08,1
1422,20.0,Female,Desktop,13.9,11,0,1,0,1,0,19.57,49.5,1
1423,49.0,Female,Desktop,28.02,15,12,3,1,0,1,19.81,95.38,1
0,52.0,Female,Mobile,15.37,3,6,6,0,1,1,16.37,36.48,1
1425,55.0,Male,Desktop,21.13,15,1,2,0,1,0,21.61,41.33,1
1426,30.0,Female,Desktop,3.01,11,3,0,0,1,0,14.3,39.55,1
1427,42.0,Male,Mobile,22.61,9,8,9,1,1,0,20.32,83.54,1
1428,26.0,Male,Desktop,10.8,2,7,7,0,1,0,6.95,45.33,1
1429,21.0,Female,Mobile,11.19,12,9,5,1,0,1,13.5,37.53,1
1430,31.0,Male,Unknown,4.44,16,1,2,0,1,1,4.91,62.19,1
1431,54.0,Female,Desktop,5.26,16,13,7,0,0,1,6.98,49.05,1
1432,51.0,Male,Mobile,6.39,1,3,5,1,1,0,8.04,53.34,1
1433,28.0,Unknown,Desktop,10.52,16,3,0,0,0,0,14.67,40.7,1
1434,58.0,Female,Mobile,26.87,6,1,8,1,1,0,35.98,46.05,1
1435,20.0,Female,Mobile,11.68,14,1,8,0,0,0,13.85,3.6,1
1436,45.0,Female,Mobile,22.01,11,4,8,0,0,1,21.26,92.58,1
1437,46.0,Female,Mobile,3.4,1,10,5,1,0,0,14.3,3.06,1
1438,39.0,Male,Desktop,18.14,17,3,5,0,1,0,14.65,77.28,1
1439,20.0,Female,Mobile,14.97,19,14,3,1,1,1,18.38,29.83,1
1440,42.0,Male,Mobile,29.36,2,7,7,0,1,0,16.43,11.23,1
1441,51.0,Male,Mobile,25.54,14,3,8,1,0,0,32.09,60.97,1
1442,29.0,Male,Mobile,14.19,8,14,6,0,0,0,14.42,70.7,1
1443,59.0,Male,Desktop,23.48,6,14,6,1,0,0,32.12,63.02,1
1444,26.0,Male,Mobile,6.6,9,7,1,1,1,0,7.65,57.61,1
1445,32.0,Male,Unknown,17.31,5,13,1,1,1,1,22.48,53.62,1
1446,57.0,Female,Tablet,3.16,5,4,9,0,1,0,2.12,54.11,1
1447,42.0,Male,Desktop,11.09,18,0,1,1,1,1,7.46,86.54,1
1448,22.0,Male,Desktop,7.55,14,13,3,0,1,0,5.37,9.02,1
1449,28.0,Male,Mobile,21.85,12,13,8,1,1,1,18.21,15.74,1
1450,51.0,Female,Mobile,15.21,12,8,4,1,1,1,21.36,81.27,1
1451,41.0,Female,Desktop,22.78,6,7,0,1,1,1,29.03,30.3,1
1452,32.0,Male,Desktop,15.94,4,0,0,0,1,0,13.78,77.16,1
1453,55.0,Female,Desktop,3.51,15,11,6,1,0,0,4.98,35.27,1
1454,25.0,Male,Desktop,22.33,15,2,4,0,0,0,28.56,92.54,1
1455,39.0,Female,Mobile,25.16,17,2,7,0,1,0,29.09,28.13,1
1456,43.0,Male,Mobile,27.2,3,14,0,1,1,1,25.47,42.69,1
1457,35.0,Female,Desktop,17.59,10,0,4,1,0,1,20.26,15.88,1
1458,23.0,Female,Desktop,22.85,8,6,3,0,1,0,24.98,66.67,1
1459,54.0,Female,Mobile,22.81,9,0,2,1,0,1,29.24,40.29,1
1460,30.0,Male,Desktop,5.52,3,0,6,0,0,1,4.01,94.12,1
1461,45.0,Male,Mobile,5.76,1,9,9,1,0,1,7.98,1.57,1
1462,22.0,Unknown,Mobile,3.06,11,12,0,0,0,0,3.34,38.77,1
1463,30.0,Female,Desktop,10.28,13,0,5,0,1,0,13.43,2.36,1
1464,34.0,Female,Desktop,14.73,12,13,7,1,1,1,12.48,32.9,1
1465,57.0,Male,Mobile,29.94,7,4,0,1,1,0,26.7,38.02,1
1466,49.0,Female,Mobile,13.5,2,11,5,0,1,0,19.4,25.81,1
1467,46.0,Male,Mobile,22.06,1,11,0,0,1,1,24.75,25.55,0
1468,20.0,Unknown,Desktop,21.11,3,12,0,0,1,0,17.26,26.01,1
1469,57.0,Male,Mobile,6.93,4,2,5,1,1,1,4.03,26.63,1
1470,51.0,Male,Desktop,2.7,17,12,4,0,0,0,2.52,28.23,1
1471,57.0,Female,Tablet,16.83,18,2,6,1,0,0,22.71,85.13,1
1472,44.0,Female,Unknown,21.31,17,3,4,1,0,1,16.01,3.91,1
1473,30.0,Female,Mobile,29.95,19,14,7,0,1,0,40.74,98.89,1
1474,50.0,Male,Desktop,11.4,4,12,1,0,0,0,7.54,28.15,1
1475,23.0,Female,Mobile,26.99,17,10,5,0,1,1,17.0,2.79,1
1476,41.0,Male,Mobile,12.08,2,9,4,0,1,0,13.36,17.52,1
1477,36.0,Male,Mobile,20.99,10,1,9,0,1,0,27.38,94.19,1
1478,33.0,Male,Mobile,18.35,12,12,1,0,0,1,23.49,99.75,1
1479,57.0,Male,Tablet,2.54,13,8,6,0,0,1,2.65,24.68,1
1480,45.0,Male,Mobile,3.27,11,12,3,1,0,1,3.72,22.54,1
1481,50.0,Male,Mobile,1.6,8,11,5,0,0,1,1.21,83.61,1
1482,58.0,Female,Tablet,11.75,5,3,4,0,0,1,12.35,91.42,1
1483,30.0,Female,Mobile,22.63,2,9,3,0,0,1,16.02,65.04,1
1484,42.0,Female,Desktop,6.01,12,2,1,1,0,1,8.58,93.58,1
1485,59.0,Female,Mobile,18.57,2,9,6,0,1,1,21.88,95.0,1
1486,53.0,Male,Mobile,9.38,6,10,4,0,1,0,9.99,75.97,1
1487,44.0,Male,Tablet,24.11,19,6,2,1,0,0,18.01,34.87,1
1488,55.0,Female,Mobile,24.15,12,12,5,0,1,1,21.95,14.95,0
1489,24.0,Female,Mobile,23.49,13,8,7,0,1,0,30.07,51.77,1
1490,22.0,Female,Mobile,16.22,17,11,9,0,1,1,11.99,28.96,1
1491,48.0,Female,Mobile,9.25,12,12,9,1,1,1,5.82,11.85,1
1492,40.0,Female,Mobile,24.47,3,1,1,1,1,0,19.76,39.4,1
1493,59.0,Female,Mobile,6.4,8,13,9,1,1,1,8.28,47.98,1
1494,27.0,Female,Mobile,9.4,16,5,3,1,0,0,13.0,66.2,1
1495,49.0,Female,Desktop,6.33,4,4,2,1,1,1,5.79,22.11,1
1496,47.0,Male,Mobile,20.55,13,0,6,1,1,1,26.33,86.85,1
1497,56.0,Male,Mobile,20.9,8,10,9,0,0,0,17.39,18.54,1
1498,48.0,Male,Mobile,19.92,1,6,7,1,0,1,20.1,99.72,1
1499,35.0,Male,Tablet,13.05,3,0,7,0,0,1,6.79,55.69,1
1500,53.0,Female,Tablet,3.9,1,9,3,1,1,0,4.73,14.68,1
1501,19.0,Male,Desktop,27.42,15,8,9,0,0,1,33.42,83.44,1
1502,31.0,Female,Desktop,15.72,18,3,1,0,1,1,9.44,25.37,1
1503,30.0,Male,Mobile,12.8,3,13,5,1,1,0,10.99,18.83,1
1504,46.0,Female,Mobile,18.08,15,7,2,0,1,1,17.78,13.48,1
1505,29.0,Female,Desktop,6.59,5,0,7,1,0,1,8.4,55.09,1
1506,56.0,Male,Desktop,4.84,10,4,2,0,1,0,6.41,87.93,1
1507,19.0,Male,Mobile,12.76,7,2,1,0,0,1,15.56,89.71,1
1508,49.0,Female,Mobile,7.59,8,3,8,1,1,1,5.43,78.56,1
1509,30.0,Female,Tablet,8.08,3,11,8,0,1,1,6.92,58.14,1
1510,44.0,Female,Desktop,26.88,18,3,8,0,0,1,20.09,52.99,1
1511,58.0,Male,Unknown,16.39,17,7,2,0,1,1,18.64,37.38,1
1512,34.0,Male,Desktop,15.02,16,9,1,1,1,0,17.23,4.41,1
0,57.0,Female,Mobile,20.99,13,9,3,0,1,0,10.83,83.66,1
1514,48.0,Male,Mobile,28.59,4,12,1,0,1,1,35.21,99.95,1
1515,51.0,Female,Mobile,4.25,3,2,7,1,0,1,3.1,92.08,1
1516,41.0,Male,Mobile,25.17,11,0,9,0,1,1,32.76,93.3,1
1517,52.0,Male,Mobile,17.94,2,4,0,0,0,1,23.91,33.32,1
1518,23.0,Male,Desktop,15.74,18,1,1,1,1,0,6.8,9.93,1
1519,36.0,Male,Mobile,9.62,4,12,5,0,1,1,8.74,87.16,1
1520,47.0,Male,Mobile,14.99,17,10,8,0,0,0,12.72,76.38,1
1521,24.0,Female,Mobile,21.04,6,12,9,1,0,1,19.67,39.04,1
1522,27.0,Female,Mobile,8.04,10,14,4,1,0,1,8.26,83.36,1
1523,58.0,Male,Desktop,15.74,11,13,4,1,0,1,12.38,13.87,1
1524,49.0,Female,Desktop,20.86,5,5,2,0,0,1,29.86,65.11,1
1525,39.0,Female,Tablet,14.01,18,3,7,0,1,1,14.07,95.34,1
1526,45.0,Male,Tablet,26.03,10,8,5,0,1,1,14.92,91.04,1
1527,32.0,Female,Mobile,26.21,9,6,9,0,0,0,39.24,76.08,1
1528,39.0,Male,Mobile,14.65,16,1,1,0,0,0,14.42,49.5,1
1529,54.0,Female,Desktop,29.21,10,6,4,0,0,0,42.27,10.26,1
1530,46.0,Female,Tablet,3.19,10,9,3,0,0,1,2.84,32.47,1
1531,39.0,Female,Desktop,1.1,4,13,9,0,1,1,0.8,61.74,1
1532,21.0,Female,Desktop,12.04,14,7,8,0,1,0,14.89,31.65,1
1533,37.0,Female,Desktop,18.43,8,2,3,0,1,0,17.19,41.31,1
1534,49.0,Female,Mobile,19.25,1,2,7,1,1,0,26.59,40.36,1
1535,53.0,Female,Mobile,14.82,16,10,0,0,1,1,14.29,33.58,1
1536,21.0,Male,Desktop,4.62,17,1,4,1,1,1,3.87,92.35,1
1537,44.0,Male,Desktop,5.94,10,11,8,0,0,1,8.71,32.0,1
1538,34.0,Male,Mobile,25.71,6,14,2,1,0,0,14.3,99.35,1
1539,29.0,Male,Mobile,26.17,7,0,5,1,1,1,18.47,20.93,1
1540,39.0,Female,Mobile,20.54,18,2,9,1,1,1,20.31,87.26,1
1541,34.0,Female,Mobile,20.26,2,9,5,0,1,0,12.43,73.23,1
1542,27.0,Female,Tablet,18.33,9,11,5,0,0,0,11.14,66.88,1
1543,18.0,Male,Mobile,6.88,5,10,3,1,0,0,9.31,44.53,1
1544,39.0,Male,Mobile,13.42,8,6,6,0,0,1,19.22,81.66,1
1545,43.0,Male,Mobile,21.18,5,10,2,1,0,0,26.24,49.22,1
1546,35.0,Female,Desktop,16.58,15,8,5,0,0,1,24.69,13.55,1
1547,31.0,Male,Mobile,1.54,8,13,9,1,1,1,0.84,28.05,1
1548,46.0,Female,Mobile,28.65,5,8,4,1,1,1,23.82,18.24,1
1549,29.0,Male,Mobile,25.5,5,12,2,1,1,1,16.12,56.96,1
1550,53.0,Female,Mobile,8.56,17,5,1,1,0,1,10.97,65.54,1
1551,52.0,Male,Mobile,18.88,9,13,0,1,0,0,26.25,33.59,1
1552,29.0,Female,Mobile,27.77,2,14,7,0,0,0,26.3,49.5,1
1553,24.0,Male,Tablet,3.78,1,5,0,0,0,0,5.02,65.87,1
1554,46.0,Male,Mobile,15.59,11,10,4,1,0,0,21.01,6.2,1
1555,28.0,Female,Mobile,14.23,15,4,4,0,1,1,9.1,96.57,1
1556,50.0,Female,Desktop,12.9,1,14,0,0,1,0,11.31,88.73,1
1557,23.0,Male,Mobile,25.23,7,1,8,1,0,1,17.36,83.09,1
1558,32.0,Female,Desktop,12.04,19,6,4,0,1,0,14.09,36.75,1
1559,49.0,Male,Mobile,2.85,15,0,8,0,0,1,2.53,74.5,1
1560,28.0,Female,Mobile,2.91,6,5,5,1,0,1,3.4,4.59,1
1561,40.0,Male,Desktop,2.24,10,13,6,0,0,1,3.08,8.96,1
1562,43.0,Female,Tablet,12.87,12,3,6,1,0,0,11.75,49.45,1
1563,51.0,Male,Unknown,21.83,13,2,1,1,0,1,32.13,58.68,1
1564,51.0,Male,Mobile,6.91,15,14,4,0,1,0,6.28,76.7,1
1565,46.0,Male,Mobile,19.75,19,10,1,1,1,1,14.1,29.77,1
1566,21.0,Female,Tablet,20.93,17,12,3,0,1,1,21.54,54.26,1
1567,34.0,Male,Tablet,8.4,13,0,2,1,1,1,7.55,6.25,1
1568,52.0,Unknown,Mobile,18.42,2,13,5,1,0,0,11.51,47.09,1
1569,30.0,Female,Mobile,20.86,18,5,4,1,1,1,10.91,67.13,1
1570,58.0,Unknown,Mobile,14.53,11,12,0,1,0,0,18.08,98.96,1
1571,56.0,Male,Mobile,10.76,5,6,1,0,0,0,15.42,76.8,1
1572,32.0,Female,Mobile,18.96,4,10,6,0,0,0,17.83,99.55,1
1573,39.0,Female,Mobile,29.36,2,0,8,0,1,1,16.6,49.79,1
1574,46.0,Female,Desktop,13.38,16,10,0,0,0,1,16.6,43.3,1
1575,28.0,Male,Tablet,12.36,7,0,3,0,1,0,16.9,83.42,1
1576,49.0,Female,Tablet,14.46,8,6,2,0,0,0,11.91,46.24,1
1577,19.0,Female,Mobile,3.21,8,10,4,1,0,1,2.32,75.61,1
1578,31.0,Female,Mobile,17.04,2,11,4,0,0,1,14.26,99.45,1
1579,37.0,Female,Desktop,10.53,15,5,9,0,1,1,14.83,72.46,1
1580,39.0,Male,Mobile,4.52,5,6,9,0,0,1,4.15,1.43,1
1581,28.0,Male,Desktop,14.52,19,14,1,0,1,1,16.76,18.03,1
1582,44.0,Female,Mobile,1.1,10,12,4,0,1,0,0.63,27.63,1
1583,20.0,Female,Mobile,12.65,9,7,3,0,0,1,9.89,82.21,1
1584,34.0,Female,Mobile,4.07,8,7,0,0,0,0,2.96,93.21,1
1585,45.0,Female,Mobile,1.7,5,8,0,0,1,1,0.96,64.97,1
1586,46.0,Male,Desktop,24.91,19,12,0,1,1,1,15.46,8.8,1
1587,38.0,Male,Mobile,27.57,13,8,7,0,0,1,25.27,49.95,1
1588,33.0,Male,Mobile,7.02,14,6,2,1,1,0,7.43,85.9,1
0,54.0,Male,Mobile,16.64,8,8,8,0,0,0,13.51,36.22,1
1590,37.0,Female,Desktop,9.06,16,5,9,0,0,0,8.33,6.53,1
1591,23.0,Female,Mobile,15.31,5,8,1,0,0,0,19.28,77.96,1
1592,36.0,Male,Mobile,13.66,1,10,8,0,0,1,10.21,65.71,1
1593,22.0,Male,Mobile,8.8,19,1,8,0,0,1,4.7,46.7,1
1594,20.0,Female,Mobile,21.31,19,10,3,0,1,1,16.13,84.98,1
1595,18.0,Female,Mobile,4.67,17,1,3,0,0,1,6.64,84.97,1
1596,55.0,Female,Desktop,2.54,10,13,3,0,1,1,1.32,70.1,1
1597,32.0,Female,Mobile,23.26,5,5,0,1,0,0,14.63,94.23,1
1598,51.0,Female,Mobile,20.31,7,2,4,1,0,1,11.48,45.39,1
1599,52.0,Male,Desktop,15.46,16,1,5,1,1,0,13.56,72.89,1
1600,42.0,Male,Mobile,14.57,3,7,3,0,1,0,16.72,83.07,1
1601,41.0,Female,Mobile,15.42,12,6,7,0,1,0,21.75,63.56,1
1602,39.0,Female,Mobile,13.67,14,7,2,0,0,0,17.69,55.31,1
1603,35.0,Male,Mobile,12.39,1,5,8,1,1,0,9.3,73.2,1
1604,32.0,Female,Desktop,15.49,7,8,6,1,1,0,17.58,35.45,1
1605,33.0,Male,Desktop,16.33,18,8,7,0,1,1,19.01,36.64,1
1606,44.0,Male,Desktop,21.07,4,1,6,1,1,1,12.44,97.66,1
0,25.0,Male,Desktop,21.63,16,9,8,1,1,1,20.05,11.88,1
1608,42.0,Male,Mobile,11.95,11,4,1,0,0,1,9.69,84.2,1
1609,34.0,Female,Mobile,12.99,18,8,3,1,1,0,8.54,78.87,1
1610,46.0,Female,Mobile,11.84,16,2,1,1,0,1,6.61,5.42,1
1611,25.0,Male,Mobile,15.74,7,4,7,0,0,0,8.73,70.35,1
1612,32.0,Female,Tablet,14.15,3,14,1,1,1,0,19.23,9.39,1
1613,44.0,Female,Desktop,26.8,5,7,7,0,1,1,22.26,21.05,1
1614,24.0,Female,Mobile,21.19,18,1,5,0,0,0,21.04,95.82,1
1615,20.0,Female,Mobile,27.06,17,14,6,0,0,1,21.42,36.22,1
1616,46.0,Unknown,Mobile,21.56,1,5,5,0,1,1,14.36,5.68,1
1617,41.0,Female,Mobile,29.16,16,10,8,1,0,1,22.2,52.12,1
0,20.0,Male,Mobile,19.44,15,3,3,1,0,1,13.02,20.64,1
1619,37.0,Male,Mobile,28.94,13,11,0,0,0,1,36.4,42.63,1
1620,32.0,Female,Desktop,5.59,7,14,8,1,0,1,7.87,10.17,1
1621,42.0,Male,Desktop,2.52,3,14,9,0,0,1,2.35,9.6,1
1622,39.0,Female,Mobile,17.79,13,13,7,1,1,1,23.53,50.41,1
1623,31.0,Female,Mobile,29.52,16,11,0,0,0,0,14.3,33.59,1
1624,24.0,Male,Mobile,13.11,1,5,9,0,0,1,12.41,15.53,0
1625,34.0,Female,Desktop,7.15,1,2,5,0,1,0,7.04,58.04,1
1626,37.0,Male,Desktop,16.12,16,5,9,0,1,0,21.28,6.22,1
1627,53.0,Male,Tablet,19.82,2,6,3,0,0,1,28.47,75.27,1
1628,26.0,Female,Mobile,10.14,18,9,1,0,0,1,12.62,5.13,1
1629,55.0,Female,Desktop,21.73,18,2,2,0,0,1,30.17,97.04,1
1630,39.0,Female,Mobile,29.28,5,4,8,0,1,1,33.46,73.56,1
1631,19.0,Male,Mobile,27.01,5,12,4,1,0,1,36.17,89.72,1
1632,41.0,Female,Mobile,9.46,8,11,6,1,0,0,10.0,43.99,1
1633,25.0,Male,Mobile,10.47,9,7,1,1,0,1,13.33,5.81,1
1634,28.0,Male,Desktop,11.77,14,14,7,1,1,1,14.19,22.94,1
1635,30.0,Female,Mobile,12.44,13,0,2,1,1,0,15.54,97.11,1
1636,34.0,Female,Mobile,3.91,18,6,0,1,1,0,2.87,61.89,1
1637,25.0,Female,Mobile,23.1,4,12,7,1,1,0,15.1,22.79,1
1638,38.0,Male,Mobile,11.59,18,0,8,1,1,0,13.36,48.28,1
1639,35.0,Female,Mobile,15.74,15,6,7,0,0,0,26.06,31.74,1
1640,47.0,Male,Mobile,27.88,7,0,0,1,1,1,35.26,48.97,1
1641,35.0,Female,Mobile,1.71,13,3,6,1,1,1,1.11,83.66,1
1642,48.0,Female,Mobile,29.67,2,14,6,1,0,0,42.95,22.26,1
1643,55.0,Male,Tablet,21.59,9,3,3,1,0,0,26.0,39.91,1
1644,49.0,Male,Mobile,16.09,5,11,7,0,0,1,8.41,44.61,1
1645,28.0,Female,Mobile,12.3,1,4,4,0,0,0,13.24,58.71,1
1646,42.0,Female,Mobile,16.04,19,1,3,1,0,0,13.03,7.77,1
1647,39.0,Female,Desktop,10.41,19,13,4,1,0,0,8.06,20.7,1
1648,55.0,Female,Desktop,19.06,13,13,1,0,1,0,26.73,39.78,1
1649,58.0,Female,Mobile,3.7,6,11,3,0,1,1,4.94,80.93,1
1650,25.0,Male,Mobile,19.01,10,10,9,0,1,0,9.69,18.68,0
1651,28.0,Male,Desktop,8.99,11,11,7,1,0,0,6.13,88.15,1
1652,39.0,Male,Desktop,1.51,16,14,6,0,0,0,1.84,33.92,1
1653,41.0,Male,Desktop,17.03,1,5,7,0,1,0,22.96,25.38,1
1654,58.0,Female,Desktop,17.77,19,5,6,0,1,0,21.64,40.94,1
0,34.0,Male,Desktop,13.37,5,13,6,0,0,1,13.71,55.37,1
1656,29.0,Male,Mobile,3.1,6,7,6,0,1,1,4.6,73.4,1
1657,49.0,Male,Mobile,26.91,6,12,0,0,0,1,34.91,47.69,1
1658,32.0,Female,Desktop,18.73,5,9,2,1,0,1,18.13,81.8,1
1659,33.0,Male,Desktop,4.36,6,11,0,1,0,1,4.72,81.87,1
1660,39.0,Female,Mobile,15.82,13,0,1,0,0,0,8.62,0.17,1
1661,45.0,Male,Tablet,15.42,1,3,9,0,1,0,22.59,79.16,1
1662,37.0,Female,Mobile,2.75,1,11,5,0,1,1,2.37,44.28,1
1663,50.0,Male,Mobile,18.6,14,1,1,1,1,1,21.6,96.71,1
1664,27.0,Female,Desktop,24.44,8,10,0,1,1,0,28.52,49.5,1
1665,57.0,Male,Mobile,22.72,9,7,7,1,0,1,12.65,38.4,1
1666,49.0,Female,Mobile,6.89,10,11,8,1,1,1,5.28,63.46,1
1667,50.0,Female,Mobile,26.01,6,3,6,0,1,1,30.07,19.42,1
1668,19.0,Male,Mobile,10.93,9,13,2,1,0,1,15.43,29.03,1
1669,50.0,Female,Mobile,28.45,18,7,0,0,0,0,36.38,20.21,1
1670,50.0,Female,Mobile,3.08,15,12,3,0,1,1,3.33,75.12,1
1671,39.0,Male,Mobile,15.1,4,1,9,0,0,1,11.06,0.82,1
1672,30.0,Male,Tablet,18.32,2,12,2,0,0,1,26.54,40.73,1
1673,47.0,Female,Tablet,8.18,6,13,2,0,0,1,7.39,83.76,1
1674,50.0,Male,Mobile,23.37,17,3,1,0,0,0,15.19,70.91,1
1675,30.0,Male,Desktop,19.18,7,11,9,0,0,0,10.01,42.18,1
1676,39.0,Male,Mobile,1.53,15,8,2,0,0,0,2.22,63.3,1
1677,39.0,Female,Mobile,18.64,2,4,4,1,0,0,23.82,49.5,1
1678,56.0,Female,Mobile,15.25,12,5,3,0,0,0,10.92,84.4,1
1679,19.0,Female,Tablet,6.68,10,9,0,1,1,0,4.29,57.26,1
1680,55.0,Female,Tablet,29.88,17,14,0,0,1,1,43.61,63.26,1
1681,56.0,Female,Mobile,27.02,18,14,0,0,0,0,20.02,98.86,1
1682,43.0,Female,Mobile,9.48,16,14,9,0,1,0,9.12,77.01,1
1683,32.0,Female,Mobile,16.69,10,11,8,0,0,1,18.54,28.6,1
1684,51.0,Male,Mobile,10.18,8,8,8,0,0,1,14.3,77.3,1
1685,59.0,Female,Mobile,23.49,13,8,8,1,1,0,19.84,92.85,1
1686,57.0,Female,Mobile,27.98,16,6,9,0,1,0,40.39,29.51,1
1687,28.0,Male,Desktop,11.41,8,10,3,1,0,1,13.7,81.73,1
0,20.0,Male,Mobile,24.36,12,1,3,0,0,1,21.14,23.78,1
1689,23.0,Male,Tablet,15.45,17,6,9,1,0,1,19.96,43.4,1
1690,26.0,Female,Desktop,12.5,16,8,6,0,0,1,16.71,49.5,1
1691,23.0,Unknown,Mobile,28.21,9,1,2,1,1,1,18.39,24.35,1
1692,26.0,Female,Desktop,15.8,19,6,9,0,1,1,17.17,18.73,1
1693,56.0,Female,Desktop,14.55,17,11,2,1,1,1,12.61,46.25,1
1694,48.0,Female,Mobile,20.5,8,6,3,1,1,1,20.64,78.32,0
1695,49.0,Male,Mobile,8.58,12,2,5,0,0,0,8.31,59.59,1
1696,58.0,Male,Tablet,10.42,9,5,0,0,1,1,10.46,70.12,1
1697,29.0,Female,Mobile,28.03,6,7,2,0,1,1,28.65,68.93,1
1698,25.0,Female,Mobile,20.68,10,9,4,1,1,0,11.77,54.45,1
1699,25.0,Female,Mobile,24.97,9,7,3,0,0,1,16.92,31.56,1
1700,45.0,Male,Desktop,8.86,4,13,7,0,0,1,9.45,42.17,1
1701,37.0,Female,Desktop,15.74,11,2,8,1,0,1,24.08,38.06,1
1702,24.0,Male,Tablet,29.17,6,5,7,0,0,0,36.36,7.91,1
1703,28.0,Female,Mobile,10.24,0,1,8,0,0,1,7.56,89.85,1
1704,37.0,Male,Unknown,5.65,4,13,7,0,1,0,4.87,64.19,1
1705,39.0,Female,Mobile,15.82,12,1,9,0,1,1,13.22,85.72,1
1706,21.0,Male,Desktop,12.25,9,12,0,1,1,0,15.55,77.61,1
1707,23.0,Male,Mobile,5.63,15,7,6,0,1,0,8.29,6.83,1
1708,39.0,Male,Mobile,26.77,9,10,8,1,0,1,22.9,21.63,1
1709,43.0,Male,Mobile,29.73,6,9,0,0,0,0,15.3,95.07,1
1710,20.0,Male,Mobile,17.49,11,4,9,1,0,0,25.13,46.19,1
1711,58.0,Male,Desktop,23.47,7,4,0,1,0,0,14.3,81.19,1
1712,59.0,Female,Desktop,25.91,14,10,9,0,1,0,34.57,57.55,1
1713,31.0,Female,Tablet,21.33,16,3,1,0,0,0,15.12,82.36,1
1714,28.0,Female,Mobile,2.28,15,10,4,0,1,1,2.61,73.46,1
1715,35.0,Female,Tablet,5.57,9,9,7,1,0,1,4.08,27.97,1
1716,29.0,Male,Desktop,3.06,19,3,7,1,1,1,1.57,99.12,1
1717,40.0,Female,Mobile,1.29,12,7,9,0,0,0,0.85,49.05,1
1718,29.0,Male,Tablet,9.87,11,2,3,1,1,1,14.04,58.5,1
1719,30.0,Male,Mobile,12.38,8,10,6,0,1,0,8.86,54.04,1
1720,42.0,Male,Desktop,7.99,3,2,6,0,1,0,8.67,88.52,1
1721,36.0,Female,Desktop,2.87,19,7,8,0,0,0,4.21,27.99,1
1722,53.0,Male,Desktop,16.37,3,2,8,0,0,0,9.42,6.17,1
1723,25.0,Female,Mobile,8.93,3,11,2,1,0,0,11.68,42.81,1
1724,46.0,Female,Mobile,24.09,6,1,7,0,1,0,26.44,91.83,1
1725,49.0,Female,Mobile,1.23,11,12,4,1,1,1,1.01,43.93,1
1726,35.0,Female,Mobile,25.43,14,10,4,0,1,0,21.98,27.76,1
1727,23.0,Female,Desktop,28.69,2,12,7,0,1,1,15.12,61.85,1
1728,35.0,Male,Desktop,21.77,12,12,5,0,0,1,16.45,73.75,1
1729,36.0,Male,Tablet,15.74,16,4,9,1,1,0,20.57,46.28,1
1730,39.0,Female,Mobile,28.07,3,10,9,0,0,0,34.16,38.0,1
1731,54.0,Male,Desktop,7.06,16,2,0,0,1,0,5.47,36.45,1
1732,49.0,Female,Tablet,29.84,10,5,3,1,0,1,32.24,42.13,1
1733,58.0,Male,Desktop,23.43,5,10,8,1,1,0,28.86,84.27,1
1734,20.0,Male,Mobile,22.07,13,6,4,1,1,0,26.45,48.26,1
1735,45.0,Male,Mobile,11.47,12,2,3,0,0,1,12.51,31.44,1
1736,27.0,Male,Mobile,16.83,1,8,9,0,0,1,18.18,18.23,1
1737,52.0,Male,Desktop,19.96,11,9,0,0,1,0,24.38,28.26,1
1738,46.0,Male,Desktop,18.99,19,0,8,0,1,0,15.87,46.27,1
1739,32.0,Male,Tablet,21.44,15,13,7,1,1,1,20.37,54.78,1
1740,50.0,Male,Mobile,3.39,18,6,2,1,0,0,4.97,62.15,1
1741,24.0,Male,Unknown,11.31,16,3,8,1,0,1,13.22,7.14,1
1742,29.0,Male,Desktop,13.59,7,6,0,1,0,0,13.86,61.32,1
1743,47.0,Male,Desktop,8.56,10,8,3,1,0,1,9.23,35.2,1
1744,38.0,Male,Tablet,6.01,16,8,4,1,0,0,3.63,25.7,1
1745,48.0,Male,Desktop,5.03,17,0,3,0,1,1,5.49,33.11,1
1746,41.0,Female,Mobile,11.63,7,9,3,0,1,0,15.54,78.45,1
1747,37.0,Male,Desktop,15.31,11,12,8,1,0,1,15.67,80.33,1
1748,54.0,Male,Desktop,2.83,17,11,4,1,1,1,1.92,10.38,1
1749,21.0,Male,Mobile,28.45,5,3,0,0,0,0,26.98,49.47,1
1750,45.0,Male,Mobile,23.19,1,6,6,1,0,1,18.04,52.95,1
1751,37.0,Male,Mobile,22.19,3,9,5,0,0,0,19.08,3.02,1
1752,41.0,Male,Mobile,6.01,16,5,8,0,0,1,4.36,71.71,1
1753,49.0,Female,Desktop,18.51,15,14,3,1,0,1,14.3,36.68,1
1754,58.0,Female,Mobile,16.36,4,8,9,1,1,0,21.62,41.8,1
1755,53.0,Female,Mobile,29.49,12,12,5,0,0,1,37.09,60.99,1
1756,51.0,Male,Unknown,22.68,1,6,0,0,1,0,22.47,46.89,1
1757,53.0,Male,Mobile,17.7,17,14,6,1,1,0,22.7,74.79,1
1758,19.0,Male,Mobile,25.67,15,2,0,0,0,0,37.88,59.59,1
1759,32.0,Female,Desktop,5.5,10,6,8,1,1,0,4.98,22.6,1
1760,51.0,Male,Mobile,1.44,11,9,0,0,1,1,14.3,87.05,1
1761,53.0,Male,Mobile,21.02,18,13,0,1,0,0,15.68,21.58,0
1762,23.0,Female,Mobile,3.85,2,4,2,0,1,1,5.6,71.35,1
1763,56.0,Female,Mobile,4.35,6,13,8,1,1,1,5.94,79.22,1
1764,59.0,Male,Mobile,22.6,16,1,4,1,1,1,15.8,68.83,1
1765,29.0,Male,Mobile,8.85,7,9,0,1,1,1,7.52,42.18,1
1766,20.0,Male,Desktop,19.23,19,2,4,1,0,0,23.23,87.8,1
1767,35.0,Male,Desktop,27.6,12,5,5,1,0,0,19.09,32.77,1
1768,57.0,Female,Mobile,10.18,18,12,3,0,1,0,11.1,68.71,1
1769,38.0,Male,Mobile,7.3,10,5,6,0,0,0,7.55,87.77,1
1770,32.0,Male,Tablet,4.09,0,6,2,1,1,1,3.24,15.54,1
1771,50.0,Female,Desktop,4.78,4,5,4,0,1,1,3.83,65.26,1
1772,52.0,Male,Mobile,2.8,17,8,5,0,1,0,2.85,90.1,1
1773,43.0,Male,Desktop,3.54,17,13,6,1,0,0,2.83,10.31,1
1774,25.0,Female,Desktop,13.53,4,4,9,0,0,0,9.2,14.58,1
1775,53.0,Female,Desktop,10.31,5,14,1,0,1,1,13.13,37.83,1
1776,47.0,Male,Mobile,21.49,1,4,4,0,0,0,23.25,99.43,1
1777,40.0,Female,Mobile,26.24,19,7,6,1,0,1,24.6,22.39,1
1778,59.0,Unknown,Unknown,23.76,11,7,6,0,0,0,16.19,32.47,1
1779,31.0,Male,Tablet,16.39,1,0,2,0,0,0,17.94,83.51,1
1780,31.0,Female,Desktop,3.97,8,2,7,1,1,1,4.48,13.07,1
1781,19.0,Male,Mobile,21.58,4,12,0,0,1,1,21.14,99.62,0
1782,54.0,Male,Tablet,11.52,15,5,3,1,1,1,10.05,73.89,1
0,22.0,Male,Tablet,3.48,17,5,2,0,1,1,4.76,95.92,1
1784,55.0,Male,Tablet,25.43,18,0,3,1,1,1,30.64,14.44,1
1785,58.0,Unknown,Desktop,10.81,3,1,8,1,0,0,9.26,23.24,1
1786,31.0,Male,Tablet,7.33,18,9,7,1,0,1,8.01,37.08,1
1787,39.0,Male,Mobile,26.27,7,6,3,0,1,0,19.28,5.1,1
1788,42.0,Male,Desktop,27.16,17,0,7,1,1,1,13.89,6.07,1
1789,37.0,Male,Desktop,10.83,18,9,0,0,1,0,14.82,90.38,1
1790,19.0,Unknown,Mobile,11.29,8,4,7,0,1,1,14.89,4.27,1
1791,56.0,Female,Mobile,17.81,11,0,9,0,0,1,20.29,75.0,1
1792,23.0,Female,Tablet,22.27,3,5,1,0,0,0,29.2,71.76,1
1793,34.0,Male,Mobile,2.83,7,14,5,1,1,1,3.62,7.28,1
1794,42.0,Female,Desktop,18.21,15,6,5,1,1,1,24.77,18.76,1
1795,45.0,Female,Mobile,28.63,10,7,2,1,0,0,39.85,45.48,1
1796,19.0,Male,Mobile,8.6,12,12,4,0,1,0,11.34,64.17,1
1797,52.0,Female,Mobile,27.36,12,11,0,1,1,0,36.98,89.58,1
1798,54.0,Male,Mobile,28.55,19,2,7,0,1,0,28.6,52.68,1
1799,22.0,Female,Desktop,8.81,19,13,7,0,1,0,10.64,93.64,1
1800,18.0,Female,Mobile,22.87,15,13,4,1,0,0,19.06,19.03,1
1801,57.0,Female,Mobile,7.92,5,2,6,1,1,0,10.78,49.5,1
1802,29.0,Female,Mobile,22.39,13,10,7,0,0,0,30.42,84.46,1
1803,53.0,Male,Mobile,24.13,9,0,0,0,0,1,13.66,23.33,1
1804,39.0,Male,Mobile,8.17,10,11,1,1,1,0,6.92,78.85,1
1805,48.0,Female,Desktop,21.76,8,2,4,1,1,1,14.61,40.03,1
1806,28.0,Male,Unknown,24.55,9,4,6,1,1,1,15.61,99.96,1
1807,27.0,Female,Mobile,11.4,6,5,3,0,1,0,10.43,9.16,1
1808,20.0,Female,Mobile,5.86,0,2,3,0,0,1,6.6,55.33,1
1809,31.0,Female,Mobile,3.67,10,3,3,1,1,1,3.1,78.3,1
1810,33.0,Female,Mobile,17.69,15,4,8,0,1,1,14.32,67.62,1
1811,27.0,Female,Mobile,29.36,13,4,8,0,0,1,17.45,50.56,1
1812,46.0,Female,Desktop,24.87,11,8,9,1,1,1,21.96,51.31,1
1813,27.0,Male,Tablet,13.64,0,7,7,0,1,1,13.24,40.54,1
1814,29.0,Male,Desktop,16.56,8,0,7,0,0,0,14.88,34.23,0
1815,47.0,Female,Mobile,9.11,18,1,6,0,1,0,10.75,59.37,1
1816,58.0,Male,Mobile,5.73,3,11,0,1,0,1,4.52,74.84,1
1817,18.0,Female,Mobile,14.98,3,14,7,1,1,1,18.22,27.93,1
1818,22.0,Male,Desktop,14.44,7,4,3,1,0,0,19.97,94.66,1
1819,37.0,Male,Tablet,16.14,18,11,0,1,0,1,17.61,36.48,1
1820,25.0,Male,Mobile,28.63,9,2,0,1,1,0,25.44,43.4,1
1821,29.0,Female,Mobile,18.51,18,6,2,0,0,0,12.58,41.11,1
1822,18.0,Male,Desktop,18.57,1,13,2,1,1,1,26.6,11.13,1
1823,37.0,Female,Desktop,4.71,4,10,9,1,1,1,5.9,11.59,1
1824,45.0,Female,Desktop,29.9,4,5,0,0,1,0,22.32,79.53,1
0,54.0,Female,Desktop,23.41,17,1,7,1,1,0,15.23,38.13,1
1826,54.0,Male,Tablet,26.44,2,7,3,0,1,1,14.52,21.6,1
1827,29.0,Male,Mobile,13.01,15,4,3,1,1,0,8.98,70.77,1
1828,54.0,Male,Tablet,15.56,13,5,5,0,1,0,19.18,95.97,1
1829,45.0,Female,Tablet,16.14,9,7,8,0,1,0,18.23,93.68,1
1830,32.0,Female,Desktop,6.63,7,12,8,1,0,1,9.73,72.34,1
1831,23.0,Male,Mobile,21.0,12,5,7,1,1,1,17.26,19.16,1
1832,37.0,Female,Mobile,27.19,12,9,0,0,0,1,34.98,15.41,1
1833,31.0,Male,Mobile,5.75,14,2,9,0,0,1,3.57,87.1,1
0,19.0,Male,Mobile,3.5,15,12,9,1,0,1,3.72,96.28,1
1835,26.0,Male,Desktop,22.41,1,6,1,0,0,0,21.67,62.23,1
1836,54.0,Male,Mobile,8.92,9,13,2,0,1,1,11.94,90.13,1
1837,37.0,Female,Mobile,19.09,16,3,4,0,1,0,22.94,81.49,1
1838,43.0,Male,Desktop,21.18,9,12,4,1,0,1,14.71,15.4,1
1839,46.0,Male,Mobile,10.34,16,5,9,0,0,0,15.34,22.3,1
1840,18.0,Male,Mobile,24.64,2,5,7,1,0,0,32.6,6.78,1
1841,52.0,Male,Mobile,16.95,10,10,1,0,1,1,14.49,47.41,1
1842,23.0,Unknown,Desktop,26.2,18,4,1,0,1,1,34.74,32.39,1
1843,54.0,Unknown,Mobile,23.14,13,12,0,1,1,0,33.71,42.6,1
1844,22.0,Male,Desktop,26.19,2,0,0,1,1,1,36.41,0.87,1
1845,50.0,Female,Mobile,1.58,13,13,8,1,1,0,1.67,72.12,1
1846,31.0,Female,Tablet,8.06,3,7,1,0,0,0,8.68,20.06,1
0,29.0,Female,Mobile,3.61,15,12,4,0,1,0,2.19,36.83,1
1848,59.0,Female,Mobile,13.82,3,13,2,1,0,1,9.19,40.24,1
1849,37.0,Male,Mobile,26.81,10,9,0,0,0,0,39.75,6.62,1
1850,41.0,Female,Mobile,14.56,6,1,7,1,0,0,18.49,36.55,1
1851,51.0,Female,Mobile,25.64,14,3,7,0,0,1,13.47,89.98,1
1852,42.0,Female,Mobile,10.49,9,12,5,1,1,0,10.99,89.32,1
1853,46.0,Male,Mobile,10.85,18,11,8,1,0,0,9.17,2.46,1
1854,56.0,Female,Mobile,26.97,8,2,6,0,1,0,21.89,49.5,1
1855,48.0,Female,Mobile,13.35,6,5,1,1,1,1,14.11,59.4,1
1856,40.0,Male,Mobile,23.9,15,10,0,1,1,1,19.6,20.48,1
1857,55.0,Female,Desktop,7.86,14,0,7,1,0,1,5.91,89.85,1
0,37.0,Male,Tablet,28.52,15,8,0,1,1,0,41.01,48.29,1
1859,40.0,Female,Mobile,17.66,6,4,7,1,1,1,9.53,32.58,1
1860,33.0,Male,Mobile,23.02,12,4,8,0,1,1,21.55,95.33,1
1861,59.0,Female,Tablet,3.6,10,3,0,1,0,1,3.64,31.79,1
1862,25.0,Female,Mobile,15.29,19,3,6,0,0,1,14.37,32.08,1
1863,38.0,Female,Tablet,27.13,8,12,4,1,1,0,31.4,13.31,1
1864,18.0,Male,Mobile,26.43,5,14,7,0,0,1,13.89,22.23,1
1865,25.0,Female,Desktop,2.36,10,12,3,1,0,0,3.27,76.05,1
1866,39.0,Male,Mobile,9.81,11,0,1,0,0,0,9.81,75.97,1
1867,49.0,Male,Tablet,13.86,14,8,6,1,0,1,14.6,38.66,1
1868,55.0,Male,Mobile,6.0,14,8,6,1,1,1,5.78,34.94,1
1869,22.0,Male,Desktop,22.17,2,12,7,0,1,1,20.94,41.84,1
1870,39.0,Female,Mobile,6.35,17,3,8,0,0,0,4.36,30.08,1
1871,51.0,Female,Mobile,11.05,15,9,5,0,0,0,11.1,60.78,1
1872,18.0,Female,Desktop,20.24,3,9,2,1,0,0,18.65,83.66,1
1873,43.0,Male,Mobile,14.98,3,3,4,0,0,1,14.5,0.94,1
1874,27.0,Female,Tablet,22.42,3,11,2,1,0,1,11.52,93.6,1
1875,47.0,Male,Mobile,28.88,3,6,9,0,0,0,18.22,11.8,1
1876,35.0,Male,Desktop,4.38,18,3,8,1,1,0,5.53,89.97,1
1877,34.0,Male,Mobile,15.74,6,0,4,1,0,1,19.83,23.36,1
1878,43.0,Female,Tablet,7.68,14,10,6,0,1,1,9.55,91.7,1
1879,25.0,Female,Tablet,13.02,3,14,9,1,1,0,8.74,78.73,1
1880,57.0,Male,Mobile,1.95,1,12,6,1,1,0,2.34,26.92,1
1881,29.0,Female,Desktop,4.94,10,8,6,0,0,0,3.9,2.83,1
1882,44.0,Female,Desktop,10.27,13,1,9,0,0,1,12.38,71.58,1
1883,25.0,Male,Mobile,10.92,9,4,3,0,1,1,6.41,82.18,1
1884,39.0,Male,Desktop,27.09,0,0,3,0,1,0,22.58,67.98,1
1885,39.0,Female,Mobile,22.51,10,7,2,0,0,1,13.94,38.17,1
1886,50.0,Male,Desktop,29.19,12,5,3,1,0,0,32.97,12.74,1
1887,18.0,Male,Mobile,18.37,19,14,8,1,0,0,16.4,34.7,1
1888,36.0,Female,Mobile,8.01,3,6,4,1,0,0,4.6,26.86,1
1889,48.0,Female,Mobile,10.5,19,1,5,1,0,0,10.78,72.31,1
1890,33.0,Male,Mobile,10.28,1,3,0,0,1,0,14.3,15.94,1
1891,31.0,Female,Desktop,10.47,15,13,0,0,0,0,13.8,81.95,1
1892,22.0,Male,Tablet,20.52,13,3,6,1,1,0,29.51,61.19,1
1893,58.0,Male,Mobile,16.39,7,11,6,1,1,0,21.47,48.26,1
1894,43.0,Female,Mobile,12.18,2,12,5,1,1,0,17.68,36.02,1
1895,45.0,Male,Desktop,5.32,11,1,3,1,1,1,7.43,50.75,1
1896,19.0,Male,Mobile,1.64,16,9,9,1,0,0,2.29,54.01,1
1897,23.0,Male,Mobile,7.35,14,3,7,0,1,0,5.48,23.7,1
1898,26.0,Female,Mobile,4.12,15,8,7,1,1,0,14.3,98.88,1
1899,50.0,Female,Mobile,23.78,19,7,0,1,0,0,31.14,90.95,1
1900,58.0,Female,Mobile,4.26,7,10,8,1,0,0,4.22,39.08,1
1901,42.0,Male,Desktop,22.0,9,13,7,1,1,0,31.73,25.4,1
1902,30.0,Male,Mobile,12.18,4,0,1,0,0,1,17.02,30.7,1
1903,26.0,Female,Desktop,3.13,6,12,8,0,0,0,4.36,98.02,1
1904,30.0,Female,Mobile,24.57,10,7,3,1,0,0,20.3,40.71,1
1905,48.0,Female,Mobile,17.81,3,13,9,1,0,1,11.27,91.19,1
1906,58.0,Male,Desktop,7.84,1,10,5,0,0,1,9.24,5.9,1
1907,28.0,Female,Mobile,26.95,6,0,1,0,1,1,25.35,77.68,1
1908,21.0,Male,Mobile,15.74,5,7,9,0,0,0,3.31,76.21,1
1909,51.0,Female,Desktop,6.85,15,13,3,1,0,0,9.27,65.1,1
1910,55.0,Male,Mobile,22.81,11,14,1,1,0,1,32.59,12.11,1
1911,21.0,Male,Desktop,21.57,13,9,8,1,0,1,23.03,98.14,1
1912,55.0,Female,Mobile,9.39,6,0,8,1,1,0,9.64,21.28,1
1913,36.0,Male,Desktop,2.8,5,7,4,1,0,1,3.77,70.97,1
1914,23.0,Female,Mobile,25.88,2,11,2,1,1,0,26.19,75.15,1
1915,51.0,Male,Mobile,10.1,17,4,2,1,0,1,14.14,75.99,1
1916,35.0,Male,Tablet,6.68,12,8,0,1,1,0,3.57,82.6,1
0,30.0,Female,Desktop,15.97,12,13,7,1,0,0,13.71,98.91,1
1918,58.0,Male,Mobile,27.4,14,8,2,1,0,1,36.57,9.6,1
1919,40.0,Female,Mobile,2.26,7,5,3,1,1,0,1.6,47.22,1
1920,36.0,Female,Mobile,23.21,14,0,1,0,0,1,20.87,97.48,1
0,28.0,Female,Unknown,17.6,7,11,7,0,1,0,8.98,88.21,1
1922,18.0,Male,Desktop,13.34,9,6,2,1,0,1,10.69,99.06,1
1923,41.0,Male,Desktop,22.58,14,2,1,1,1,1,18.48,58.24,1
1924,24.0,Male,Mobile,29.01,17,6,0,1,1,1,35.76,67.28,1
1925,42.0,Female,Desktop,7.65,17,7,9,0,0,1,9.01,26.38,1
1926,38.0,Female,Mobile,5.17,13,4,1,1,1,1,4.89,45.83,1
1927,32.0,Male,Mobile,27.47,18,4,1,1,0,0,33.75,2.09,0
1928,18.0,Male,Mobile,20.4,19,13,0,1,1,1,18.94,71.97,1
1929,29.0,Unknown,Tablet,13.7,17,3,0,0,0,0,12.8,92.59,1
1930,24.0,Male,Desktop,17.62,6,2,0,1,1,0,20.18,11.21,1
1931,39.0,Female,Mobile,22.62,12,11,5,0,1,1,27.66,45.44,1
1932,38.0,Male,Desktop,23.42,6,7,4,1,0,0,31.54,62.32,1
1933,36.0,Female,Tablet,27.68,3,10,0,0,1,0,34.64,63.22,1
1934,46.0,Male,Mobile,15.74,15,5,5,0,0,0,15.66,30.65,1
1935,42.0,Male,Mobile,9.51,3,13,7,1,0,1,10.09,1.98,1
1936,50.0,Female,Tablet,19.55,15,5,4,1,0,0,15.8,88.78,1
1937,49.0,Female,Desktop,13.06,1,1,2,0,0,0,9.94,49.5,1
1938,52.0,Female,Mobile,18.24,3,3,2,1,0,0,24.5,17.77,1
1939,55.0,Male,Mobile,13.18,5,14,1,0,0,1,16.04,96.28,1
1940,43.0,Female,Mobile,5.44,14,4,8,0,0,1,6.34,49.5,1
1941,28.0,Female,Mobile,14.61,4,10,8,1,0,1,11.09,87.4,1
1942,52.0,Male,Tablet,21.04,9,9,6,0,0,1,30.92,89.69,1
1943,25.0,Female,Mobile,24.18,18,4,0,0,0,1,14.06,98.94,1
1944,31.0,Female,Desktop,15.31,10,2,0,0,0,1,20.49,4.07,1
1945,27.0,Female,Mobile,5.79,8,9,3,1,1,1,4.12,5.3,1
1946,19.0,Male,Mobile,13.03,13,4,1,1,0,1,11.63,19.07,1
1947,26.0,Male,Mobile,23.8,2,4,2,0,0,1,22.08,65.64,1
1948,20.0,Male,Desktop,12.97,7,1,1,0,0,1,15.08,26.2,1
1949,38.0,Female,Mobile,21.2,11,4,0,1,1,0,22.19,49.56,1
1950,43.0,Male,Desktop,15.71,5,2,2,1,0,1,10.78,78.64,1
1951,25.0,Female,Mobile,8.0,18,14,6,0,0,0,4.24,18.58,1
1952,19.0,Unknown,Mobile,24.09,8,2,9,1,0,0,29.32,28.59,1
1953,23.0,Female,Mobile,3.44,10,4,8,1,1,0,3.46,72.75,1
1954,45.0,Male,Mobile,16.22,2,8,9,1,0,0,13.98,0.77,1
1955,46.0,Male,Desktop,7.06,3,13,8,0,1,0,5.54,75.74,1
1956,43.0,Female,Mobile,2.94,5,1,7,1,0,0,3.89,67.63,1
1957,42.0,Female,Desktop,15.59,16,8,5,1,0,1,20.2,12.96,1
1958,29.0,Male,Mobile,15.49,10,2,0,0,1,0,20.54,24.39,1
1959,22.0,Male,Mobile,21.5,11,12,7,1,1,0,15.46,1.54,1
1960,51.0,Male,Mobile,22.6,0,11,7,1,1,1,30.55,58.14,1
1961,54.0,Female,Mobile,22.11,16,6,8,1,0,0,32.85,39.71,1
1962,32.0,Male,Desktop,12.88,12,11,9,0,1,0,14.16,42.34,1
1963,53.0,Male,Desktop,19.32,2,13,5,1,0,1,10.57,10.32,1
1964,32.0,Male,Mobile,17.73,11,0,2,0,0,0,21.32,35.23,1
1965,40.0,Female,Mobile,13.23,1,0,5,1,0,1,13.73,91.9,1
1966,23.0,Male,Desktop,18.32,5,7,7,0,0,1,22.2,6.47,1
1967,38.0,Female,Unknown,28.47,14,8,6,1,1,0,19.59,97.5,1
1968,40.0,Female,Desktop,6.59,18,2,7,0,0,0,7.29,84.8,1
1969,33.0,Female,Mobile,27.27,7,5,0,0,0,0,28.34,20.3,1
1970,32.0,Male,Mobile,2.55,5,14,7,1,1,0,2.81,70.54,1
1971,42.0,Male,Tablet,9.94,8,13,4,0,0,1,12.2,9.09,1
1972,53.0,Male,Desktop,9.36,15,2,6,1,0,1,9.77,15.97,1
1973,28.0,Female,Mobile,19.16,5,5,3,0,1,1,15.75,48.8,1
1974,32.0,Male,Desktop,4.81,13,6,2,1,1,0,3.89,40.05,1
1975,21.0,Female,Desktop,26.59,19,4,5,0,1,0,31.78,81.5,1
1976,38.0,Male,Mobile,25.03,2,2,8,1,1,0,29.13,93.93,1
1977,30.0,Male,Mobile,19.91,5,0,3,0,1,0,18.36,49.5,0
1978,39.0,Male,Mobile,14.29,5,12,8,0,0,0,12.2,14.7,1
1979,36.0,Male,Mobile,28.06,6,4,2,1,1,1,31.43,68.62,1
1980,51.0,Female,Desktop,25.09,16,0,5,1,1,1,20.38,57.08,1
1981,31.0,Female,Mobile,15.48,2,11,4,0,0,1,22.65,37.02,1
1982,21.0,Female,Desktop,21.35,5,14,8,0,1,1,23.41,99.48,1
1983,44.0,Female,Tablet,17.44,15,8,5,0,1,1,19.04,45.6,1
1984,46.0,Male,Mobile,18.05,1,2,1,0,0,0,11.49,66.53,1
1985,45.0,Female,Mobile,10.6,19,1,3,1,0,1,11.76,50.28,1
1986,52.0,Female,Desktop,14.4,3,2,4,1,0,1,11.45,10.29,1
1987,25.0,Female,Desktop,3.27,19,6,8,0,0,1,3.11,14.11,1
1988,33.0,Male,Desktop,11.36,15,11,0,1,0,0,11.79,49.5,1
1989,59.0,Female,Mobile,21.18,3,10,8,1,0,0,20.71,80.17,1
1990,53.0,Female,Mobile,28.64,8,11,9,0,0,1,37.5,36.38,1
1991,47.0,Male,Mobile,28.93,15,9,0,0,0,0,17.34,6.7,1
1992,35.0,Unknown,Tablet,17.12,1,7,0,0,0,0,11.42,95.7,0
1993,19.0,Female,Mobile,18.59,6,1,3,1,0,1,12.21,49.71,1
1994,30.0,Female,Tablet,6.39,17,13,5,1,0,0,8.41,13.41,1
1995,21.0,Male,Mobile,21.16,16,12,1,0,1,0,13.08,19.85,1
1996,39.0,Female,Tablet,3.05,13,6,0,0,0,0,4.49,4.54,1
1997,42.0,Male,Desktop,9.26,1,10,3,0,1,1,13.6,70.99,1
1998,47.0,Female,Mobile,20.38,3,4,7,1,1,1,30.4,70.41,1
1999,28.0,Female,Desktop,10.0,6,8,5,0,0,1,14.8,60.25,1
2000,24.0,Female,Mobile,2.45,3,6,4,1,1,0,1.59,54.63,1
2001,48.0,Female,Mobile,25.12,15,0,0,1,0,1,29.07,38.15,1
0,27.0,Female,Mobile,10.0,15,0,2,1,1,0,9.0,95.06,1
2003,56.0,Male,Mobile,2.83,11,5,6,0,1,0,3.49,80.05,1
2004,30.0,Male,Mobile,3.17,6,8,9,1,1,1,2.87,90.76,1
2005,48.0,Female,Desktop,8.3,6,0,2,1,1,1,7.33,31.17,1
2006,24.0,Female,Desktop,6.16,9,2,4,1,0,0,8.65,97.83,1
2007,59.0,Female,Mobile,23.45,14,12,5,0,1,0,23.32,16.54,1
2008,59.0,Male,Desktop,10.33,11,4,8,0,0,1,12.81,5.63,1
2009,53.0,Male,Desktop,24.34,6,3,2,1,1,1,27.99,31.98,1
0,37.0,Male,Tablet,6.04,18,0,5,1,0,0,6.99,20.13,1
2011,21.0,Male,Desktop,15.29,15,9,1,1,1,0,12.98,51.75,1
2012,24.0,Male,Mobile,20.95,9,3,8,1,0,1,15.76,35.02,1
2013,18.0,Male,Mobile,19.91,11,3,8,1,1,0,27.58,17.17,1
2014,59.0,Male,Desktop,18.43,2,10,6,0,0,0,9.67,84.43,1
2015,30.0,Male,Mobile,27.82,6,11,8,1,0,0,18.72,50.8,1
2016,39.0,Female,Mobile,7.63,14,9,3,0,1,0,4.83,10.95,1
2017,38.0,Male,Mobile,15.32,14,12,9,0,1,1,22.2,7.53,1
2018,39.0,Male,Mobile,26.64,13,3,0,1,1,1,13.45,38.32,1
2019,45.0,Male,Mobile,3.26,5,2,0,1,1,1,1.66,90.8,1
2020,39.0,Male,Mobile,2.62,9,6,1,1,1,0,1.9,50.8,1
2021,43.0,Female,Mobile,7.77,11,0,9,0,0,0,6.05,13.91,1
2022,26.0,Male,Desktop,19.36,7,1,2,1,0,1,20.52,24.66,1
2023,32.0,Female,Mobile,8.54,2,0,1,0,1,0,12.48,4.95,1
2024,27.0,Female,Mobile,6.52,12,13,3,1,1,0,6.29,83.18,1
2025,41.0,Female,Mobile,14.31,5,3,7,1,1,0,11.29,94.61,1
2026,59.0,Male,Mobile,18.79,2,4,2,0,1,1,24.75,7.78,1
2027,25.0,Male,Mobile,8.21,14,10,3,1,1,0,7.27,17.3,1
2028,41.0,Male,Mobile,9.72,7,14,1,0,0,0,6.24,17.11,1
2029,33.0,Female,Unknown,15.74,5,9,0,1,0,1,24.33,80.37,1
2030,43.0,Female,Desktop,28.43,4,4,7,0,0,1,14.28,83.93,1
2031,44.0,Female,Mobile,20.57,10,1,6,0,0,1,14.5,41.93,1
2032,54.0,Female,Mobile,23.7,16,10,9,1,1,0,26.9,96.93,1
2033,21.0,Unknown,Mobile,11.64,6,2,1,1,1,1,7.01,25.95,1
2034,41.0,Male,Desktop,8.9,0,3,7,1,0,0,6.73,52.51,1
2035,36.0,Male,Desktop,14.17,9,9,9,0,1,1,12.66,99.63,1
2036,53.0,Female,Desktop,24.41,1,5,2,1,1,1,21.88,82.71,1
2037,56.0,Female,Mobile,14.23,16,5,6,1,1,1,20.96,48.72,1
2038,27.0,Male,Mobile,25.56,17,11,0,1,0,1,30.05,10.85,1
2039,42.0,Male,Mobile,29.67,13,1,2,0,0,0,15.93,90.44,1
2040,35.0,Female,Desktop,3.09,6,1,8,0,0,0,2.23,54.21,1
2041,36.0,Male,Mobile,2.32,2,8,3,0,0,0,2.59,30.83,1
2042,53.0,Male,Tablet,5.34,8,11,0,1,0,1,6.48,45.12,1
2043,27.0,Female,Unknown,12.15,4,1,5,0,0,0,10.7,31.09,1
2044,50.0,Female,Desktop,4.8,9,1,0,0,1,1,6.51,55.11,1
2045,22.0,Female,Mobile,26.25,7,2,9,1,1,1,37.89,49.5,1
2046,52.0,Male,Desktop,1.67,1,14,0,1,1,0,1.86,44.6,1
2047,51.0,Female,Mobile,10.16,14,8,1,1,0,1,10.79,42.63,1
2048,50.0,Male,Mobile,6.36,2,13,2,1,0,1,7.96,61.61,1
2049,38.0,Male,Mobile,28.01,8,5,1,0,0,1,35.91,1.42,1
2050,34.0,Female,Desktop,20.41,11,10,7,0,0,1,14.6,59.88,1
2051,39.0,Male,Mobile,27.45,5,14,5,0,1,1,27.0,59.31,1
2052,54.0,Female,Mobile,29.2,18,14,0,0,1,0,27.67,39.23,1
2053,32.0,Female,Unknown,15.42,12,11,5,1,0,0,22.23,24.69,1
2054,52.0,Male,Desktop,7.8,19,0,0,0,0,1,4.77,83.93,1
2055,45.0,Male,Desktop,6.62,5,11,8,1,0,1,9.56,34.48,1
2056,24.0,Female,Desktop,7.46,7,9,2,1,1,0,8.0,31.17,1
2057,49.0,Female,Mobile,21.55,2,4,0,0,0,1,16.98,46.32,1
2058,28.0,Female,Mobile,2.17,17,14,0,1,1,0,2.97,27.8,1
2059,27.0,Unknown,Mobile,2.49,13,6,1,1,1,0,1.37,83.08,1
2060,26.0,Female,Mobile,18.64,11,10,5,1,0,1,15.27,56.49,1
2061,31.0,Female,Tablet,19.62,5,14,0,1,0,1,24.57,75.44,1
2062,30.0,Male,Mobile,20.29,13,3,6,1,0,1,26.94,74.54,1
2063,42.0,Male,Mobile,11.78,13,14,3,0,1,0,7.86,78.82,1
2064,19.0,Male,Mobile,24.37,8,9,6,1,1,0,35.14,86.92,1
2065,52.0,Male,Desktop,16.48,11,9,3,0,1,1,9.13,91.95,1
2066,24.0,Female,Mobile,4.06,8,2,3,1,1,1,3.79,38.36,1
2067,38.0,Male,Mobile,24.12,10,6,0,1,1,0,14.41,44.37,1
2068,35.0,Male,Desktop,28.64,11,13,9,0,1,0,17.12,5.01,1
2069,20.0,Female,Unknown,2.74,1,9,9,0,0,0,3.87,92.57,1
2070,59.0,Male,Desktop,12.35,7,0,7,1,0,0,17.34,58.71,1
2071,56.0,Female,Mobile,15.14,8,5,1,0,0,1,16.89,71.23,1
2072,58.0,Female,Desktop,5.25,6,12,7,0,1,0,7.7,43.6,1
2073,28.0,Female,Mobile,26.16,14,10,9,0,0,1,25.93,47.38,1
2074,56.0,Female,Mobile,9.24,7,10,0,1,0,0,11.85,54.32,1
2075,41.0,Female,Desktop,23.71,3,10,6,0,0,0,14.16,49.5,0
2076,36.0,Male,Mobile,20.46,2,1,6,0,1,0,18.32,61.3,1
2077,21.0,Male,Mobile,18.34,18,1,5,0,0,0,18.62,81.12,1
2078,43.0,Male,Mobile,6.57,3,10,3,1,0,1,8.4,21.67,1
2079,55.0,Female,Desktop,7.4,14,7,4,0,1,1,6.18,20.58,1
2080,59.0,Male,Mobile,2.37,18,2,0,0,0,1,3.51,20.68,1
2081,49.0,Male,Tablet,7.98,13,8,1,1,0,0,9.85,0.48,1
2082,56.0,Male,Tablet,11.02,8,3,9,0,1,1,11.38,17.91,1
2083,39.0,Male,Desktop,25.16,4,13,6,1,0,1,20.9,11.87,1
2084,57.0,Female,Mobile,11.63,15,5,1,1,1,1,13.28,45.38,1
2085,54.0,Male,Mobile,22.88,12,0,7,1,1,1,26.84,12.72,1
2086,50.0,Female,Desktop,13.74,14,10,6,0,0,0,16.2,41.59,1
2087,53.0,Female,Mobile,23.76,7,14,9,0,1,0,25.81,99.95,1
2088,20.0,Male,Mobile,29.31,12,9,7,1,0,0,26.39,50.34,1
2089,26.0,Female,Mobile,7.96,9,9,3,0,0,0,10.48,92.46,1
2090,25.0,Female,Mobile,26.01,10,2,0,0,0,1,19.72,70.19,1
2091,50.0,Female,Mobile,19.03,8,3,6,1,0,0,21.42,89.43,1
2092,23.0,Female,Mobile,24.7,2,4,0,0,0,0,24.0,62.56,1
2093,58.0,Female,Desktop,19.9,16,12,6,0,1,0,27.72,81.01,1
2094,56.0,Female,Mobile,15.74,18,0,8,0,1,1,14.49,30.28,1
2095,21.0,Female,Unknown,7.61,10,13,4,0,0,0,10.32,37.19,1
2096,30.0,Male,Mobile,3.03,0,3,1,1,1,0,4.4,96.03,1
2097,19.0,Male,Mobile,16.53,6,4,0,0,0,0,10.36,26.75,1
2098,22.0,Female,Mobile,29.72,13,3,7,1,0,0,31.36,42.14,1
2099,44.0,Female,Desktop,22.4,19,9,3,1,0,1,31.0,65.12,1
2100,49.0,Male,Tablet,10.49,17,9,7,1,0,1,14.39,39.24,1
2101,38.0,Male,Mobile,24.99,2,6,1,0,1,1,14.3,2.09,1
2102,25.0,Male,Mobile,23.3,18,7,2,1,0,0,22.87,79.22,1
2103,55.0,Male,Mobile,9.17,7,11,2,0,0,0,6.63,33.56,1
2104,25.0,Female,Tablet,1.41,14,7,3,1,0,1,1.97,22.77,1
2105,20.0,Female,Desktop,4.43,15,2,8,0,0,0,2.23,50.56,1
2106,20.0,Male,Desktop,26.44,8,12,8,1,1,1,18.99,0.84,1
2107,39.0,Male,Mobile,25.26,9,4,4,1,0,1,22.96,86.39,0
2108,23.0,Male,Tablet,9.56,11,9,6,1,1,0,6.89,26.13,1
2109,19.0,Male,Mobile,9.27,3,14,8,1,1,1,13.66,92.27,1
2110,40.0,Female,Mobile,23.99,14,7,0,1,1,1,17.85,67.78,1
2111,19.0,Male,Desktop,28.19,8,6,1,1,1,0,24.31,54.86,1
2112,55.0,Male,Tablet,23.59,3,13,5,1,0,0,15.9,80.63,1
2113,34.0,Male,Mobile,18.56,18,8,2,1,1,0,26.48,99.33,1
2114,52.0,Female,Mobile,8.04,14,12,6,1,1,1,14.3,25.12,1
2115,51.0,Female,Mobile,16.25,8,9,4,0,1,0,12.38,35.51,0
2116,40.0,Female,Mobile,7.77,17,6,9,0,1,0,5.8,48.44,1
2117,47.0,Male,Mobile,24.43,8,1,7,0,1,0,26.52,53.95,1
2118,25.0,Male,Tablet,12.22,5,3,0,1,0,0,18.06,55.3,1
2119,39.0,Male,Desktop,25.18,12,11,8,0,0,0,37.12,54.9,1
2120,53.0,Female,Desktop,12.07,2,13,9,1,1,0,17.88,82.82,1
2121,22.0,Female,Desktop,24.9,17,11,5,0,1,0,22.08,40.46,1
2122,30.0,Male,Mobile,10.67,13,7,4,0,0,0,15.09,1.1,0
2123,46.0,Male,Desktop,13.76,14,8,7,1,1,0,12.99,87.57,1
2124,48.0,Female,Mobile,18.85,0,6,3,0,0,0,19.05,66.23,1
2125,33.0,Male,Mobile,3.04,9,4,8,1,1,1,3.1,18.95,1
2126,59.0,Male,Mobile,28.5,9,0,4,0,1,1,16.06,2.96,1
2127,47.0,Male,Unknown,17.63,6,14,0,0,0,1,11.94,31.58,1
2128,33.0,Female,Desktop,15.73,12,8,7,0,1,1,21.8,12.44,1
2129,29.0,Male,Tablet,25.34,10,11,8,1,1,0,35.38,89.68,1
2130,34.0,Male,Mobile,26.11,5,5,4,0,0,0,18.33,27.79,0
2131,33.0,Male,Desktop,16.15,18,1,4,1,1,1,12.96,70.57,1
2132,29.0,Male,Mobile,27.89,7,10,5,0,0,0,37.09,65.8,1
2133,25.0,Female,Desktop,2.88,13,9,8,0,1,0,2.03,71.4,1
2134,37.0,Female,Mobile,4.28,1,9,4,1,0,0,5.91,53.0,1
2135,20.0,Female,Mobile,18.31,6,1,1,1,1,0,24.23,49.5,1
2136,33.0,Male,Mobile,11.27,8,9,2,0,0,0,14.74,49.5,1
2137,47.0,Female,Desktop,14.46,9,0,9,0,0,1,20.12,37.76,1
2138,40.0,Male,Mobile,10.51,7,11,2,1,0,1,14.58,85.84,1
2139,45.0,Female,Tablet,12.74,10,3,8,1,1,1,18.06,45.87,1
2140,57.0,Male,Mobile,24.86,8,9,7,0,1,1,14.3,56.8,1
2141,22.0,Female,Tablet,18.21,2,10,5,1,0,1,20.16,46.5,1
2142,37.0,Female,Desktop,29.92,18,12,4,0,1,1,19.68,77.55,1
2143,57.0,Female,Mobile,23.82,15,1,9,1,0,1,26.42,53.98,1
2144,18.0,Male,Mobile,8.94,6,9,1,1,1,1,12.89,47.08,1
2145,47.0,Male,Desktop,8.67,14,10,8,0,0,1,12.72,25.78,1
2146,38.0,Male,Desktop,10.74,18,8,9,0,1,0,13.19,91.15,1
2147,37.0,Female,Desktop,25.45,0,1,7,0,1,0,30.38,86.32,1
2148,39.0,Unknown,Mobile,1.79,1,10,4,0,1,0,2.57,43.15,1
2149,39.0,Male,Mobile,7.68,1,8,5,1,1,1,6.08,65.97,1
2150,35.0,Male,Tablet,27.24,14,0,8,1,1,1,17.73,50.81,1
2151,25.0,Male,Mobile,19.56,1,13,0,1,1,1,15.45,17.62,1
2152,56.0,Male,Mobile,7.58,1,6,3,1,1,1,10.98,37.6,1
2153,49.0,Male,Mobile,7.36,4,14,4,1,1,1,14.3,85.32,1
2154,50.0,Female,Desktop,26.02,12,5,8,0,0,1,18.86,79.74,1
2155,33.0,Female,Desktop,26.92,15,5,4,0,0,1,18.65,10.25,1
2156,29.0,Male,Mobile,8.43,4,1,4,1,0,0,8.3,7.53,1
2157,55.0,Female,Mobile,13.19,10,14,2,1,1,0,17.1,85.35,1
2158,51.0,Female,Mobile,25.2,11,0,7,0,1,1,22.22,89.93,1
2159,31.0,Male,Mobile,23.36,6,9,6,1,0,1,14.02,29.42,1
2160,53.0,Male,Mobile,24.6,10,7,7,0,0,0,30.51,34.93,1
2161,50.0,Female,Tablet,16.03,12,7,3,1,0,1,17.79,33.58,0
2162,40.0,Male,Mobile,27.43,3,1,7,1,0,0,26.86,12.7,1
2163,19.0,Female,Mobile,10.45,15,3,9,1,0,1,15.3,74.5,1
2164,58.0,Female,Desktop,5.54,16,12,3,0,0,0,5.38,37.01,1
2165,38.0,Female,Mobile,21.55,10,12,0,0,0,0,26.56,83.62,1
2166,19.0,Male,Mobile,16.64,11,3,3,1,0,1,10.96,87.85,1
2167,44.0,Female,Mobile,25.78,16,14,4,1,0,1,23.63,91.28,1
2168,26.0,Male,Mobile,3.35,17,1,9,0,0,0,2.39,81.79,1
2169,18.0,Male,Tablet,25.47,14,10,7,0,1,1,21.6,78.89,1
2170,28.0,Male,Mobile,9.51,16,8,9,1,1,0,9.32,44.95,1
2171,20.0,Male,Mobile,19.99,14,11,5,0,1,0,13.48,2.69,1
0,40.0,Male,Desktop,2.16,6,13,9,1,0,0,2.81,11.21,1
2173,43.0,Female,Tablet,18.68,10,3,4,1,0,1,16.36,53.09,1
2174,21.0,Male,Mobile,21.8,17,3,2,1,1,0,30.45,36.0,1
2175,35.0,Male,Mobile,11.69,10,14,3,0,1,0,13.73,82.91,1
2176,23.0,Male,Tablet,7.25,10,14,5,0,0,1,4.91,56.31,1
2177,52.0,Male,Mobile,16.59,14,3,5,1,0,1,18.95,9.88,1
2178,39.0,Male,Desktop,25.16,17,4,5,1,1,0,13.16,47.85,1
2179,32.0,Female,Desktop,15.74,9,9,1,1,1,0,13.57,82.2,1
2180,39.0,Male,Desktop,8.32,15,11,7,1,1,0,12.27,86.31,1
2181,54.0,Male,Mobile,9.09,7,11,7,0,1,1,10.71,16.61,1
2182,59.0,Female,Mobile,28.52,2,7,5,1,1,0,40.68,10.03,1
2183,29.0,Male,Desktop,11.42,4,3,3,0,1,1,9.08,38.7,1
2184,59.0,Female,Mobile,1.1,18,2,1,1,1,1,1.02,6.55,1
2185,55.0,Female,Mobile,23.67,11,10,5,1,1,1,21.89,72.64,1
2186,35.0,Female,Mobile,21.28,5,0,5,0,0,0,13.02,44.75,1
2187,39.0,Female,Mobile,4.73,8,1,9,0,1,1,6.13,19.82,1
2188,47.0,Male,Tablet,29.56,5,3,2,0,0,0,29.41,10.25,1
2189,41.0,Male,Mobile,18.63,2,8,1,0,0,1,18.45,92.74,1
2190,59.0,Female,Tablet,15.74,5,14,3,0,0,0,18.13,4.31,1
2191,47.0,Female,Mobile,12.08,3,13,7,0,1,0,8.11,9.79,1
2192,31.0,Unknown,Mobile,27.06,12,0,4,1,0,0,35.45,23.42,1
2193,23.0,Female,Mobile,8.07,19,5,2,0,1,0,6.99,9.47,1
2194,20.0,Female,Desktop,9.29,7,5,4,1,1,1,5.38,64.43,1
2195,33.0,Female,Desktop,4.55,19,9,8,0,1,0,3.14,21.82,1
2196,24.0,Male,Mobile,23.01,4,2,7,0,1,1,17.32,47.99,1
2197,31.0,Female,Tablet,18.27,14,9,9,0,1,1,12.39,86.02,1
2198,26.0,Male,Mobile,18.66,19,8,6,1,1,1,13.85,82.48,1
0,32.0,Male,Desktop,7.34,18,13,3,1,1,1,10.98,14.62,1
2200,38.0,Male,Tablet,19.88,7,9,1,0,0,1,20.63,8.87,1
2201,52.0,Female,Desktop,23.2,15,2,8,0,0,0,25.59,66.43,1
2202,19.0,Female,Tablet,11.38,1,0,2,1,1,1,7.58,21.03,1
2203,44.0,Male,Mobile,24.24,12,1,5,0,1,0,13.19,78.15,1
2204,19.0,Male,Mobile,11.11,19,14,6,1,0,0,9.0,43.45,1
2205,52.0,Male,Mobile,22.99,6,14,2,0,1,0,29.19,15.45,1
2206,35.0,Female,Mobile,1.98,13,3,2,1,1,0,2.1,97.42,1
2207,31.0,Female,Desktop,16.98,6,3,2,1,0,1,8.67,5.56,1
2208,37.0,Unknown,Mobile,29.12,13,1,2,0,1,1,37.53,12.43,1
2209,35.0,Male,Desktop,29.46,15,9,2,0,0,1,17.79,81.2,1
2210,27.0,Female,Mobile,9.17,16,5,6,1,0,0,8.62,45.27,1
2211,42.0,Male,Mobile,13.8,8,14,4,0,1,0,20.69,93.81,1
2212,19.0,Female,Unknown,2.83,13,5,3,0,1,1,1.76,11.3,1
2213,42.0,Unknown,Mobile,26.33,13,2,5,0,0,1,34.62,15.7,1
2214,50.0,Male,Desktop,17.49,12,0,7,0,1,0,22.72,0.18,1
2215,53.0,Male,Mobile,12.17,19,9,1,1,0,1,11.5,21.71,1
2216,48.0,Female,Desktop,4.27,17,8,2,1,1,0,6.35,65.73,1
2217,31.0,Female,Mobile,28.46,3,3,1,1,0,0,22.99,72.33,1
2218,18.0,Female,Mobile,15.74,15,8,6,1,1,1,13.36,42.99,1
2219,33.0,Female,Desktop,9.2,17,4,1,1,0,1,6.0,25.74,1
2220,20.0,Female,Desktop,11.16,6,6,4,0,0,0,9.71,71.63,1
2221,52.0,Male,Mobile,8.85,19,2,9,1,0,0,7.05,17.26,1
2222,58.0,Female,Mobile,18.45,12,14,8,1,1,1,20.38,76.71,1
2223,23.0,Female,Mobile,27.97,4,2,7,0,0,1,15.12,78.66,1
2224,42.0,Female,Mobile,25.84,12,7,7,1,1,1,20.94,44.11,1
2225,30.0,Male,Desktop,14.35,2,0,2,0,1,1,7.24,19.36,1
2226,51.0,Male,Desktop,24.97,7,7,0,1,0,0,14.3,62.99,1
2227,25.0,Female,Mobile,13.27,16,7,1,0,0,0,17.52,85.35,1
2228,38.0,Female,Mobile,8.32,12,2,6,1,1,0,10.4,52.95,1
2229,51.0,Male,Desktop,29.52,16,0,3,1,0,0,36.73,46.11,1
2230,21.0,Male,Mobile,9.81,14,8,9,1,0,0,8.37,97.92,1
2231,42.0,Male,Desktop,10.39,1,3,4,0,1,1,12.46,53.74,1
2232,32.0,Male,Mobile,29.7,9,6,0,0,0,0,22.47,3.42,1
2233,21.0,Female,Desktop,15.74,7,8,1,1,1,0,3.95,50.2,1
2234,29.0,Male,Mobile,23.06,5,2,8,1,0,1,24.5,44.53,1
2235,49.0,Female,Desktop,28.14,10,4,5,0,0,0,33.76,29.21,1
2236,49.0,Female,Mobile,15.84,10,9,6,0,1,1,12.13,31.74,1
2237,45.0,Male,Mobile,1.07,18,10,4,0,0,1,1.26,93.08,1
2238,30.0,Male,Desktop,11.88,7,12,8,0,1,0,17.37,13.36,1
2239,48.0,Male,Mobile,4.24,18,2,9,0,0,0,4.21,76.4,1
2240,31.0,Male,Mobile,13.07,13,4,4,0,0,0,11.86,90.24,1
2241,37.0,Female,Mobile,23.91,11,10,5,0,1,0,17.51,25.95,1
2242,35.0,Female,Mobile,13.72,10,1,9,0,1,1,11.75,6.68,1
2243,46.0,Female,Tablet,13.53,9,3,8,0,0,1,13.92,30.71,1
2244,23.0,Male,Desktop,17.15,15,0,4,0,1,1,24.77,43.29,1
0,49.0,Female,Mobile,17.87,14,0,3,0,1,0,13.59,95.14,0
2246,46.0,Male,Desktop,25.83,3,2,4,1,0,1,18.89,43.01,1
2247,19.0,Female,Mobile,9.94,14,14,4,0,1,0,14.52,9.21,1
2248,40.0,Male,Tablet,24.83,16,4,4,0,1,1,27.46,14.69,1
2249,36.0,Female,Mobile,17.41,3,8,0,0,1,1,21.51,35.27,1
2250,48.0,Female,Mobile,9.72,8,2,4,0,1,0,12.92,18.42,1
2251,22.0,Male,Mobile,9.56,2,9,4,1,1,1,5.56,6.06,1
2252,36.0,Female,Mobile,11.47,2,5,0,1,1,0,11.3,17.53,0
2253,51.0,Female,Mobile,19.06,18,3,3,1,1,1,12.2,10.55,1
2254,27.0,Male,Mobile,7.69,7,3,7,0,0,1,8.65,20.27,1
2255,42.0,Unknown,Desktop,27.69,17,10,3,1,1,0,40.25,99.65,1
2256,19.0,Male,Mobile,17.67,6,12,6,1,0,1,9.83,44.54,0
2257,28.0,Male,Tablet,27.68,10,14,5,1,0,1,21.43,65.86,1
2258,48.0,Male,Mobile,2.35,7,14,4,0,0,1,3.52,16.53,1
2259,32.0,Female,Desktop,10.94,4,9,8,0,0,0,5.53,84.93,1
2260,26.0,Male,Tablet,1.66,11,9,7,1,1,0,1.06,26.69,1
2261,40.0,Female,Desktop,8.9,16,12,4,1,1,0,5.17,98.25,1
2262,36.0,Female,Desktop,26.0,17,4,9,0,0,0,32.87,83.67,1
2263,26.0,Male,Desktop,2.06,6,14,6,0,1,1,2.58,95.09,1
2264,52.0,Female,Mobile,13.65,19,10,8,1,0,1,17.44,66.83,1
2265,38.0,Female,Desktop,4.41,18,6,6,0,0,0,5.62,65.81,1
2266,26.0,Male,Mobile,13.09,15,10,2,1,0,0,17.48,84.11,1
0,45.0,Female,Mobile,15.74,2,13,9,0,0,1,32.24,71.54,1
2268,24.0,Male,Mobile,19.07,19,3,4,1,0,0,18.76,49.5,1
0,33.0,Male,Desktop,22.37,6,7,8,1,1,0,27.86,35.83,1
2270,33.0,Male,Mobile,15.74,12,11,8,1,1,0,12.21,22.29,1
2271,50.0,Female,Mobile,28.39,1,12,7,1,1,0,24.6,78.22,1
2272,21.0,Unknown,Mobile,21.57,11,8,5,1,1,1,28.83,38.6,1
2273,21.0,Female,Tablet,13.23,19,8,6,1,1,1,17.04,6.12,1
2274,56.0,Female,Mobile,13.37,4,8,6,0,0,0,9.0,47.96,0
2275,57.0,Male,Mobile,27.64,19,1,0,0,1,0,14.5,65.75,1
2276,34.0,Female,Mobile,17.72,6,2,7,1,0,1,14.46,2.3,1
2277,39.0,Male,Tablet,21.48,8,4,5,0,1,1,19.41,70.51,1
2278,56.0,Female,Tablet,13.09,9,11,6,0,0,0,8.83,22.47,1
2279,46.0,Female,Desktop,7.49,10,0,9,0,0,1,10.15,22.24,1
2280,53.0,Unknown,Desktop,21.98,10,3,9,1,0,1,11.73,56.29,1
2281,55.0,Female,Unknown,18.63,10,10,1,1,0,1,18.32,33.73,1
2282,56.0,Female,Tablet,15.54,4,13,6,0,0,1,8.63,45.06,1
2283,54.0,Male,Mobile,19.1,18,13,7,0,0,1,19.8,51.3,1
2284,52.0,Female,Mobile,7.04,12,4,4,1,1,1,6.78,92.1,1
2285,24.0,Female,Mobile,24.02,11,8,0,1,1,0,30.75,20.49,1
2286,44.0,Female,Mobile,28.5,16,7,5,0,0,1,33.91,46.43,1
2287,45.0,Female,Desktop,26.84,19,0,2,0,0,1,36.07,78.6,1
2288,39.0,Male,Mobile,10.32,11,13,4,0,1,0,10.78,20.52,1
2289,31.0,Female,Tablet,12.77,0,12,8,0,0,0,16.89,8.24,1
2290,24.0,Male,Mobile,24.44,12,11,6,0,1,0,29.8,1.78,1
2291,54.0,Female,Mobile,18.26,17,2,7,0,0,0,23.36,10.37,1
2292,39.0,Male,Mobile,16.89,13,13,5,0,1,0,18.59,27.46,1
2293,22.0,Male,Desktop,27.87,4,13,8,0,0,0,33.99,40.93,1
2294,19.0,Male,Desktop,16.54,6,2,2,0,1,0,14.91,59.38,1
2295,44.0,Male,Mobile,15.93,7,10,0,1,1,0,9.32,20.01,1
2296,38.0,Male,Mobile,2.22,8,5,9,1,1,0,2.03,26.97,1
2297,55.0,Female,Mobile,3.01,2,3,3,1,0,1,2.03,69.91,1
2298,32.0,Male,Desktop,1.22,9,3,7,0,1,0,1.38,90.9,1
2299,38.0,Female,Tablet,27.48,10,0,5,0,1,0,20.97,13.55,1
2300,27.0,Male,Mobile,12.84,19,11,0,1,0,1,18.72,47.25,1
2301,40.0,Male,Desktop,14.59,1,9,8,0,0,1,11.25,29.54,1
2302,56.0,Female,Mobile,25.52,16,12,1,0,0,0,15.26,52.8,1
2303,22.0,Male,Mobile,18.67,18,0,6,1,1,0,25.78,11.91,1
2304,18.0,Male,Tablet,18.68,8,10,3,1,0,1,17.08,27.1,1
2305,30.0,Male,Mobile,9.6,10,3,6,1,0,0,8.22,70.89,1
2306,38.0,Male,Mobile,15.74,11,0,7,0,1,0,34.88,81.93,1
2307,43.0,Female,Mobile,5.81,17,14,1,1,1,0,6.7,62.16,1
2308,38.0,Male,Mobile,2.54,7,4,6,1,1,0,14.3,94.45,1
2309,35.0,Male,Desktop,6.56,3,12,7,0,1,0,5.43,65.29,1
2310,54.0,Female,Desktop,8.76,7,2,0,0,0,0,6.94,74.66,1
2311,49.0,Female,Tablet,9.19,6,12,9,0,0,0,9.92,35.74,1
2312,53.0,Male,Mobile,20.44,3,9,4,0,0,0,20.47,16.99,1
2313,34.0,Male,Mobile,7.32,8,4,8,0,0,1,5.68,65.79,1
2314,52.0,Female,Mobile,20.62,1,13,1,0,0,1,14.11,91.91,1
2315,28.0,Male,Mobile,3.64,5,2,5,0,0,0,4.8,98.19,1
2316,38.0,Female,Tablet,5.27,19,4,1,1,0,0,6.26,45.0,1
2317,43.0,Male,Desktop,15.76,13,3,2,1,1,0,23.53,53.97,1
2318,21.0,Female,Mobile,27.73,11,0,5,0,1,0,28.17,31.12,1
2319,51.0,Female,Desktop,25.93,11,13,4,0,1,0,38.75,67.25,1
2320,35.0,Female,Unknown,29.09,2,5,3,1,1,0,27.95,76.52,1
2321,57.0,Male,Mobile,19.86,9,11,6,1,1,1,20.55,4.12,1
2322,52.0,Male,Desktop,20.6,2,14,2,0,0,1,14.61,84.66,1
2323,58.0,Male,Mobile,19.13,19,13,9,1,0,1,12.43,51.38,1
2324,46.0,Unknown,Mobile,19.06,12,9,6,0,0,0,27.45,57.97,1
2325,46.0,Female,Mobile,5.27,9,1,8,0,1,0,7.81,20.62,1
2326,55.0,Female,Mobile,16.77,9,0,1,1,0,0,17.57,1.03,1
2327,59.0,Female,Mobile,12.2,10,0,4,0,1,1,9.42,95.22,1
2328,38.0,Male,Mobile,13.83,5,0,0,0,1,1,20.07,92.84,0
2329,59.0,Male,Mobile,16.18,0,8,6,1,0,1,20.98,77.43,1
2330,30.0,Male,Desktop,4.72,18,4,1,1,1,0,3.21,47.36,1
2331,58.0,Female,Tablet,11.43,10,13,4,1,1,1,9.13,31.76,1
2332,34.0,Male,Desktop,2.84,0,3,0,0,0,1,1.43,15.61,1
2333,26.0,Male,Mobile,29.41,10,9,0,1,0,1,31.82,8.09,1
2334,58.0,Female,Mobile,4.44,14,4,3,0,0,1,14.3,45.73,1
2335,18.0,Female,Mobile,8.5,4,8,6,0,0,0,5.64,79.22,1
2336,19.0,Male,Mobile,26.85,10,2,6,0,1,0,22.54,72.59,1
2337,46.0,Female,Mobile,15.0,18,2,7,0,0,0,21.59,75.59,1
2338,50.0,Male,Desktop,4.93,5,11,8,1,0,1,5.66,11.87,1
2339,27.0,Female,Desktop,12.14,9,1,3,0,0,0,16.55,86.27,1
2340,57.0,Female,Desktop,4.36,6,7,1,1,0,1,5.84,80.4,1
2341,38.0,Female,Mobile,6.81,16,6,9,1,1,0,9.67,9.41,1
2342,45.0,Male,Mobile,2.51,16,1,9,1,1,0,1.36,35.65,1
2343,28.0,Male,Desktop,13.71,11,3,2,1,1,0,10.45,37.52,0
2344,51.0,Male,Mobile,24.39,15,6,8,1,0,0,22.33,73.51,1
2345,25.0,Female,Mobile,17.99,19,0,7,1,0,1,20.51,86.05,1
2346,39.0,Female,Mobile,18.58,3,0,5,1,1,1,20.59,37.57,1
2347,25.0,Female,Mobile,6.82,16,7,2,0,1,0,5.09,13.08,1
2348,32.0,Female,Mobile,10.97,5,5,9,1,0,1,7.6,8.26,1
2349,34.0,Male,Desktop,25.51,9,1,7,0,1,0,23.91,63.88,1
2350,40.0,Male,Desktop,3.55,5,9,1,1,0,0,2.66,49.8,1
2351,41.0,Male,Mobile,25.88,4,9,3,0,0,0,37.92,90.2,1
2352,36.0,Female,Mobile,15.03,13,14,3,0,1,0,22.03,95.35,1
2353,22.0,Female,Desktop,25.28,17,0,8,0,1,0,15.51,89.81,1
2354,49.0,Male,Mobile,10.22,12,2,7,1,0,0,12.32,7.56,1
2355,18.0,Female,Mobile,10.83,7,11,6,1,0,1,7.89,28.43,1
2356,40.0,Male,Mobile,22.8,1,3,3,0,1,0,27.76,49.5,1
2357,54.0,Female,Mobile,23.76,16,12,6,1,1,1,30.11,6.87,1
2358,25.0,Female,Desktop,7.66,7,4,0,0,1,0,4.2,91.83,1
2359,30.0,Male,Desktop,29.21,2,10,7,1,0,0,34.92,89.48,1
2360,25.0,Male,Mobile,3.45,12,9,7,1,1,0,4.82,39.08,1
2361,40.0,Female,Mobile,2.99,11,2,8,0,1,0,2.14,95.87,1
2362,18.0,Male,Mobile,18.27,8,14,8,1,1,1,11.25,56.33,1
2363,41.0,Male,Mobile,21.96,1,14,0,1,0,0,23.43,43.4,1
2364,52.0,Female,Tablet,28.87,3,12,9,0,0,1,29.37,54.97,1
2365,41.0,Female,Desktop,12.74,8,13,6,0,0,0,17.65,42.21,1
2366,34.0,Female,Mobile,1.73,8,4,0,1,0,0,1.65,29.19,1
2367,22.0,Male,Desktop,18.48,11,11,5,1,0,1,16.88,18.11,1
2368,37.0,Female,Desktop,9.4,0,6,4,0,1,1,11.41,46.06,1
2369,38.0,Female,Desktop,13.56,8,10,1,0,0,1,7.83,53.08,1
2370,57.0,Female,Mobile,15.17,9,8,2,0,1,1,8.45,82.16,1
2371,48.0,Female,Mobile,2.87,17,4,7,0,0,0,2.88,47.34,1
2372,53.0,Female,Desktop,15.09,5,3,1,1,0,1,8.89,82.94,1
2373,28.0,Male,Mobile,13.36,19,9,3,0,0,1,19.23,95.47,1
2374,32.0,Female,Tablet,21.66,19,0,2,0,1,1,25.0,72.15,1
2375,36.0,Female,Desktop,19.72,2,12,6,0,0,0,24.72,11.97,1
2376,24.0,Male,Tablet,6.37,19,8,7,1,1,1,4.64,46.13,1
2377,45.0,Female,Mobile,6.98,15,7,3,0,1,0,6.94,85.67,1
2378,22.0,Unknown,Desktop,8.28,8,4,5,1,0,1,5.25,49.16,1
2379,22.0,Male,Mobile,6.19,8,8,2,0,1,0,4.35,81.07,1
2380,47.0,Female,Tablet,20.06,1,10,6,1,1,1,14.3,77.59,1
2381,49.0,Male,Mobile,29.84,14,13,7,0,0,1,23.27,15.98,1
2382,25.0,Female,Mobile,19.91,11,8,6,1,1,0,28.22,32.95,1
2383,27.0,Male,Desktop,18.59,7,0,3,1,0,0,27.8,76.39,1
2384,55.0,Male,Mobile,12.89,18,11,9,0,0,0,6.5,15.92,1
2385,49.0,Female,Mobile,10.06,15,5,8,0,1,0,12.67,42.28,1
2386,45.0,Male,Tablet,27.42,10,10,9,1,1,1,16.87,49.5,1
2387,34.0,Male,Mobile,29.1,4,4,7,0,1,1,31.27,23.57,1
2388,48.0,Female,Desktop,15.41,1,5,5,0,0,1,11.23,28.56,1
2389,25.0,Female,Mobile,9.42,14,9,1,0,0,1,13.8,53.03,1
2390,57.0,Male,Desktop,23.33,9,2,9,0,0,1,32.1,91.19,1
2391,42.0,Female,Desktop,4.84,13,13,6,0,1,1,5.3,38.56,1
2392,26.0,Male,Mobile,23.2,17,2,8,0,0,1,15.68,85.0,1
2393,19.0,Male,Mobile,24.75,4,9,8,0,1,0,31.75,69.52,1
2394,32.0,Female,Mobile,4.62,5,4,8,1,0,0,4.71,78.05,1
2395,20.0,Unknown,Mobile,29.33,18,6,8,1,1,1,32.6,76.22,1
2396,53.0,Male,Mobile,29.58,17,3,5,1,1,1,36.03,30.21,1
2397,21.0,Female,Desktop,15.74,7,5,0,1,1,0,25.8,23.63,1
2398,31.0,Female,Mobile,15.39,10,4,5,0,1,1,7.81,97.76,1
2399,58.0,Male,Mobile,8.14,9,1,4,1,0,0,7.03,73.78,1
2400,58.0,Male,Desktop,17.88,13,12,6,0,0,1,16.34,36.58,1
2401,42.0,Male,Mobile,13.18,0,10,7,0,1,0,11.43,55.44,1
2402,27.0,Male,Mobile,6.97,0,11,0,1,1,0,9.28,77.59,1
2403,38.0,Male,Mobile,13.29,8,0,9,0,0,0,11.06,5.58,1
2404,53.0,Male,Mobile,20.25,18,5,0,1,1,0,18.56,9.9,1
2405,29.0,Female,Desktop,3.06,5,4,3,0,0,0,1.72,2.51,1
2406,44.0,Male,Desktop,10.67,7,8,0,0,1,0,12.98,16.41,1
2407,57.0,Female,Mobile,1.52,15,11,3,1,1,0,1.09,11.94,1
2408,19.0,Female,Mobile,22.74,3,6,6,0,0,0,16.71,46.31,1
2409,30.0,Male,Mobile,19.58,18,0,5,0,0,1,21.28,28.72,1
2410,49.0,Female,Mobile,2.82,6,12,0,1,0,0,4.18,4.56,1
2411,48.0,Male,Tablet,28.98,6,9,1,1,0,0,26.38,44.94,1
2412,33.0,Female,Mobile,1.66,1,5,6,0,1,1,14.3,57.86,1
2413,49.0,Male,Mobile,18.11,17,10,7,1,1,1,9.71,37.02,1
2414,49.0,Male,Mobile,23.51,11,6,8,0,0,1,30.27,26.03,1
2415,51.0,Male,Desktop,23.85,2,2,8,1,0,1,18.16,39.05,1
2416,28.0,Male,Desktop,1.99,9,13,3,1,1,1,2.52,51.99,1
2417,27.0,Female,Desktop,27.29,19,8,2,0,1,1,21.35,43.6,1
2418,32.0,Female,Desktop,27.64,6,10,4,1,1,0,14.65,9.33,1
2419,34.0,Female,Mobile,17.28,7,13,5,0,0,1,17.25,45.68,1
2420,57.0,Female,Mobile,14.98,4,13,7,1,0,1,21.06,72.03,1
2421,35.0,Unknown,Mobile,2.3,3,10,2,0,1,1,1.63,82.0,1
2422,26.0,Male,Desktop,17.3,2,0,5,0,0,1,11.31,43.95,1
2423,42.0,Male,Desktop,12.87,10,0,4,1,1,1,8.81,99.38,1
2424,57.0,Male,Mobile,23.41,10,9,6,1,1,0,27.86,84.29,1
0,31.0,Male,Desktop,12.71,17,9,8,0,0,1,11.02,21.54,1
2426,42.0,Male,Desktop,20.82,16,11,6,1,1,0,15.74,45.68,1
2427,39.0,Female,Desktop,3.94,1,8,0,0,0,0,3.3,29.55,1
2428,47.0,Male,Mobile,4.86,12,6,8,0,1,0,3.93,55.02,1
2429,37.0,Male,Desktop,5.05,10,9,9,0,1,0,5.27,22.41,1
2430,38.0,Female,Mobile,2.32,1,12,3,1,0,1,1.47,3.52,1
2431,49.0,Female,Desktop,16.7,16,10,0,1,1,0,16.85,90.44,1
2432,38.0,Male,Tablet,24.03,11,0,7,0,1,1,19.51,51.98,1
2433,52.0,Male,Mobile,18.7,4,3,5,1,1,0,26.79,91.5,1
2434,49.0,Female,Desktop,17.67,3,9,5,1,1,1,16.29,11.82,1
2435,47.0,Male,Desktop,15.74,13,12,4,1,1,1,12.44,15.15,1
2436,56.0,Male,Mobile,10.85,15,2,9,0,1,1,15.55,22.65,1
2437,29.0,Male,Mobile,11.5,10,10,2,0,1,0,16.53,45.71,1
2438,58.0,Female,Mobile,10.11,6,6,5,1,0,1,6.83,88.0,1
2439,35.0,Male,Tablet,21.65,11,4,0,0,1,0,28.5,65.04,1
2440,39.0,Male,Desktop,5.69,1,8,6,0,0,0,7.75,5.5,0
2441,30.0,Female,Mobile,1.38,4,10,5,0,1,1,1.18,40.72,1
2442,38.0,Female,Mobile,18.29,10,2,4,1,0,0,12.06,72.33,1
2443,25.0,Female,Mobile,28.33,15,10,2,0,1,1,36.79,32.24,1
2444,57.0,Male,Mobile,18.67,1,5,7,0,0,1,9.86,49.26,1
2445,24.0,Unknown,Mobile,23.7,15,9,3,1,1,1,26.53,71.14,1
2446,40.0,Male,Mobile,20.51,3,1,8,1,0,0,17.27,96.5,1
2447,49.0,Female,Mobile,15.43,1,2,8,0,1,1,16.91,33.32,1
2448,28.0,Male,Mobile,21.83,6,3,4,1,1,1,28.14,74.44,1
2449,39.0,Female,Desktop,24.9,19,5,6,0,1,0,33.09,74.74,1
2450,39.0,Male,Tablet,7.52,4,10,5,1,1,0,11.27,54.27,1
2451,42.0,Male,Desktop,10.75,12,0,5,0,1,0,12.26,81.34,1
2452,39.0,Female,Desktop,7.49,2,14,3,1,1,0,5.42,53.61,1
2453,45.0,Female,Mobile,14.11,17,14,9,0,1,1,10.95,62.5,1
2454,46.0,Male,Mobile,26.67,6,5,7,0,0,0,24.97,83.72,1
2455,39.0,Female,Mobile,11.01,12,3,9,0,0,0,14.85,47.63,1
2456,35.0,Male,Desktop,11.86,15,7,2,0,1,0,10.28,47.8,1
2457,39.0,Female,Tablet,25.95,0,8,4,1,0,0,30.84,59.1,1
2458,46.0,Female,Desktop,15.95,1,7,0,0,0,1,8.69,80.42,1
2459,38.0,Male,Desktop,16.53,14,7,0,0,0,0,15.37,12.72,1
2460,32.0,Female,Desktop,25.96,2,12,8,1,0,0,17.32,77.12,1
2461,44.0,Female,Mobile,15.23,4,12,3,1,1,1,21.91,49.5,1
2462,48.0,Male,Mobile,20.77,0,1,8,0,1,0,26.82,7.1,1
2463,32.0,Male,Unknown,3.48,14,13,0,1,1,0,2.22,79.22,1
2464,40.0,Female,Mobile,6.18,18,9,9,0,0,0,5.57,14.51,1
2465,41.0,Male,Desktop,12.73,8,1,7,1,1,1,7.39,21.33,1
2466,30.0,Female,Mobile,15.35,1,5,8,0,0,1,19.13,70.62,1
2467,39.0,Female,Mobile,29.01,16,14,0,0,1,0,20.06,56.45,1
2468,54.0,Male,Mobile,29.15,7,4,6,0,1,1,38.02,92.05,1
2469,50.0,Male,Mobile,25.68,6,5,7,0,0,1,14.74,95.43,1
2470,20.0,Male,Mobile,10.15,19,8,1,0,1,1,10.89,31.4,1
2471,36.0,Male,Mobile,28.96,10,11,9,0,1,1,32.09,32.42,1
2472,40.0,Male,Mobile,20.99,6,0,8,1,1,1,17.51,20.97,1
2473,46.0,Male,Desktop,12.4,10,6,0,1,0,0,8.24,51.76,1
2474,47.0,Female,Mobile,21.35,19,4,2,1,1,0,17.59,37.8,1
2475,56.0,Unknown,Desktop,1.48,3,9,8,1,0,0,1.47,1.47,1
2476,42.0,Male,Desktop,5.24,3,6,0,0,1,0,7.7,39.5,1
2477,54.0,Female,Desktop,25.06,6,7,3,1,0,1,23.73,6.17,1
0,25.0,Female,Desktop,19.72,17,10,9,1,0,0,13.59,79.9,1
2479,59.0,Female,Mobile,11.56,18,11,5,1,1,0,6.08,92.89,1
2480,33.0,Female,Mobile,15.52,10,0,5,1,0,0,7.89,29.58,1
2481,25.0,Male,Mobile,27.25,6,9,3,0,1,0,24.98,65.07,1
2482,18.0,Female,Mobile,19.32,13,10,9,0,1,1,15.38,8.85,1
2483,22.0,Female,Tablet,12.55,6,10,9,1,1,1,7.72,36.35,1
2484,39.0,Male,Unknown,4.49,12,6,9,1,0,0,3.02,57.59,1
2485,18.0,Male,Mobile,9.52,14,3,9,1,0,0,8.09,10.42,1
2486,21.0,Male,Mobile,29.37,17,4,0,1,0,1,34.85,37.71,1
2487,57.0,Male,Mobile,13.68,8,12,4,0,1,0,15.18,95.52,1
2488,52.0,Female,Desktop,14.68,5,1,4,1,1,0,8.51,16.61,1
2489,39.0,Male,Desktop,15.46,4,9,2,0,1,0,9.94,62.02,1
2490,59.0,Female,Desktop,26.64,6,4,2,1,1,0,37.52,83.33,1
2491,51.0,Female,Tablet,18.51,11,8,3,0,0,0,10.57,77.12,1
2492,42.0,Male,Mobile,21.12,5,0,2,1,0,0,14.76,77.14,1
2493,27.0,Male,Mobile,12.29,14,2,2,0,0,1,10.05,5.91,1
2494,39.0,Male,Mobile,1.84,10,3,2,0,0,1,1.34,97.36,1
2495,56.0,Male,Mobile,28.0,11,8,6,0,0,1,22.14,72.71,1
2496,44.0,Male,Tablet,28.52,3,1,8,1,0,0,35.02,95.43,1
2497,44.0,Male,Mobile,28.53,8,6,0,1,0,1,16.98,97.93,1
2498,19.0,Female,Unknown,28.37,5,8,7,0,0,0,24.18,35.7,1
2499,58.0,Female,Mobile,24.64,10,11,9,0,1,1,27.39,54.34,1
2500,30.0,Female,Mobile,20.85,8,9,0,1,1,1,11.44,72.95,1
2501,26.0,Female,Mobile,25.49,9,3,8,1,0,1,13.87,84.91,1
2502,53.0,Male,Mobile,18.42,15,4,7,0,0,1,18.39,97.09,1
2503,39.0,Male,Desktop,4.9,1,11,5,1,0,0,6.86,97.45,1
2504,59.0,Female,Mobile,12.35,5,11,5,0,1,0,11.67,49.5,1
2505,43.0,Female,Desktop,29.17,15,11,9,1,0,1,26.45,68.05,1
2506,29.0,Female,Desktop,11.18,4,9,6,1,0,0,5.7,14.69,1
2507,34.0,Male,Mobile,26.17,19,3,7,0,0,0,32.26,81.05,1
2508,31.0,Unknown,Desktop,3.7,10,11,6,1,0,1,2.46,15.95,1
2509,31.0,Male,Mobile,10.69,2,6,0,1,0,0,12.81,89.07,1
2510,51.0,Female,Desktop,11.18,5,7,9,1,0,0,9.49,97.91,1
2511,39.0,Female,Desktop,2.5,18,7,3,0,1,1,1.36,8.63,1
2512,28.0,Male,Tablet,4.45,6,14,3,0,1,0,3.68,51.24,1
2513,33.0,Male,Mobile,6.6,10,13,8,1,1,1,7.65,26.47,1
2514,48.0,Female,Mobile,25.3,15,13,8,0,1,1,32.09,47.0,1
2515,23.0,Female,Mobile,2.84,9,14,2,1,1,1,3.22,29.38,1
0,36.0,Male,Mobile,9.66,13,2,8,0,1,1,11.7,6.56,1
2517,54.0,Female,Desktop,1.3,18,1,0,0,0,1,0.96,39.41,1
2518,21.0,Male,Tablet,21.17,7,5,5,1,1,0,31.02,20.46,1
2519,21.0,Male,Mobile,18.99,2,11,6,1,0,1,13.8,54.93,1
2520,37.0,Female,Mobile,19.7,16,0,2,1,1,1,13.2,68.06,1
2521,27.0,Female,Mobile,11.86,2,11,3,0,0,0,8.89,40.53,1
2522,41.0,Female,Mobile,7.04,4,8,4,1,1,0,10.36,20.36,1
2523,52.0,Male,Mobile,21.89,2,6,0,1,0,0,12.37,19.17,1
2524,43.0,Female,Mobile,24.52,17,7,7,1,1,1,31.22,0.24,1
2525,54.0,Female,Desktop,5.02,6,6,6,0,1,1,3.04,70.24,1
2526,55.0,Male,Mobile,15.12,10,4,1,0,0,1,19.25,49.5,1
2527,38.0,Male,Mobile,8.21,14,4,6,0,0,0,6.38,97.07,1
2528,57.0,Female,Desktop,5.88,15,6,8,1,1,1,7.21,74.71,1
2529,56.0,Male,Mobile,22.3,12,6,4,1,1,0,12.24,29.54,1
2530,38.0,Male,Desktop,16.6,19,1,5,0,0,0,13.85,15.89,1
2531,27.0,Male,Desktop,7.27,11,1,4,1,0,1,7.01,62.43,1
2532,55.0,Female,Desktop,15.74,1,6,0,0,0,1,5.2,86.46,1
2533,21.0,Female,Mobile,29.03,8,4,5,0,0,0,19.77,58.43,0
2534,37.0,Male,Mobile,25.61,6,1,6,0,1,1,17.13,1.1,1
2535,34.0,Male,Desktop,26.52,12,14,0,0,0,1,26.03,78.63,1
2536,24.0,Male,Desktop,14.34,16,0,2,0,1,0,9.08,96.42,1
2537,21.0,Female,Mobile,19.09,18,8,5,1,1,0,28.2,4.75,1
2538,46.0,Male,Mobile,11.93,12,10,6,1,1,1,16.55,80.91,1
2539,31.0,Male,Mobile,3.25,2,7,9,0,1,1,2.35,71.9,1
2540,20.0,Female,Mobile,12.63,7,1,9,1,0,0,9.27,39.75,1
2541,41.0,Male,Mobile,18.23,9,1,8,0,1,1,26.39,63.41,1
2542,54.0,Female,Mobile,9.33,18,2,6,1,1,0,7.46,15.88,0
2543,33.0,Female,Mobile,25.59,9,3,2,0,1,0,23.63,72.01,1
2544,21.0,Female,Desktop,5.38,8,8,0,1,0,1,6.46,58.12,1
2545,41.0,Male,Mobile,11.65,1,11,6,0,1,1,9.83,8.66,1
2546,51.0,Male,Desktop,4.62,5,5,7,0,1,0,6.48,86.82,1
2547,47.0,Female,Desktop,12.74,16,2,0,0,1,1,13.87,12.84,1
2548,35.0,Male,Mobile,2.15,14,13,4,0,1,0,2.29,43.83,1
2549,36.0,Female,Desktop,8.9,13,14,7,0,1,0,9.38,13.12,1
2550,48.0,Male,Desktop,12.62,11,7,9,1,0,0,7.72,64.61,1
2551,36.0,Female,Mobile,14.87,13,5,6,0,0,1,19.19,73.79,1
2552,36.0,Female,Mobile,16.77,15,7,1,1,1,0,17.98,94.72,1
2553,39.0,Male,Mobile,8.97,16,9,3,0,1,1,4.97,25.26,1
2554,41.0,Male,Tablet,16.17,13,11,5,0,1,0,21.84,36.63,1
2555,29.0,Male,Desktop,15.76,8,1,6,1,0,0,19.38,38.67,1
2556,47.0,Male,Mobile,10.17,18,14,6,0,1,0,8.02,9.7,1
2557,55.0,Female,Desktop,25.08,19,7,2,0,1,1,19.71,80.79,1
2558,48.0,Female,Mobile,16.82,15,10,7,0,1,1,16.9,8.27,1
2559,53.0,Male,Mobile,10.64,10,4,6,0,1,1,5.4,33.85,1
2560,36.0,Male,Desktop,28.47,4,9,3,0,1,1,37.28,19.04,1
2561,53.0,Female,Mobile,25.51,6,13,9,0,1,1,36.79,66.44,1
2562,47.0,Male,Desktop,29.5,8,14,3,1,0,1,27.92,90.56,1
2563,50.0,Male,Desktop,21.07,7,13,3,0,1,1,21.84,74.65,1
2564,35.0,Male,Desktop,11.97,0,11,4,1,1,1,15.68,77.45,1
2565,45.0,Male,Mobile,9.14,18,3,1,0,1,1,7.11,7.85,1
2566,28.0,Female,Desktop,20.24,18,2,8,0,0,1,20.07,73.9,1
2567,50.0,Female,Tablet,29.44,19,11,5,1,1,1,17.99,6.25,1
2568,34.0,Male,Mobile,19.17,4,8,7,1,0,0,23.04,48.42,1
2569,23.0,Female,Mobile,26.57,1,0,0,0,0,0,34.35,69.19,1
2570,21.0,Male,Mobile,10.54,5,6,5,1,0,1,5.98,25.47,1
2571,37.0,Male,Desktop,12.8,7,6,5,0,1,0,17.69,68.26,1
2572,44.0,Male,Desktop,27.28,11,5,7,0,1,1,23.86,88.05,1
2573,32.0,Female,Mobile,22.95,11,8,0,0,0,0,32.64,87.8,1
2574,23.0,Female,Desktop,29.46,10,0,4,1,1,0,41.25,19.21,1
2575,31.0,Female,Mobile,23.47,7,13,2,1,1,1,30.3,27.45,1
2576,28.0,Female,Desktop,14.01,16,0,5,1,1,0,18.64,49.5,1
2577,56.0,Female,Mobile,16.4,1,6,8,1,0,0,12.95,84.13,1
2578,26.0,Male,Mobile,27.11,1,8,9,0,0,1,23.51,45.52,1
2579,43.0,Male,Mobile,17.0,12,14,2,1,1,0,12.58,92.22,1
2580,33.0,Female,Mobile,8.41,16,5,8,1,1,1,7.19,57.46,1
2581,22.0,Female,Desktop,13.63,5,9,8,1,1,1,14.47,26.19,1
2582,27.0,Female,Mobile,15.97,14,1,0,0,0,0,21.78,2.0,1
2583,20.0,Male,Mobile,15.74,18,12,1,0,1,1,3.98,80.74,1
0,30.0,Female,Mobile,22.57,9,7,3,0,0,1,27.01,49.5,1
2585,47.0,Male,Mobile,4.17,2,8,6,1,0,1,2.65,7.84,1
2586,23.0,Male,Desktop,12.74,12,9,1,0,0,0,18.34,77.71,1
2587,34.0,Female,Desktop,24.33,10,14,6,0,1,0,26.35,3.16,1
2588,36.0,Male,Mobile,14.56,2,7,4,0,0,0,18.58,84.28,1
2589,59.0,Male,Mobile,25.42,15,8,9,1,0,0,38.09,59.87,1
2590,52.0,Female,Mobile,10.91,4,0,6,1,1,0,14.83,63.65,1
2591,43.0,Male,Tablet,28.77,19,2,8,0,0,1,28.9,93.81,1
2592,22.0,Female,Tablet,7.07,4,2,8,0,1,1,9.67,86.67,1
2593,46.0,Male,Desktop,2.11,9,13,2,0,0,0,2.45,7.6,1
2594,54.0,Female,Tablet,15.74,13,8,2,0,1,0,32.35,85.3,1
2595,37.0,Female,Desktop,22.81,10,2,6,0,1,1,25.94,66.71,1
2596,39.0,Male,Desktop,7.73,14,14,4,1,0,0,6.09,31.68,1
2597,27.0,Female,Mobile,29.56,3,13,4,0,0,1,24.67,85.34,1
2598,22.0,Male,Mobile,15.57,3,9,4,0,0,0,16.48,2.33,1
2599,53.0,Male,Mobile,28.58,16,0,8,0,1,0,39.27,83.75,0
2600,23.0,Female,Mobile,15.65,9,2,3,1,1,1,14.91,49.5,1
2601,43.0,Male,Desktop,14.68,14,1,5,1,0,0,15.28,26.12,1
2602,21.0,Female,Mobile,14.03,16,8,5,0,0,1,12.19,0.6,1
2603,56.0,Male,Mobile,10.71,9,13,6,1,1,1,5.55,52.13,1
2604,56.0,Unknown,Mobile,16.48,5,0,1,1,0,1,18.85,42.23,1
2605,52.0,Female,Mobile,14.12,13,10,5,1,1,1,15.05,86.25,1
2606,18.0,Male,Mobile,2.07,15,1,8,0,1,1,3.06,78.79,1
2607,41.0,Male,Tablet,8.55,4,0,2,0,1,1,8.62,58.97,1
2608,53.0,Male,Desktop,7.18,14,8,1,0,1,0,7.43,15.08,1
2609,23.0,Male,Desktop,26.16,7,6,7,0,1,1,20.46,72.61,1
2610,58.0,Male,Mobile,18.37,4,13,0,0,0,1,11.01,59.36,1
2611,48.0,Male,Mobile,23.15,17,12,7,1,1,0,27.96,2.25,1
2612,37.0,Male,Mobile,28.75,9,0,4,1,1,1,37.62,76.18,1
2613,41.0,Male,Desktop,19.68,4,12,8,1,0,0,26.96,83.17,1
0,42.0,Female,Mobile,29.5,3,12,8,0,1,1,26.68,77.45,1
2615,53.0,Male,Mobile,10.04,19,9,3,1,0,1,12.08,17.63,1
2616,38.0,Male,Desktop,15.74,9,11,0,0,1,1,4.88,50.25,1
2617,47.0,Female,Mobile,12.7,8,5,4,0,0,1,9.56,52.73,1
2618,41.0,Female,Mobile,14.65,7,4,6,1,0,0,21.91,93.44,1
2619,59.0,Female,Mobile,26.97,7,9,8,1,0,0,36.39,92.56,1
2620,47.0,Male,Mobile,17.24,4,13,9,0,1,0,13.04,6.23,1
2621,39.0,Unknown,Mobile,9.47,19,14,8,1,0,0,8.84,99.92,1
2622,45.0,Female,Mobile,22.54,12,10,8,1,1,0,24.0,78.67,1
2623,24.0,Male,Desktop,15.67,6,4,5,1,1,0,8.04,37.55,1
2624,52.0,Male,Desktop,5.7,12,3,1,0,0,0,8.32,74.33,1
2625,45.0,Female,Mobile,17.73,4,2,4,0,0,0,10.79,49.5,1
2626,31.0,Female,Desktop,27.43,2,13,2,1,1,0,36.13,93.63,1
2627,27.0,Male,Mobile,25.44,15,12,5,1,0,1,37.55,37.81,1
2628,33.0,Male,Mobile,18.02,6,7,4,0,0,0,21.7,76.61,1
2629,33.0,Male,Mobile,11.94,18,6,9,0,1,1,17.51,15.53,1
2630,48.0,Male,Desktop,3.52,5,4,0,0,0,0,1.83,85.23,0
2631,59.0,Male,Mobile,14.62,4,11,9,0,0,1,12.49,62.04,1
2632,42.0,Female,Desktop,22.81,11,8,9,1,0,0,22.27,80.76,1
2633,30.0,Male,Desktop,11.45,11,11,1,0,0,1,14.69,41.8,1
2634,23.0,Male,Mobile,7.83,9,6,4,0,1,0,9.04,34.63,1
2635,26.0,Male,Desktop,28.01,3,9,5,1,0,0,34.62,53.26,1
2636,53.0,Male,Tablet,24.83,11,1,0,1,1,0,16.01,38.82,1
2637,37.0,Male,Mobile,19.51,2,14,6,1,1,1,26.24,51.41,1
2638,35.0,Female,Mobile,4.97,9,6,2,0,1,0,6.57,43.06,1
2639,38.0,Male,Desktop,5.2,10,6,0,0,0,0,6.6,19.66,1
2640,21.0,Female,Desktop,3.99,11,3,6,1,1,1,5.26,97.66,1
2641,50.0,Male,Mobile,18.87,3,11,6,0,1,1,13.47,1.61,1
2642,44.0,Female,Mobile,4.35,17,11,9,0,0,0,2.79,92.56,1
2643,24.0,Female,Mobile,25.44,11,7,2,0,1,1,35.49,82.74,1
2644,23.0,Male,Mobile,29.8,17,3,5,1,0,1,43.42,42.09,1
2645,32.0,Male,Unknown,11.62,19,6,3,1,0,1,10.74,32.21,1
2646,35.0,Male,Tablet,14.16,4,3,3,0,1,1,13.41,16.47,1
2647,49.0,Male,Desktop,21.64,2,12,8,0,0,1,26.85,13.31,1
2648,28.0,Male,Mobile,28.18,14,7,6,0,1,1,28.04,55.09,1
2649,37.0,Female,Desktop,26.93,15,13,5,0,0,1,21.91,10.54,1
2650,41.0,Male,Desktop,2.67,3,13,8,0,1,1,1.84,47.65,1
0,32.0,Male,Mobile,5.9,13,2,2,1,1,1,3.08,81.47,1
2652,24.0,Female,Mobile,22.88,13,1,3,1,0,0,24.89,75.7,1
2653,38.0,Male,Mobile,20.98,18,9,8,0,1,1,13.47,13.25,1
2654,59.0,Female,Desktop,4.86,7,5,3,1,1,1,6.6,96.11,1
2655,43.0,Male,Mobile,15.56,16,6,6,0,0,1,23.07,28.62,1
2656,31.0,Female,Tablet,23.64,16,6,8,0,0,1,22.64,70.57,1
2657,54.0,Male,Unknown,7.34,6,5,3,0,0,0,4.52,30.05,1
2658,38.0,Female,Mobile,26.27,6,10,0,1,1,0,28.45,61.74,1
2659,35.0,Female,Mobile,2.54,4,7,6,1,0,0,2.73,57.25,1
2660,22.0,Male,Mobile,23.68,3,11,3,1,1,1,15.0,17.83,1
2661,20.0,Male,Desktop,18.86,1,5,2,1,0,0,21.63,65.26,1
2662,40.0,Male,Tablet,10.14,3,14,5,1,1,0,8.27,32.6,1
2663,43.0,Female,Mobile,21.91,19,5,2,1,0,0,29.48,61.12,1
2664,54.0,Female,Tablet,23.69,9,2,6,0,1,1,25.77,54.14,1
2665,41.0,Female,Desktop,28.08,14,11,0,0,0,1,26.2,84.27,1
2666,36.0,Male,Mobile,11.67,19,1,6,0,0,1,17.08,21.36,1
2667,42.0,Male,Desktop,20.89,19,14,2,0,0,0,20.71,15.14,1
2668,38.0,Female,Mobile,18.48,13,6,8,1,0,1,25.64,85.49,1
2669,29.0,Male,Mobile,16.23,16,5,5,1,0,1,12.4,44.45,1
2670,58.0,Female,Mobile,26.82,8,0,6,0,0,0,25.26,78.18,1
2671,50.0,Male,Desktop,1.09,16,1,8,1,1,0,0.64,95.96,1
2672,21.0,Male,Mobile,9.18,9,1,5,1,0,1,8.47,54.43,1
2673,59.0,Unknown,Desktop,16.61,9,0,9,1,0,0,23.16,30.07,1
2674,24.0,Male,Desktop,6.17,3,2,1,1,0,1,8.2,79.42,1
2675,39.0,Male,Mobile,27.33,7,4,5,1,0,1,40.33,93.09,1
2676,50.0,Male,Mobile,19.78,18,3,5,1,1,1,24.72,24.51,1
2677,34.0,Male,Mobile,14.86,2,11,1,0,0,1,11.46,68.83,1
2678,41.0,Male,Mobile,24.63,1,1,6,1,1,1,14.3,78.06,1
2679,51.0,Female,Mobile,14.08,12,7,8,1,1,0,9.57,2.66,1
2680,45.0,Male,Mobile,17.2,16,8,9,0,0,0,19.98,59.23,1
2681,58.0,Female,Mobile,1.08,12,7,3,0,1,0,0.95,63.32,1
2682,56.0,Male,Mobile,11.61,10,6,4,0,1,0,10.61,63.65,1
2683,39.0,Male,Mobile,5.02,9,9,5,0,0,0,6.83,8.41,1
2684,34.0,Female,Mobile,21.0,18,1,0,0,0,1,25.76,2.17,1
2685,51.0,Female,Desktop,14.89,4,14,7,0,1,1,14.3,29.37,1
2686,23.0,Male,Tablet,9.75,8,14,8,0,1,1,6.54,35.78,1
2687,23.0,Male,Mobile,14.57,4,5,0,0,1,0,19.26,14.46,1
2688,51.0,Female,Mobile,7.08,16,10,3,0,1,0,10.29,50.96,1
2689,18.0,Female,Mobile,27.83,8,3,5,1,1,0,19.07,22.75,1
2690,27.0,Female,Mobile,2.57,7,4,9,1,0,0,3.73,33.75,1
2691,38.0,Female,Mobile,26.1,13,8,0,0,0,1,24.27,29.28,1
2692,39.0,Male,Desktop,15.83,8,12,2,0,0,1,22.25,77.2,1
2693,19.0,Male,Tablet,18.95,7,8,6,0,1,0,23.7,87.71,1
2694,39.0,Male,Mobile,9.78,5,3,7,1,1,0,13.74,29.85,1
2695,19.0,Male,Desktop,29.03,18,7,7,0,1,1,33.24,37.66,1
2696,27.0,Male,Mobile,9.17,19,10,4,1,1,0,6.02,81.53,1
2697,51.0,Female,Mobile,18.08,10,4,0,1,0,1,10.13,75.91,1
2698,33.0,Female,Unknown,29.81,11,8,0,1,0,0,33.6,70.88,1
2699,56.0,Female,Mobile,26.55,8,1,7,1,1,0,14.82,70.79,1
2700,39.0,Male,Mobile,16.55,6,14,4,0,0,0,12.18,29.72,1
2701,29.0,Female,Mobile,29.72,11,3,8,0,0,0,20.99,93.65,0
2702,41.0,Male,Mobile,21.34,16,2,0,0,1,0,19.78,80.92,1
2703,39.0,Male,Mobile,7.05,4,6,1,0,1,0,7.74,21.19,1
2704,55.0,Male,Desktop,12.76,2,13,3,0,1,1,18.01,66.22,1
2705,27.0,Female,Tablet,10.7,13,1,9,1,0,1,15.37,15.49,1
2706,52.0,Male,Mobile,10.98,7,2,6,1,0,0,16.28,57.76,1
2707,39.0,Male,Mobile,15.74,17,8,3,0,1,0,29.13,28.91,1
2708,24.0,Female,Mobile,17.94,13,7,7,1,0,1,25.5,10.52,1
2709,38.0,Male,Desktop,2.1,10,1,6,1,1,1,2.71,60.32,1
2710,37.0,Female,Mobile,26.45,13,5,4,0,0,1,37.31,88.43,1
2711,43.0,Male,Mobile,9.61,10,13,6,0,0,0,5.81,14.07,1
2712,21.0,Female,Mobile,29.92,7,2,7,1,0,0,43.73,89.91,1
2713,39.0,Male,Mobile,28.67,10,11,2,0,1,1,21.06,12.78,1
2714,32.0,Male,Mobile,28.28,16,12,2,1,1,0,30.22,74.19,1
2715,57.0,Female,Tablet,24.52,3,5,1,0,1,1,24.93,98.96,1
2716,38.0,Male,Desktop,7.4,4,13,3,1,0,0,7.88,9.37,1
2717,32.0,Female,Mobile,16.45,4,14,3,1,1,1,19.77,21.27,1
2718,39.0,Unknown,Mobile,7.5,4,4,3,0,0,0,7.8,46.36,1
2719,45.0,Female,Mobile,8.53,16,9,1,1,0,1,10.14,73.76,1
2720,31.0,Male,Mobile,18.72,9,3,6,1,1,1,19.36,89.79,1
2721,44.0,Male,Desktop,2.18,6,11,9,0,0,0,1.12,72.91,1
2722,58.0,Male,Mobile,29.11,10,6,0,1,0,1,32.82,77.12,1
2723,57.0,Female,Mobile,27.64,4,10,9,1,0,1,29.17,45.21,1
2724,45.0,Female,Mobile,12.04,12,9,0,0,0,1,13.07,35.58,1
2725,43.0,Female,Desktop,15.95,10,6,1,0,0,1,8.0,50.78,1
2726,19.0,Female,Desktop,14.52,12,3,4,1,1,0,14.07,64.95,1
2727,42.0,Female,Mobile,15.74,19,2,8,1,1,1,36.55,50.23,1
2728,20.0,Male,Mobile,20.97,19,3,3,0,1,0,17.46,79.03,1
2729,25.0,Male,Mobile,9.07,1,1,5,1,0,1,8.57,15.71,1
2730,50.0,Male,Tablet,13.96,4,3,2,0,1,1,8.69,39.62,1
2731,59.0,Male,Mobile,13.44,13,14,8,1,0,0,12.77,6.65,1
2732,52.0,Male,Mobile,28.82,8,3,0,0,0,1,25.82,67.14,1
2733,23.0,Female,Mobile,6.08,14,11,7,0,0,0,8.41,75.7,1
2734,56.0,Male,Desktop,3.6,16,4,2,0,0,1,1.93,66.74,1
2735,40.0,Female,Mobile,26.54,2,0,7,0,0,1,38.52,95.52,1
2736,42.0,Male,Mobile,27.0,8,1,2,1,0,1,29.06,93.21,1
2737,36.0,Female,Mobile,26.28,13,0,3,1,1,1,27.06,27.04,1
2738,22.0,Female,Desktop,15.82,1,7,7,0,1,0,21.93,24.32,1
2739,28.0,Female,Desktop,20.13,12,7,9,0,1,1,13.91,2.53,1
2740,29.0,Male,Desktop,17.34,17,4,3,0,1,1,12.29,50.26,0
2741,27.0,Male,Mobile,3.01,7,7,8,1,0,1,4.14,86.11,1
2742,25.0,Male,Mobile,18.28,16,8,8,0,0,1,14.3,15.75,1
2743,41.0,Male,Tablet,1.39,14,13,5,1,0,0,1.86,59.34,1
2744,45.0,Female,Mobile,10.42,10,3,0,1,0,1,5.64,72.04,1
2745,58.0,Female,Desktop,28.04,3,3,8,0,1,0,32.3,36.77,0
2746,53.0,Female,Desktop,9.82,12,6,8,1,0,1,9.34,70.29,1
2747,54.0,Female,Mobile,28.25,8,4,6,1,0,0,36.95,83.73,1
2748,38.0,Male,Mobile,8.25,16,10,8,0,0,1,5.43,1.05,1
2749,25.0,Female,Desktop,10.12,1,9,7,1,0,0,14.37,73.52,1
2750,26.0,Male,Desktop,19.22,17,0,8,0,1,1,16.06,59.98,1
2751,32.0,Female,Mobile,23.09,6,7,8,1,0,0,19.01,84.48,1
2752,57.0,Female,Mobile,15.54,1,3,6,0,0,0,10.54,13.86,1
2753,35.0,Female,Mobile,26.58,15,7,0,1,1,1,13.47,80.71,0
2754,59.0,Male,Mobile,15.74,13,1,1,1,0,1,1.76,14.12,1
2755,37.0,Male,Mobile,27.74,6,11,6,1,0,1,17.98,58.49,1
2756,23.0,Female,Mobile,6.69,13,11,0,0,0,0,8.28,27.09,1
2757,29.0,Female,Tablet,26.64,4,3,5,1,0,0,33.48,24.0,1
2758,19.0,Female,Desktop,12.63,1,14,5,1,1,1,16.77,49.87,1
2759,24.0,Male,Desktop,25.15,10,1,0,1,1,0,12.71,75.73,1
2760,33.0,Male,Mobile,20.48,4,4,1,0,0,1,17.44,64.52,1
2761,20.0,Male,Mobile,6.1,13,9,3,0,0,0,3.09,98.86,1
2762,20.0,Female,Tablet,27.62,4,9,1,0,1,1,27.83,11.91,1
2763,44.0,Male,Mobile,8.12,16,13,3,1,0,0,11.44,72.18,1
2764,57.0,Female,Mobile,8.08,9,7,2,1,0,1,7.34,5.55,1
2765,55.0,Male,Mobile,24.61,4,10,1,0,0,0,33.81,35.75,1
2766,50.0,Female,Desktop,4.07,8,6,1,0,1,0,5.89,34.35,1
2767,45.0,Female,Unknown,7.44,4,10,2,1,1,0,5.49,25.62,1
2768,18.0,Male,Mobile,15.74,9,14,9,1,1,1,7.96,53.24,1
2769,25.0,Female,Desktop,25.08,11,4,3,1,1,0,31.09,24.36,1
2770,54.0,Female,Mobile,5.28,5,10,6,0,1,1,5.7,36.76,1
2771,49.0,Female,Unknown,16.88,9,6,3,1,1,1,14.3,85.95,1
2772,54.0,Male,Unknown,21.63,8,4,6,0,0,0,18.77,32.37,1
2773,21.0,Female,Desktop,25.96,4,6,0,0,0,1,15.08,98.6,1
2774,47.0,Male,Mobile,28.13,1,3,2,0,1,0,38.57,27.6,1
2775,23.0,Male,Mobile,23.75,13,3,7,0,1,1,17.62,90.3,1
2776,39.0,Female,Desktop,19.93,5,9,2,1,0,0,11.9,43.13,1
2777,49.0,Male,Desktop,13.57,10,3,7,0,1,1,17.36,90.75,1
2778,26.0,Female,Desktop,4.25,16,10,1,1,1,0,4.19,42.68,1
2779,29.0,Male,Mobile,21.58,8,7,2,0,1,1,27.25,77.04,1
2780,28.0,Female,Tablet,29.79,12,0,3,0,0,1,41.76,40.0,1
2781,33.0,Male,Tablet,22.37,3,9,2,0,1,0,19.73,49.5,1
2782,18.0,Female,Mobile,1.48,4,4,5,0,0,0,0.82,5.15,1
2783,38.0,Female,Desktop,15.39,17,11,8,1,0,1,11.59,59.9,1
2784,47.0,Female,Mobile,18.82,13,9,9,1,0,1,10.37,31.59,1
2785,30.0,Female,Mobile,21.0,6,1,7,1,0,0,13.63,99.63,1
0,51.0,Male,Desktop,21.87,3,9,3,1,0,0,29.5,81.06,1
2787,21.0,Male,Mobile,17.19,14,3,1,0,0,0,24.78,7.96,1
2788,45.0,Female,Mobile,7.48,7,4,9,1,1,1,8.8,19.83,1
2789,55.0,Male,Unknown,28.32,3,7,0,1,1,0,34.89,61.61,1
2790,48.0,Female,Mobile,21.2,6,1,3,0,0,0,26.11,30.04,1
2791,44.0,Female,Unknown,7.87,13,1,4,0,1,0,4.91,21.29,1
2792,22.0,Male,Tablet,10.35,14,1,1,0,1,1,5.66,35.57,1
2793,42.0,Male,Mobile,27.74,15,13,2,1,1,0,33.24,10.62,1
2794,20.0,Female,Mobile,26.74,16,7,3,1,1,0,14.37,55.45,1
2795,39.0,Male,Mobile,15.74,1,11,2,0,0,0,16.72,28.3,1
2796,21.0,Female,Mobile,2.11,15,13,7,1,1,0,2.3,86.7,1
2797,42.0,Male,Desktop,2.41,7,2,1,0,1,1,1.48,3.28,1
2798,37.0,Male,Desktop,9.23,9,4,8,0,0,1,10.7,35.09,1
2799,51.0,Male,Mobile,19.24,15,1,5,1,1,0,21.29,54.96,1
2800,43.0,Male,Desktop,17.94,14,5,0,0,1,0,15.72,23.52,1
2801,22.0,Male,Mobile,19.38,19,9,7,1,0,1,25.54,5.74,1
2802,52.0,Female,Mobile,21.8,18,5,9,0,0,1,17.54,7.25,1
2803,45.0,Male,Desktop,1.55,9,0,5,0,0,1,1.36,15.93,1
2804,46.0,Male,Desktop,4.05,1,14,3,0,1,1,4.85,27.19,1
2805,26.0,Female,Mobile,11.43,12,3,5,0,0,1,14.31,70.57,1
2806,55.0,Female,Unknown,5.49,10,10,1,1,0,1,4.25,47.46,1
2807,23.0,Female,Mobile,3.18,7,1,0,0,0,0,1.64,3.29,1
2808,36.0,Male,Mobile,19.59,14,13,5,0,0,0,13.25,15.5,1
2809,28.0,Male,Mobile,24.64,1,9,7,1,1,0,18.81,36.79,1
2810,19.0,Female,Desktop,22.83,15,3,4,0,1,0,32.08,41.98,1
2811,26.0,Female,Mobile,24.69,1,12,7,1,1,1,34.41,6.31,1
2812,38.0,Female,Desktop,20.31,13,12,2,1,0,0,23.57,12.11,1
2813,41.0,Female,Mobile,22.33,2,10,5,1,1,1,27.0,26.22,1
2814,51.0,Male,Mobile,8.88,3,6,0,0,1,1,9.96,83.67,1
2815,39.0,Male,Mobile,29.8,4,4,2,1,1,1,38.12,20.92,1
2816,20.0,Male,Mobile,6.31,16,9,3,0,1,0,5.37,22.68,1
2817,29.0,Male,Desktop,7.22,12,3,4,1,1,1,7.56,49.45,1
2818,45.0,Male,Mobile,9.38,4,14,2,1,1,0,10.98,89.15,1
2819,39.0,Female,Mobile,29.28,12,9,7,1,1,0,28.36,52.82,1
2820,43.0,Male,Desktop,29.66,7,9,4,0,0,0,37.75,7.94,1
2821,38.0,Female,Desktop,24.05,3,2,6,1,0,1,34.45,18.64,1
2822,45.0,Female,Mobile,19.24,5,12,4,1,1,0,22.39,85.58,1
2823,43.0,Female,Mobile,16.08,12,12,7,0,1,1,9.24,87.68,1
2824,50.0,Male,Desktop,29.15,0,12,0,1,0,1,32.36,79.55,1
2825,38.0,Female,Tablet,21.17,7,5,2,1,1,0,25.33,54.18,1
2826,52.0,Male,Desktop,28.4,12,1,2,1,1,1,22.24,43.92,1
2827,51.0,Female,Mobile,10.18,2,3,9,0,1,0,8.37,26.82,1
2828,58.0,Male,Tablet,10.68,14,11,9,1,0,0,11.7,54.78,1
2829,35.0,Female,Mobile,25.79,16,7,2,0,0,1,31.13,68.28,1
2830,28.0,Male,Mobile,5.35,7,1,5,0,0,0,7.34,59.93,1
2831,40.0,Female,Desktop,28.43,4,8,8,0,1,0,35.89,22.56,1
2832,39.0,Female,Mobile,15.72,5,1,5,1,0,0,9.97,90.31,1
2833,34.0,Female,Mobile,27.87,14,7,4,1,1,1,23.64,39.04,1
2834,22.0,Female,Mobile,10.77,9,7,0,0,0,1,6.99,88.49,1
2835,28.0,Male,Mobile,21.76,5,6,1,0,0,0,27.35,39.74,1
2836,47.0,Male,Desktop,15.0,2,13,0,0,0,0,11.5,3.85,1
2837,32.0,Male,Desktop,19.18,5,14,5,1,0,1,11.96,73.8,1
2838,44.0,Female,Mobile,15.63,3,12,2,1,0,0,9.32,92.01,1
2839,52.0,Female,Mobile,29.05,10,9,4,1,1,0,17.85,25.48,1
2840,50.0,Female,Tablet,21.07,8,5,5,0,1,1,15.74,54.25,1
2841,37.0,Female,Desktop,8.29,10,0,4,0,1,0,10.63,80.76,1
2842,33.0,Female,Mobile,27.38,2,1,0,0,1,0,20.2,32.11,1
2843,51.0,Female,Tablet,9.53,14,6,1,1,1,1,7.45,28.62,1
2844,19.0,Male,Desktop,11.78,4,12,1,1,0,0,16.26,41.11,1
2845,52.0,Male,Mobile,3.96,12,10,1,1,0,0,3.73,55.06,1
2846,57.0,Male,Mobile,27.1,14,3,9,0,1,1,27.34,55.25,1
2847,45.0,Male,Mobile,9.3,16,8,3,1,1,1,4.68,48.64,1
2848,56.0,Male,Desktop,8.51,5,2,3,1,1,1,4.95,82.03,1
2849,23.0,Male,Mobile,27.69,16,3,2,0,0,0,34.35,15.29,1
2850,26.0,Male,Mobile,24.36,4,2,7,1,0,1,20.3,8.52,1
2851,37.0,Male,Mobile,5.09,3,6,3,1,0,0,3.31,16.86,1
2852,18.0,Female,Tablet,23.31,1,1,7,1,1,0,21.65,70.4,1
2853,25.0,Female,Mobile,27.48,4,9,2,1,1,0,14.98,14.52,0
2854,40.0,Female,Tablet,3.28,9,11,1,0,0,0,3.97,32.28,1
2855,20.0,Female,Tablet,24.93,1,11,7,0,0,1,14.46,87.97,1
2856,21.0,Female,Mobile,16.88,16,1,5,0,1,1,9.37,14.02,1
2857,42.0,Female,Mobile,20.41,3,1,1,0,0,0,18.77,52.82,1
2858,55.0,Female,Mobile,15.29,6,13,6,1,1,0,16.62,50.6,1
2859,32.0,Male,Tablet,21.24,13,11,9,0,0,1,26.85,3.4,1
2860,38.0,Male,Mobile,1.99,17,3,6,0,1,0,1.14,11.54,1
2861,52.0,Female,Mobile,23.12,15,7,3,0,0,0,19.3,95.04,1
2862,31.0,Male,Mobile,1.97,0,7,7,0,1,0,1.51,96.1,1
2863,53.0,Male,Mobile,14.2,8,7,2,1,0,0,17.66,87.47,1
2864,29.0,Male,Tablet,5.38,16,7,8,0,1,0,4.68,43.19,1
2865,34.0,Male,Desktop,24.88,3,6,4,1,0,1,28.06,59.29,1
2866,56.0,Male,Desktop,10.1,4,5,2,0,0,1,9.99,82.42,1
2867,26.0,Female,Mobile,14.17,7,11,8,1,1,1,15.16,67.61,1
2868,52.0,Male,Mobile,13.43,15,6,1,0,1,1,11.63,89.51,1
2869,30.0,Female,Tablet,23.4,11,12,1,1,1,0,17.3,31.57,1
2870,32.0,Female,Mobile,14.95,16,14,2,0,0,1,8.37,62.42,1
2871,35.0,Female,Tablet,23.88,14,0,8,0,0,0,16.08,56.7,1
2872,50.0,Male,Mobile,3.13,13,4,9,1,1,0,2.11,98.46,1
2873,23.0,Female,Mobile,6.56,9,7,2,1,1,1,9.41,87.81,1
2874,44.0,Female,Desktop,16.99,18,1,4,1,1,1,24.42,16.52,1
2875,40.0,Female,Tablet,28.47,3,4,8,1,0,0,21.52,5.89,1
2876,44.0,Female,Tablet,15.74,5,6,9,1,1,1,1.92,44.64,1
2877,51.0,Male,Mobile,2.25,2,8,5,0,1,0,1.76,54.55,1
2878,55.0,Female,Mobile,5.54,17,9,5,0,0,0,7.18,78.99,1
2879,31.0,Female,Mobile,19.59,16,0,0,0,1,0,26.85,15.97,1
2880,53.0,Female,Desktop,12.57,13,10,1,1,0,1,12.58,91.99,1
2881,25.0,Female,Desktop,24.94,11,8,8,0,0,0,25.94,57.16,1
2882,52.0,Male,Mobile,3.09,8,2,7,0,0,1,2.96,84.27,1
2883,36.0,Female,Tablet,6.7,5,0,1,0,1,1,4.57,83.65,1
2884,47.0,Female,Desktop,9.7,2,6,4,0,0,1,5.33,95.19,1
2885,31.0,Female,Desktop,19.18,4,14,4,0,0,0,21.51,65.87,1
2886,37.0,Female,Mobile,20.87,3,2,5,1,1,0,27.1,78.38,1
2887,42.0,Female,Mobile,4.6,2,7,3,1,0,0,5.75,82.05,0
2888,57.0,Female,Tablet,28.37,3,10,8,0,0,1,39.73,46.81,1
2889,41.0,Male,Mobile,10.89,16,1,4,0,1,0,14.31,43.23,1
2890,31.0,Female,Desktop,21.68,9,14,3,1,0,0,17.07,94.66,1
2891,43.0,Male,Tablet,16.2,6,3,8,1,1,1,9.99,6.7,0
2892,55.0,Male,Desktop,7.46,15,11,1,0,0,0,6.94,95.29,1
2893,40.0,Female,Mobile,25.54,5,1,1,1,0,0,21.67,57.85,1
2894,39.0,Male,Mobile,24.73,9,10,2,1,1,1,30.38,29.47,1
2895,36.0,Female,Mobile,12.49,6,3,9,0,0,0,7.09,55.72,1
2896,20.0,Male,Mobile,18.07,3,11,3,0,1,0,26.08,63.78,1
2897,59.0,Female,Mobile,8.48,13,0,9,1,1,0,12.36,11.08,1
2898,36.0,Male,Mobile,21.01,15,12,8,0,0,0,12.36,66.99,1
2899,39.0,Male,Mobile,9.96,11,9,4,0,1,0,9.3,90.26,1
2900,45.0,Female,Mobile,25.48,16,4,1,0,0,1,35.65,97.13,1
2901,37.0,Male,Mobile,7.3,15,2,2,0,0,0,5.02,59.98,1
2902,24.0,Male,Mobile,1.43,6,8,7,1,1,0,1.7,32.7,1
2903,31.0,Male,Mobile,8.79,14,3,5,0,0,0,10.65,56.35,1
2904,26.0,Male,Desktop,6.54,11,5,4,1,0,0,4.8,0.28,1
2905,36.0,Male,Mobile,15.74,10,8,3,0,0,0,7.97,91.92,1
2906,31.0,Female,Mobile,6.91,16,1,3,0,0,0,8.05,78.46,1
2907,55.0,Male,Desktop,23.13,12,6,7,0,0,1,25.84,16.64,1
2908,53.0,Male,Desktop,8.0,7,2,5,0,0,1,9.2,60.94,1
2909,57.0,Female,Mobile,21.5,7,0,4,0,0,1,14.11,2.06,1
2910,34.0,Female,Desktop,17.78,18,8,4,0,1,0,19.62,21.6,1
2911,47.0,Female,Tablet,15.74,15,8,5,0,0,0,30.83,17.0,1
2912,26.0,Male,Desktop,30.0,6,11,2,0,1,0,28.58,15.61,1
2913,50.0,Male,Mobile,26.22,19,10,6,1,1,1,33.48,55.21,1
2914,42.0,Male,Desktop,23.04,8,3,0,1,1,1,20.47,96.44,1
2915,31.0,Male,Mobile,12.21,15,8,4,1,0,0,10.42,13.03,1
2916,39.0,Female,Mobile,22.85,4,6,5,1,1,1,23.79,87.28,1
2917,52.0,Female,Tablet,28.74,18,3,1,1,0,1,41.51,8.23,1
2918,58.0,Male,Mobile,1.68,13,11,1,0,1,0,1.42,8.28,0
2919,31.0,Male,Unknown,16.6,1,1,8,0,1,1,15.69,62.81,1
2920,47.0,Male,Mobile,7.32,8,12,1,0,0,1,5.61,57.45,1
2921,58.0,Male,Tablet,17.18,19,4,2,0,1,1,20.27,34.42,1
2922,21.0,Female,Mobile,14.53,17,7,0,1,1,1,12.56,53.34,1
2923,21.0,Female,Mobile,17.7,10,9,8,1,0,1,21.11,75.49,1
2924,45.0,Male,Mobile,16.98,1,9,0,1,0,0,10.96,77.33,1
2925,25.0,Female,Mobile,28.84,1,5,3,1,0,0,22.03,1.2,1
2926,19.0,Male,Mobile,17.01,5,11,6,0,0,1,12.01,7.81,1
2927,58.0,Male,Desktop,25.54,0,13,1,0,1,0,32.62,0.34,1
2928,39.0,Female,Mobile,10.27,13,11,7,0,0,1,6.05,1.56,1
2929,58.0,Male,Desktop,13.7,9,10,7,1,0,0,10.3,83.96,1
0,33.0,Female,Mobile,14.64,16,4,2,1,1,1,14.75,8.36,1
2931,46.0,Male,Mobile,9.08,8,3,3,0,1,1,5.34,71.1,1
2932,47.0,Female,Tablet,12.01,14,10,6,0,1,1,6.14,98.0,1
2933,29.0,Male,Mobile,18.36,17,14,4,0,0,0,21.87,82.09,1
2934,52.0,Female,Desktop,17.83,4,5,4,1,0,1,19.86,6.64,1
2935,28.0,Male,Desktop,19.46,7,12,1,1,1,0,9.89,89.39,1
2936,38.0,Male,Mobile,11.2,17,10,5,0,1,1,6.14,95.82,1
2937,38.0,Female,Tablet,10.16,16,2,3,1,0,1,7.31,70.64,1
2938,22.0,Male,Desktop,18.74,14,1,4,0,0,0,26.35,61.63,1
2939,37.0,Female,Mobile,4.85,16,0,4,0,0,1,5.59,60.18,1
2940,54.0,Female,Desktop,8.34,2,8,1,0,1,0,10.88,82.03,1
2941,20.0,Male,Mobile,2.22,15,0,7,1,1,1,2.8,55.35,1
2942,50.0,Male,Mobile,3.11,11,10,0,1,1,0,4.61,33.38,1
2943,26.0,Male,Tablet,8.06,13,3,1,1,0,0,11.69,97.04,0
2944,26.0,Male,Desktop,1.57,4,5,6,1,0,1,0.89,4.85,1
2945,21.0,Female,Desktop,8.12,1,8,6,1,1,1,4.24,66.53,1
2946,52.0,Male,Desktop,19.99,0,3,1,0,1,1,19.93,58.56,1
2947,34.0,Male,Desktop,2.77,12,6,0,0,0,1,2.14,63.91,1
2948,51.0,Male,Tablet,13.67,9,6,9,1,1,0,13.73,64.22,1
2949,41.0,Female,Mobile,27.48,7,12,0,1,0,0,16.23,12.35,1
2950,49.0,Male,Mobile,23.95,3,13,0,0,0,0,33.74,13.35,1
2951,39.0,Female,Mobile,9.86,16,5,5,1,0,0,12.56,6.74,1
2952,25.0,Male,Desktop,27.82,4,8,9,1,0,0,29.27,93.84,1
2953,40.0,Female,Mobile,10.56,14,10,6,1,1,1,10.19,60.99,1
2954,57.0,Male,Mobile,3.1,13,9,1,1,0,1,3.0,7.71,1
2955,29.0,Male,Mobile,29.83,19,6,5,0,1,0,33.3,43.37,1
2956,29.0,Female,Tablet,26.23,2,2,3,1,1,1,27.42,35.93,0
2957,32.0,Male,Desktop,14.51,10,5,8,0,0,0,14.25,14.82,1
2958,58.0,Male,Mobile,20.32,19,6,7,1,1,0,23.96,82.2,1
2959,36.0,Male,Mobile,20.47,15,11,7,1,1,1,25.89,77.56,0
2960,43.0,Female,Mobile,6.64,7,6,1,0,1,0,7.59,46.41,1
2961,46.0,Male,Mobile,6.8,15,12,4,0,1,1,6.06,52.25,1
2962,39.0,Female,Mobile,14.62,17,5,1,1,1,1,13.37,43.64,1
2963,57.0,Female,Tablet,27.44,16,2,0,0,0,0,16.42,55.1,1
2964,38.0,Female,Tablet,1.29,17,5,7,0,1,0,1.18,73.26,1
2965,55.0,Male,Mobile,23.69,16,1,4,0,0,0,14.3,87.6,1
2966,37.0,Female,Mobile,2.67,18,14,3,1,1,1,1.51,59.23,1
2967,46.0,Female,Mobile,14.87,17,9,4,1,0,0,10.04,12.58,1
2968,21.0,Male,Mobile,19.5,4,12,7,1,1,0,26.18,77.21,1
2969,24.0,Female,Mobile,20.92,2,0,9,1,1,1,22.34,37.23,1
2970,45.0,Female,Mobile,2.7,17,7,6,0,1,1,3.16,62.99,1
2971,45.0,Male,Mobile,13.14,17,2,5,1,0,1,10.8,19.86,1
2972,21.0,Male,Desktop,17.93,2,13,1,1,0,1,17.73,16.34,1
2973,39.0,Female,Unknown,2.92,2,7,9,1,1,1,3.68,5.27,1
2974,29.0,Male,Desktop,4.92,15,2,4,0,0,1,6.77,31.45,1
2975,20.0,Male,Mobile,20.25,16,1,9,0,0,0,29.85,59.71,1
2976,39.0,Male,Tablet,16.13,11,11,8,1,1,1,21.79,31.88,1
2977,19.0,Female,Tablet,5.69,2,7,8,0,0,1,3.23,24.09,1
2978,41.0,Female,Mobile,16.52,8,2,8,0,1,0,13.93,99.49,1
2979,39.0,Male,Mobile,27.47,12,14,2,1,0,1,34.31,99.88,1
2980,44.0,Female,Mobile,1.45,14,7,8,0,0,0,1.33,60.49,1
2981,58.0,Male,Mobile,19.64,14,1,8,0,0,0,18.39,32.36,1
2982,18.0,Male,Mobile,3.14,12,3,4,1,0,0,4.06,86.16,1
2983,39.0,Male,Mobile,1.19,2,8,5,0,1,0,1.59,73.68,1
2984,40.0,Male,Mobile,5.37,14,14,6,0,0,1,6.93,61.59,1
2985,55.0,Male,Mobile,13.26,12,0,9,1,0,1,11.33,90.83,1
2986,23.0,Female,Mobile,24.27,9,1,9,0,1,1,17.67,44.53,1
2987,39.0,Female,Tablet,9.17,8,14,9,0,1,1,7.87,25.55,1
2988,42.0,Female,Mobile,19.14,16,1,5,1,1,1,22.99,96.7,1
2989,35.0,Female,Desktop,12.92,10,8,4,0,1,0,11.17,86.02,1
2990,34.0,Male,Unknown,7.8,7,9,0,0,0,1,4.33,91.21,1
2991,29.0,Male,Mobile,15.91,15,0,3,0,0,1,20.7,49.5,1
2992,23.0,Female,Mobile,24.13,9,4,7,1,0,1,13.6,38.26,1
2993,43.0,Female,Mobile,25.14,4,10,7,0,1,1,37.61,86.08,1
2994,44.0,Male,Mobile,25.55,6,12,5,0,0,0,34.79,88.93,1
2995,25.0,Male,Mobile,10.82,12,3,2,0,0,0,15.76,54.76,1
2996,36.0,Male,Mobile,24.01,15,9,7,1,1,0,32.01,62.53,1
2997,59.0,Female,Desktop,7.15,19,9,6,1,1,0,4.3,57.75,1
2998,18.0,Male,Mobile,22.41,2,14,8,1,0,0,20.59,1.6,1
2999,46.0,Male,Desktop,28.5,19,3,2,0,0,0,40.13,53.55,1
3000,52.0,Female,Mobile,1.4,2,6,5,1,1,0,0.83,3.78,1
3001,57.0,Female,Desktop,13.77,15,2,0,1,1,1,11.09,45.11,1
3002,31.0,Female,Mobile,19.79,12,8,7,0,0,1,19.14,4.57,1
3003,52.0,Male,Desktop,21.35,1,4,1,1,0,1,20.28,45.54,1
3004,37.0,Male,Tablet,6.11,14,10,4,0,1,0,8.82,30.47,1
3005,30.0,Female,Tablet,29.19,4,8,5,0,0,1,26.13,77.39,1
3006,55.0,Male,Mobile,18.84,11,0,3,0,0,1,13.92,47.91,1
0,25.0,Male,Desktop,5.77,7,9,8,0,1,0,5.45,49.5,1
3008,37.0,Male,Mobile,1.6,13,11,2,0,1,1,1.43,90.37,1
3009,50.0,Female,Tablet,23.71,14,13,1,1,1,1,26.63,48.23,1
3010,43.0,Female,Mobile,3.31,7,7,2,0,0,0,4.95,15.64,1
3011,56.0,Male,Mobile,5.09,11,1,4,0,1,0,5.35,11.26,1
0,38.0,Male,Mobile,17.67,11,14,0,0,1,0,17.0,30.58,1
3013,59.0,Unknown,Mobile,18.5,9,0,9,0,1,1,20.24,26.54,1
3014,58.0,Male,Desktop,20.92,4,0,3,0,1,0,30.96,81.85,1
3015,26.0,Female,Tablet,12.41,2,3,0,0,1,1,13.96,75.89,1
3016,41.0,Female,Desktop,23.44,2,1,8,0,0,1,14.6,5.86,1
3017,54.0,Male,Desktop,29.26,9,12,2,1,1,1,41.34,20.1,1
3018,58.0,Male,Desktop,8.86,19,1,1,1,1,1,9.66,44.88,1
3019,34.0,Female,Mobile,21.39,15,12,4,1,0,1,14.08,8.72,1
3020,41.0,Male,Mobile,27.93,18,5,0,0,1,1,20.4,16.62,1
3021,38.0,Female,Mobile,20.9,16,2,9,1,0,0,12.97,90.84,1
3022,56.0,Male,Mobile,20.75,2,10,6,1,0,1,30.31,54.12,1
3023,58.0,Female,Mobile,7.49,12,13,8,0,1,1,4.28,79.66,1
3024,56.0,Male,Mobile,16.52,1,13,0,1,1,1,20.89,33.05,1
3025,30.0,Male,Mobile,17.31,2,9,7,0,0,0,14.5,37.48,1
3026,28.0,Female,Mobile,21.3,14,2,7,0,1,1,12.38,85.84,1
3027,36.0,Female,Tablet,29.91,7,8,6,0,1,0,27.93,65.72,1
3028,28.0,Male,Mobile,1.98,17,4,9,0,1,0,0.99,67.84,1
3029,30.0,Male,Mobile,2.89,15,13,3,1,1,0,3.81,63.89,1
3030,18.0,Female,Mobile,3.26,17,6,6,0,1,1,3.4,54.11,1
3031,57.0,Female,Mobile,22.55,9,11,1,1,0,1,21.46,99.11,1
3032,36.0,Male,Mobile,4.95,0,4,5,1,0,0,6.58,89.42,1
3033,29.0,Male,Mobile,19.05,2,1,4,0,0,0,19.42,71.09,1
3034,25.0,Female,Mobile,10.42,15,10,4,1,0,0,11.41,67.82,1
3035,25.0,Female,Mobile,14.26,11,10,7,0,0,0,18.75,8.43,1
3036,29.0,Female,Mobile,7.25,19,7,0,0,0,1,8.85,48.52,1
3037,50.0,Female,Mobile,26.12,14,8,7,0,1,0,30.27,49.6,1
3038,43.0,Female,Desktop,18.0,4,10,3,1,1,1,21.67,5.19,1
3039,56.0,Male,Mobile,28.39,11,1,9,0,0,0,21.66,75.56,1
3040,45.0,Male,Mobile,17.66,16,1,5,1,0,0,10.9,0.2,1
3041,22.0,Female,Mobile,4.59,2,3,0,1,1,1,5.15,42.52,1
3042,25.0,Male,Desktop,5.96,2,12,0,0,1,0,4.32,90.33,1
3043,42.0,Male,Mobile,29.68,9,14,7,0,1,0,16.25,34.04,1
3044,44.0,Female,Desktop,22.04,4,7,3,1,0,1,16.63,58.26,1
3045,40.0,Male,Desktop,2.43,8,4,8,1,0,1,2.97,30.8,1
3046,47.0,Male,Mobile,21.41,18,4,6,0,1,1,25.87,17.9,1
3047,40.0,Male,Mobile,12.95,15,6,3,0,0,0,18.17,73.0,1
3048,37.0,Female,Mobile,9.91,2,11,0,0,0,1,11.65,20.46,1
3049,35.0,Female,Mobile,5.47,11,3,8,0,1,1,5.14,7.22,1
3050,35.0,Male,Mobile,25.36,17,11,9,0,1,1,19.29,43.51,1
3051,19.0,Male,Mobile,2.85,7,8,5,1,1,0,3.59,70.89,1
3052,21.0,Male,Mobile,9.41,8,3,5,1,0,1,8.58,58.0,1
3053,47.0,Unknown,Mobile,9.89,10,7,0,1,1,0,13.01,24.44,1
3054,50.0,Male,Desktop,5.67,3,2,4,0,0,1,7.66,81.78,1
3055,53.0,Male,Mobile,15.74,13,5,3,0,1,0,13.4,9.71,1
3056,35.0,Female,Unknown,1.34,17,0,0,0,1,0,1.13,67.03,1
3057,54.0,Male,Tablet,9.73,13,6,6,0,1,1,13.75,60.67,1
3058,36.0,Male,Tablet,28.08,19,10,3,1,1,0,25.2,89.89,1
3059,45.0,Female,Desktop,10.01,9,6,2,1,0,1,12.08,52.69,1
3060,57.0,Male,Mobile,11.45,16,12,1,1,1,0,10.05,81.9,1
3061,37.0,Male,Mobile,14.72,5,1,7,1,1,0,18.12,21.53,1
3062,50.0,Male,Mobile,17.29,9,4,4,0,1,0,11.65,54.53,1
3063,29.0,Male,Mobile,24.45,9,3,9,1,0,0,32.66,49.5,1
3064,32.0,Female,Desktop,6.52,6,9,8,0,1,0,9.67,29.53,1
3065,58.0,Male,Unknown,26.28,10,12,4,1,0,0,33.26,0.51,1
3066,56.0,Unknown,Mobile,22.97,18,8,9,1,1,1,19.73,74.42,1
3067,19.0,Male,Mobile,21.96,11,11,0,0,0,1,23.17,39.67,1
3068,46.0,Male,Mobile,3.52,15,12,9,0,0,1,4.12,30.01,1
3069,58.0,Female,Mobile,1.63,7,1,4,0,0,0,1.13,19.41,0
3070,27.0,Male,Mobile,18.23,14,2,4,0,0,0,14.27,85.17,1
3071,19.0,Female,Mobile,26.03,8,12,7,1,0,1,33.89,33.39,1
3072,28.0,Female,Desktop,17.95,19,0,5,0,0,0,25.94,20.4,1
3073,30.0,Female,Mobile,7.18,15,9,4,1,1,1,5.54,52.35,1
3074,27.0,Male,Tablet,3.63,19,4,7,1,0,1,2.35,78.18,1
3075,31.0,Male,Desktop,21.29,18,2,0,1,0,1,31.54,60.25,1
3076,35.0,Male,Desktop,21.93,17,11,4,1,1,0,17.98,96.02,1
3077,26.0,Male,Mobile,6.0,3,3,2,0,0,1,14.3,95.68,1
3078,56.0,Female,Desktop,1.82,3,14,4,0,0,0,1.6,90.24,1
3079,45.0,Male,Desktop,12.84,7,3,2,1,1,1,18.61,56.52,1
3080,20.0,Male,Mobile,17.9,10,5,3,1,1,0,19.68,76.83,1
3081,37.0,Female,Mobile,21.47,17,9,8,0,1,0,19.65,28.85,1
3082,23.0,Female,Tablet,24.49,15,6,1,0,1,1,16.61,57.54,1
3083,44.0,Male,Mobile,18.71,8,6,9,1,0,0,14.14,6.65,1
3084,19.0,Female,Mobile,15.74,17,14,0,1,0,0,5.73,26.34,1
3085,46.0,Female,Mobile,20.79,3,13,3,1,0,1,11.58,32.53,1
3086,55.0,Female,Desktop,29.54,4,14,7,0,1,1,19.4,36.12,1
3087,20.0,Female,Desktop,27.26,8,10,4,0,1,1,18.88,16.1,1
3088,33.0,Female,Mobile,26.28,13,7,8,1,1,0,14.3,8.33,1
3089,47.0,Male,Mobile,9.76,1,2,9,1,1,1,11.57,57.84,1
3090,57.0,Male,Tablet,22.77,18,4,2,1,0,0,33.73,49.13,1
3091,19.0,Male,Desktop,25.68,11,11,8,1,1,1,16.41,58.45,1
3092,34.0,Male,Desktop,20.67,6,9,0,1,1,1,26.85,12.93,1
3093,58.0,Male,Mobile,8.27,16,5,1,1,0,1,5.59,94.77,1
3094,29.0,Male,Mobile,28.66,19,13,8,0,1,1,42.24,41.34,1
3095,52.0,Male,Mobile,14.07,17,11,8,0,1,0,14.17,44.95,1
3096,18.0,Female,Desktop,4.76,18,5,9,0,0,0,6.41,54.7,1
3097,32.0,Male,Mobile,4.18,11,11,4,0,1,0,2.8,69.01,1
3098,43.0,Male,Mobile,19.78,14,7,9,0,1,1,27.4,38.49,1
3099,54.0,Male,Mobile,13.69,12,12,3,1,0,0,7.96,14.32,1
3100,38.0,Female,Mobile,3.74,7,4,8,0,1,0,1.96,78.31,1
3101,48.0,Male,Desktop,22.47,17,4,9,1,1,0,27.17,26.06,1
3102,42.0,Male,Mobile,24.18,5,0,1,0,0,0,14.67,44.29,1
3103,40.0,Female,Desktop,22.04,14,0,2,1,0,0,30.1,63.23,1
3104,41.0,Male,Tablet,6.87,13,5,7,1,1,1,7.7,96.54,1
3105,55.0,Male,Mobile,21.0,12,9,0,1,0,0,17.45,3.36,1
3106,45.0,Female,Desktop,15.74,14,9,1,1,0,0,1.02,51.89,1
3107,38.0,Male,Tablet,9.85,9,4,4,0,1,1,5.73,93.61,1
3108,35.0,Female,Tablet,12.57,4,10,0,0,1,0,14.92,25.51,1
3109,53.0,Male,Mobile,25.22,19,9,9,0,1,1,35.74,11.23,1
3110,52.0,Male,Mobile,12.32,1,5,8,1,1,0,15.48,59.68,1
3111,26.0,Male,Mobile,1.33,13,14,2,1,0,0,1.49,15.22,1
3112,55.0,Female,Desktop,11.22,6,8,3,0,0,0,6.94,87.89,1
3113,47.0,Female,Desktop,15.47,1,7,9,1,1,1,20.54,72.32,1
3114,51.0,Female,Desktop,28.52,17,6,0,0,0,0,41.79,12.1,1
3115,49.0,Male,Mobile,28.29,3,6,0,1,1,1,21.58,57.74,1
3116,20.0,Male,Mobile,6.25,17,5,0,1,1,1,5.75,2.71,1
3117,20.0,Female,Mobile,6.37,2,0,3,1,0,0,3.27,84.52,1
3118,45.0,Female,Mobile,5.74,7,0,8,1,1,0,7.65,20.54,1
3119,32.0,Male,Desktop,23.88,1,11,7,0,1,0,12.44,73.18,1
0,58.0,Male,Mobile,1.17,15,6,3,1,0,1,1.15,10.63,1
3121,40.0,Male,Mobile,4.69,4,4,7,0,1,0,5.05,47.24,1
3122,57.0,Male,Mobile,16.6,6,6,6,1,1,1,9.22,92.92,1
3123,28.0,Female,Mobile,8.18,13,5,5,0,0,1,5.53,7.45,1
3124,49.0,Male,Mobile,3.68,13,7,9,0,1,0,4.75,29.54,1
3125,53.0,Male,Mobile,11.44,1,2,1,0,1,1,8.61,78.26,1
3126,50.0,Unknown,Mobile,8.95,2,7,2,1,1,1,10.96,46.34,1
3127,41.0,Male,Mobile,15.82,6,12,3,0,1,0,19.76,65.03,1
3128,56.0,Male,Mobile,29.4,11,6,6,0,1,0,26.68,81.2,1
3129,51.0,Male,Desktop,4.6,18,0,7,1,1,1,2.59,78.41,1
3130,45.0,Male,Mobile,11.81,13,2,7,0,0,0,6.03,39.54,1
3131,54.0,Female,Desktop,28.03,12,9,3,1,1,1,27.82,43.06,1
3132,24.0,Female,Desktop,26.43,7,3,8,0,1,0,15.1,57.11,1
3133,21.0,Female,Mobile,12.43,7,13,7,0,1,1,15.25,12.28,1
3134,54.0,Male,Tablet,21.27,7,8,4,0,0,1,18.74,86.95,1
3135,18.0,Female,Mobile,3.55,2,11,2,1,0,1,4.2,9.35,1
3136,18.0,Male,Desktop,21.66,11,5,1,0,1,0,19.67,18.48,1
3137,37.0,Male,Tablet,29.21,1,14,8,0,1,0,32.96,94.48,1
3138,36.0,Male,Desktop,16.59,13,6,0,1,1,1,22.11,28.18,1
3139,46.0,Male,Mobile,15.46,12,13,6,1,0,0,21.4,24.42,1
3140,27.0,Female,Mobile,6.43,13,4,6,1,0,0,3.32,42.53,1
3141,35.0,Male,Mobile,19.38,7,2,0,1,0,0,22.2,72.43,1
3142,45.0,Male,Desktop,18.12,12,4,6,1,0,0,19.28,36.62,1
3143,52.0,Female,Desktop,19.91,17,11,0,1,1,1,22.64,87.47,1
3144,48.0,Female,Mobile,1.76,8,6,1,1,1,1,0.98,14.94,1
3145,44.0,Female,Mobile,16.91,3,8,8,0,1,0,9.64,11.79,1
3146,28.0,Male,Desktop,18.25,7,11,7,0,0,1,18.19,7.74,1
3147,55.0,Female,Mobile,7.02,19,8,8,0,0,1,3.91,29.84,1
3148,22.0,Male,Desktop,7.04,8,14,8,1,0,1,8.99,19.96,1
3149,25.0,Male,Desktop,9.01,14,14,3,0,1,1,11.47,46.13,1
3150,51.0,Female,Mobile,21.64,14,11,4,1,0,1,13.36,99.57,1
3151,29.0,Female,Desktop,18.58,2,7,9,0,1,0,17.74,86.85,1
3152,55.0,Female,Mobile,25.53,6,4,6,0,0,1,27.95,89.5,1
3153,18.0,Male,Mobile,9.57,16,6,5,1,0,1,13.01,83.07,1
3154,48.0,Male,Tablet,27.45,9,3,8,0,1,1,40.86,27.17,1
3155,21.0,Male,Desktop,22.57,15,9,1,1,0,0,11.67,22.63,1
3156,22.0,Male,Mobile,12.46,19,14,7,0,1,0,12.17,73.21,1
3157,47.0,Male,Mobile,3.76,15,4,1,1,0,1,4.9,59.9,1
3158,41.0,Male,Mobile,8.45,12,11,1,1,0,1,10.95,20.61,1
3159,20.0,Female,Mobile,28.75,9,3,2,1,1,0,29.95,96.73,1
3160,28.0,Male,Mobile,10.0,16,2,3,1,0,1,6.82,42.42,1
3161,21.0,Female,Mobile,10.57,6,14,5,0,0,0,11.19,81.44,1
3162,43.0,Female,Mobile,6.5,15,12,5,1,1,1,5.8,7.38,1
3163,44.0,Female,Mobile,24.4,13,10,1,0,0,1,22.18,3.52,1
3164,44.0,Female,Mobile,8.99,10,12,5,0,1,1,7.45,45.58,1
3165,59.0,Female,Tablet,10.58,14,0,7,0,1,1,6.82,11.94,1
3166,23.0,Male,Desktop,13.02,3,12,4,1,1,0,16.12,97.93,1
3167,32.0,Male,Mobile,13.58,12,4,0,1,0,1,16.41,81.2,1
3168,47.0,Male,Mobile,12.93,1,11,7,1,1,0,13.48,45.41,1
3169,59.0,Male,Mobile,15.61,16,1,5,1,0,0,13.34,97.95,1
3170,54.0,Unknown,Mobile,24.62,10,5,1,0,0,0,32.56,23.83,1
3171,54.0,Female,Mobile,24.76,9,4,6,1,1,0,16.34,67.9,1
3172,59.0,Female,Desktop,24.15,18,10,7,1,0,0,22.57,1.75,1
3173,54.0,Male,Desktop,3.93,1,1,1,0,1,1,4.53,37.23,1
3174,52.0,Male,Desktop,24.19,10,7,0,0,1,0,31.97,7.93,1
3175,40.0,Male,Mobile,4.49,7,4,5,1,1,0,5.16,36.74,1
3176,23.0,Male,Tablet,4.62,10,1,5,0,0,1,2.85,38.06,1
3177,21.0,Female,Tablet,28.49,12,0,7,1,1,0,17.13,37.52,1
3178,35.0,Female,Mobile,24.76,11,1,6,1,0,0,13.63,41.44,1
3179,26.0,Male,Mobile,17.02,9,0,7,0,0,1,18.04,61.69,1
3180,46.0,Male,Mobile,26.37,5,9,9,1,0,0,19.59,18.94,1
3181,30.0,Female,Mobile,29.69,4,9,9,0,0,0,19.58,23.44,1
3182,34.0,Female,Desktop,18.71,13,2,4,0,0,1,10.94,64.54,1
3183,49.0,Female,Mobile,18.77,8,13,1,0,1,0,21.43,46.62,1
3184,39.0,Female,Mobile,22.88,16,2,4,1,1,0,28.68,16.19,0
3185,21.0,Male,Mobile,7.73,1,11,1,1,1,1,10.5,78.72,1
3186,22.0,Female,Mobile,5.85,17,9,8,1,0,1,6.41,93.09,1
3187,54.0,Female,Desktop,23.03,15,0,4,0,1,0,19.67,46.53,1
3188,58.0,Female,Mobile,11.0,15,6,0,1,1,1,10.67,61.4,1
0,30.0,Female,Desktop,4.92,18,9,8,1,1,0,5.59,81.53,1
3190,51.0,Male,Mobile,10.13,6,6,9,0,0,0,12.29,96.38,1
3191,39.0,Male,Mobile,11.4,2,12,4,0,1,1,13.05,96.91,1
3192,40.0,Male,Mobile,28.99,5,8,0,0,1,0,42.38,92.28,1
3193,20.0,Male,Desktop,21.24,19,4,8,1,0,1,26.55,81.6,1
3194,39.0,Male,Mobile,16.39,7,3,8,0,1,1,20.5,42.58,1
3195,51.0,Male,Mobile,29.1,9,4,9,0,1,1,38.41,66.96,1
3196,49.0,Female,Mobile,27.19,2,7,9,0,0,0,26.11,76.34,1
3197,38.0,Female,Mobile,15.85,7,7,8,1,0,1,12.11,9.19,1
3198,38.0,Female,Tablet,27.26,14,11,5,1,0,0,35.88,11.64,1
3199,28.0,Female,Mobile,12.72,15,3,9,0,0,0,12.26,70.54,1
3200,56.0,Male,Mobile,7.68,12,11,9,0,1,0,8.5,66.69,1
3201,21.0,Female,Unknown,7.75,4,7,1,1,0,1,7.2,80.39,1
3202,18.0,Male,Desktop,20.21,13,12,6,1,1,1,18.11,18.46,1
3203,45.0,Female,Mobile,15.53,9,3,1,1,0,1,18.19,93.67,1
3204,41.0,Female,Desktop,20.11,12,3,3,0,0,1,23.44,23.84,1
3205,52.0,Female,Desktop,20.9,10,0,3,1,0,1,16.91,13.51,1
3206,30.0,Male,Mobile,1.65,9,14,9,0,1,0,1.14,32.43,0
3207,51.0,Female,Mobile,2.57,7,7,6,1,1,1,1.62,80.86,1
3208,28.0,Male,Mobile,16.45,12,13,5,1,1,1,10.1,2.82,1
3209,53.0,Male,Unknown,15.74,16,1,9,0,1,1,8.62,22.68,1
3210,34.0,Female,Mobile,19.34,15,3,6,1,0,0,15.2,95.56,1
3211,52.0,Male,Mobile,17.01,7,0,5,0,0,0,20.05,1.7,1
3212,35.0,Male,Desktop,17.99,8,0,0,1,0,0,14.3,27.83,1
3213,57.0,Female,Mobile,9.77,7,10,3,0,1,1,11.4,32.58,1
3214,39.0,Female,Mobile,19.56,11,12,2,1,1,1,29.03,92.39,1
3215,41.0,Female,Mobile,25.06,4,12,6,0,0,1,14.18,85.12,1
3216,36.0,Female,Mobile,29.94,18,12,6,0,0,0,34.54,46.01,1
3217,54.0,Female,Mobile,25.31,19,7,3,0,1,1,19.81,31.76,1
3218,56.0,Female,Mobile,17.17,7,3,6,0,1,1,10.01,94.44,1
3219,38.0,Male,Tablet,6.61,13,13,3,0,0,0,3.83,18.83,1
3220,25.0,Female,Mobile,20.76,9,14,8,0,0,0,18.1,47.68,1
3221,45.0,Female,Desktop,28.19,18,5,2,1,0,0,29.33,41.84,1
3222,22.0,Male,Desktop,7.14,7,4,9,1,1,0,8.19,49.5,1
3223,34.0,Female,Mobile,8.42,16,12,1,0,1,0,8.99,75.58,1
3224,54.0,Male,Desktop,5.32,5,9,4,0,0,0,7.44,46.34,1
3225,53.0,Female,Mobile,22.36,7,5,8,1,0,0,14.61,60.71,1
3226,36.0,Female,Tablet,12.79,6,3,2,0,0,0,17.0,90.75,0
3227,44.0,Male,Desktop,2.82,2,3,0,1,1,1,2.9,83.12,1
3228,51.0,Female,Mobile,26.37,7,6,8,1,1,0,35.88,61.55,1
3229,28.0,Male,Mobile,15.74,9,0,4,0,0,1,15.91,91.53,1
3230,29.0,Female,Mobile,10.6,0,8,1,0,0,0,10.41,38.03,1
3231,38.0,Female,Mobile,10.98,17,9,5,0,0,1,10.13,73.32,1
3232,28.0,Male,Mobile,9.42,17,2,2,0,1,1,5.62,1.61,1
3233,56.0,Female,Mobile,14.21,15,3,8,1,1,1,9.17,58.3,1
3234,45.0,Female,Desktop,10.77,18,14,2,1,1,1,10.96,13.7,1
3235,22.0,Male,Mobile,16.89,15,8,1,0,1,0,17.45,52.43,1
3236,34.0,Female,Desktop,23.43,11,4,2,0,0,0,22.68,24.65,1
3237,37.0,Male,Desktop,20.56,12,11,5,1,0,1,10.54,38.07,1
3238,58.0,Female,Mobile,9.54,17,3,2,0,1,1,9.59,79.22,1
3239,29.0,Male,Desktop,16.33,12,11,0,1,1,0,10.35,5.86,1
3240,23.0,Female,Mobile,25.36,7,5,8,0,1,0,27.04,53.74,0
3241,34.0,Male,Mobile,2.98,7,0,8,1,0,0,2.35,14.49,1
0,36.0,Male,Desktop,3.27,10,9,1,1,1,1,4.88,57.32,1
3243,43.0,Female,Mobile,17.13,16,0,6,1,0,1,14.72,63.36,1
3244,49.0,Female,Mobile,19.53,11,4,1,1,0,0,25.8,18.21,1
3245,23.0,Male,Desktop,7.13,16,4,0,0,0,0,5.32,0.6,1
3246,53.0,Female,Tablet,22.61,2,10,4,0,1,1,15.59,8.55,1
3247,55.0,Male,Desktop,19.74,2,8,7,1,1,0,14.23,68.96,1
3248,28.0,Female,Desktop,27.78,18,0,2,1,1,0,23.14,38.01,1
3249,50.0,Female,Mobile,5.9,5,2,6,1,1,0,7.96,37.29,1
3250,41.0,Male,Mobile,22.79,14,2,5,0,0,1,28.81,69.19,1
3251,40.0,Male,Desktop,3.43,8,3,0,0,0,1,3.21,49.71,1
3252,39.0,Female,Mobile,17.39,6,11,6,0,1,0,11.97,63.71,1
3253,44.0,Female,Mobile,17.0,9,12,2,0,0,1,9.33,91.93,1
3254,28.0,Female,Mobile,12.26,6,6,3,0,0,0,13.71,50.69,1
3255,34.0,Female,Desktop,25.49,17,14,9,1,1,1,30.76,63.8,1
3256,31.0,Female,Mobile,1.13,8,6,1,0,1,0,14.3,49.5,1
3257,44.0,Male,Desktop,16.09,3,14,0,0,0,1,16.11,53.47,1
3258,35.0,Female,Mobile,7.3,12,9,4,0,1,1,10.75,66.44,1
3259,45.0,Female,Mobile,22.56,13,4,5,0,0,1,11.84,49.5,1
3260,21.0,Male,Mobile,2.25,18,13,1,1,1,0,3.35,80.78,1
3261,24.0,Male,Mobile,25.12,11,8,9,1,0,0,19.5,5.73,1
3262,52.0,Male,Desktop,25.3,2,6,5,1,1,1,22.34,95.18,1
3263,26.0,Female,Mobile,25.15,14,1,5,0,0,0,14.3,84.72,1
3264,25.0,Male,Mobile,5.42,1,11,7,1,1,0,3.94,97.06,1
3265,34.0,Male,Mobile,19.28,15,2,7,1,1,1,23.33,19.41,1
3266,34.0,Male,Mobile,1.42,18,10,5,0,1,0,1.18,53.64,1
3267,50.0,Male,Mobile,25.59,18,6,6,1,0,1,36.86,43.99,1
3268,49.0,Female,Mobile,21.97,17,4,3,0,1,0,14.76,37.7,1
3269,25.0,Female,Tablet,16.4,1,6,4,1,1,1,23.48,40.65,1
3270,36.0,Female,Desktop,22.19,14,8,5,0,0,1,28.65,90.36,1
3271,55.0,Male,Unknown,3.74,16,8,5,1,1,1,2.51,69.84,1
3272,20.0,Male,Mobile,16.33,4,2,2,1,0,0,14.49,32.47,1
3273,22.0,Male,Mobile,9.45,6,7,8,0,0,1,5.71,37.89,1
3274,30.0,Male,Mobile,29.21,16,12,3,1,0,1,32.12,46.85,1
3275,48.0,Male,Desktop,25.86,6,5,7,0,0,1,37.77,36.69,1
3276,33.0,Male,Desktop,22.26,15,12,3,1,0,1,12.89,21.01,1
3277,49.0,Female,Mobile,28.08,1,3,5,0,0,0,21.29,43.53,1
3278,39.0,Female,Desktop,11.06,7,14,0,1,1,0,13.88,7.95,1
3279,46.0,Male,Mobile,27.13,11,3,1,1,0,1,26.0,85.44,1
3280,39.0,Female,Mobile,10.43,1,3,5,1,1,0,8.75,82.49,1
3281,20.0,Male,Mobile,22.25,8,6,2,0,0,0,24.5,89.19,1
3282,27.0,Male,Mobile,22.36,14,5,6,0,1,0,17.75,44.59,1
3283,59.0,Female,Tablet,1.53,5,1,0,0,0,0,1.27,49.5,0
3284,38.0,Male,Mobile,11.47,13,4,2,1,0,1,14.98,81.0,1
3285,33.0,Female,Mobile,1.56,15,4,2,0,1,1,1.39,31.49,1
3286,39.0,Male,Tablet,29.92,9,5,0,0,1,0,35.92,63.34,1
3287,19.0,Male,Desktop,4.54,8,6,3,1,0,1,2.95,43.82,1
3288,58.0,Female,Desktop,16.74,19,11,7,0,0,1,15.05,37.37,1
3289,41.0,Male,Tablet,23.93,17,10,6,0,1,0,25.17,85.95,1
3290,52.0,Male,Mobile,6.84,19,7,6,0,1,0,5.25,49.5,1
3291,47.0,Male,Unknown,15.74,18,11,4,1,0,1,13.89,62.34,1
3292,47.0,Female,Desktop,18.62,18,9,3,0,0,0,23.46,15.69,1
3293,52.0,Male,Desktop,5.65,4,13,9,0,1,1,3.74,34.69,1
3294,36.0,Male,Desktop,23.58,2,14,5,0,0,1,23.6,84.13,1
3295,39.0,Male,Mobile,9.68,5,7,1,1,0,0,7.37,21.35,1
3296,43.0,Female,Desktop,7.12,17,10,0,0,1,0,6.48,97.05,1
3297,57.0,Female,Mobile,17.19,7,4,0,1,1,0,15.05,83.19,1
3298,24.0,Female,Mobile,12.9,16,1,0,0,0,0,14.9,26.76,1
3299,47.0,Female,Mobile,27.69,1,0,6,1,0,1,35.09,10.82,1
3300,24.0,Female,Tablet,26.52,12,7,5,0,1,0,14.3,16.96,1
3301,20.0,Male,Mobile,15.02,19,5,8,0,1,1,10.01,24.22,1
3302,18.0,Female,Mobile,11.42,9,2,9,1,1,0,15.63,23.77,1
3303,53.0,Female,Mobile,10.44,16,3,5,1,1,0,7.16,1.63,1
3304,42.0,Male,Tablet,8.76,7,11,2,0,1,0,9.45,71.53,1
3305,54.0,Female,Mobile,16.79,15,0,6,0,0,0,17.25,97.71,1
3306,18.0,Male,Desktop,24.34,12,2,8,0,1,0,19.15,28.64,0
3307,32.0,Female,Desktop,10.01,4,3,9,0,1,0,14.54,1.63,0
3308,54.0,Male,Mobile,6.51,6,0,5,0,1,1,7.66,91.83,1
3309,30.0,Male,Mobile,14.79,6,13,6,0,0,1,14.35,20.62,1
3310,57.0,Female,Desktop,3.0,15,11,7,1,0,0,2.83,0.72,1
3311,25.0,Female,Tablet,21.34,3,5,3,1,1,0,12.64,22.41,1
3312,22.0,Male,Desktop,16.03,2,7,4,1,0,0,20.53,10.4,1
3313,26.0,Male,Mobile,15.39,5,11,3,1,1,0,8.98,72.6,1
3314,18.0,Male,Desktop,9.71,8,5,0,0,1,1,6.8,0.16,1
3315,53.0,Male,Mobile,27.24,19,9,5,1,1,1,18.1,44.14,1
3316,52.0,Male,Mobile,3.62,16,2,6,1,0,0,2.06,49.2,1
3317,19.0,Male,Desktop,26.22,19,8,1,1,0,1,34.86,78.42,1
3318,57.0,Male,Mobile,11.92,16,13,5,1,0,1,16.76,52.24,0
3319,40.0,Female,Desktop,26.54,6,3,1,0,1,0,29.87,12.47,1
3320,26.0,Male,Mobile,22.13,1,13,9,1,0,0,30.49,42.65,1
3321,51.0,Female,Desktop,4.02,18,5,4,1,1,1,4.72,93.46,1
3322,31.0,Female,Mobile,25.11,8,3,0,0,0,1,29.76,23.68,1
3323,21.0,Male,Mobile,20.78,0,14,2,0,1,0,28.87,29.95,1
3324,47.0,Male,Desktop,1.94,12,3,3,1,1,0,1.15,87.33,1
3325,48.0,Female,Mobile,4.88,18,10,3,1,0,0,2.71,78.6,1
3326,55.0,Male,Mobile,19.43,5,1,1,1,1,1,10.76,29.55,1
3327,28.0,Unknown,Tablet,20.22,13,9,7,0,0,0,18.56,70.84,1
3328,52.0,Female,Mobile,22.65,12,1,5,1,1,1,32.76,8.51,1
3329,25.0,Female,Tablet,21.89,16,1,8,0,1,1,29.99,54.3,1
3330,20.0,Female,Mobile,20.13,14,1,5,0,0,1,25.81,87.1,1
3331,31.0,Male,Mobile,23.22,11,7,0,1,1,1,20.99,84.25,1
3332,30.0,Unknown,Desktop,17.68,9,14,1,1,1,1,23.41,20.28,1
3333,49.0,Female,Desktop,8.56,10,9,8,0,1,1,6.15,53.32,1
3334,51.0,Male,Mobile,27.46,16,3,2,0,1,1,29.8,39.85,1
3335,36.0,Female,Mobile,1.53,19,3,5,0,0,1,1.91,56.09,1
3336,39.0,Male,Desktop,11.63,10,9,9,0,0,1,6.89,7.51,1
3337,33.0,Female,Mobile,22.14,4,9,1,0,0,1,30.42,49.5,1
3338,19.0,Male,Mobile,13.39,8,10,6,0,1,0,16.43,56.35,1
3339,57.0,Female,Mobile,1.72,11,13,0,1,0,0,1.78,11.93,1
3340,34.0,Male,Mobile,2.91,6,2,8,1,0,0,1.64,64.23,1
3341,51.0,Male,Mobile,19.81,4,4,0,1,1,0,23.66,0.77,1
3342,59.0,Female,Mobile,28.98,5,3,0,0,1,0,27.45,0.65,1
3343,33.0,Male,Mobile,17.0,18,6,0,0,0,0,21.02,17.91,1
3344,55.0,Male,Mobile,15.7,3,9,0,0,0,0,8.42,27.09,1
3345,19.0,Female,Mobile,10.23,7,6,7,1,1,1,10.99,26.32,1
3346,19.0,Male,Desktop,8.44,12,5,0,1,1,1,7.99,44.32,1
3347,43.0,Male,Mobile,1.61,3,6,7,0,1,1,1.5,51.32,1
3348,30.0,Male,Desktop,8.92,17,11,2,1,1,1,9.08,42.22,1
3349,48.0,Female,Desktop,14.02,3,6,3,1,0,1,8.74,37.39,1
3350,51.0,Female,Mobile,6.74,11,12,1,0,0,0,9.67,67.01,1
3351,56.0,Female,Desktop,3.53,6,7,5,0,1,0,4.25,24.83,1
3352,20.0,Female,Mobile,21.81,11,10,6,1,1,0,12.76,62.78,1
3353,25.0,Female,Desktop,26.94,4,12,9,1,0,0,15.61,95.67,1
3354,40.0,Male,Tablet,28.17,17,0,2,1,0,0,20.02,47.18,1
3355,31.0,Male,Mobile,18.92,1,14,8,1,0,0,14.0,51.12,0
3356,44.0,Female,Desktop,2.53,12,2,2,1,0,0,2.51,72.83,1
3357,46.0,Male,Mobile,22.49,3,11,6,1,1,1,14.3,50.74,1
3358,56.0,Male,Mobile,4.19,16,2,3,1,0,0,2.71,14.39,1
3359,56.0,Male,Desktop,20.42,3,4,4,1,0,1,30.09,61.07,1
3360,18.0,Male,Mobile,23.6,14,9,8,0,1,0,31.26,50.88,1
3361,34.0,Female,Mobile,22.05,17,0,2,1,0,1,24.99,95.15,1
3362,58.0,Female,Mobile,28.6,19,12,2,1,1,0,22.25,9.3,1
3363,47.0,Male,Desktop,22.41,7,12,8,1,1,0,31.61,53.65,1
3364,30.0,Male,Mobile,21.1,11,6,8,0,1,0,17.2,61.69,1
3365,38.0,Unknown,Tablet,8.59,16,14,3,1,1,0,7.04,61.99,1
3366,36.0,Male,Mobile,27.82,19,9,0,0,0,1,23.73,5.97,1
3367,36.0,Male,Mobile,6.21,5,5,0,1,0,1,3.4,32.78,1
3368,42.0,Male,Desktop,27.24,1,3,8,0,0,1,15.3,26.25,1
3369,39.0,Female,Mobile,10.07,10,5,5,0,1,1,9.83,68.0,1
3370,48.0,Female,Desktop,4.77,18,6,4,1,1,1,6.59,73.54,1
3371,34.0,Male,Mobile,24.97,10,3,9,1,0,1,36.02,20.93,1
3372,40.0,Male,Mobile,1.07,1,10,2,1,1,0,1.37,82.61,1
3373,49.0,Male,Mobile,25.13,13,7,2,0,0,0,22.73,48.5,1
3374,27.0,Male,Tablet,8.61,4,4,1,0,0,1,6.98,26.3,1
3375,27.0,Male,Mobile,26.66,12,2,6,1,1,1,19.08,29.98,1
3376,53.0,Male,Desktop,21.05,16,0,8,0,0,1,21.86,26.35,1
3377,25.0,Female,Mobile,20.32,19,0,5,1,1,1,19.96,60.44,1
3378,37.0,Female,Mobile,11.59,12,14,9,0,0,0,11.21,52.71,1
3379,49.0,Male,Mobile,2.72,6,3,0,1,1,1,2.22,93.87,1
3380,31.0,Female,Tablet,25.07,16,1,5,1,1,0,27.12,27.37,1
3381,45.0,Male,Desktop,5.96,12,11,7,0,0,0,6.6,31.92,1
3382,41.0,Unknown,Desktop,11.8,10,2,7,0,0,0,16.23,0.65,1
3383,32.0,Female,Mobile,18.41,5,0,9,0,1,0,23.22,29.83,1
0,39.0,Female,Mobile,14.99,19,14,2,0,1,1,12.44,25.09,1
3385,47.0,Male,Mobile,6.76,12,13,0,0,1,0,5.95,40.2,1
3386,21.0,Male,Tablet,5.08,0,12,4,1,1,1,3.76,49.56,1
3387,30.0,Female,Mobile,4.57,4,5,5,1,0,1,3.07,67.03,1
3388,40.0,Female,Mobile,26.03,7,3,9,0,0,1,15.85,19.19,1
3389,25.0,Male,Mobile,1.92,5,4,8,0,1,0,1.03,55.64,1
3390,35.0,Unknown,Mobile,29.33,11,14,1,0,1,1,26.92,72.86,1
3391,29.0,Male,Mobile,6.76,17,7,0,1,1,1,9.86,24.12,1
3392,48.0,Female,Desktop,4.2,3,10,6,1,0,1,4.36,35.12,1
3393,31.0,Male,Mobile,17.73,2,3,1,1,0,0,22.02,20.51,1
3394,51.0,Female,Desktop,3.32,19,5,1,1,1,1,2.98,11.1,1
3395,35.0,Male,Desktop,18.47,2,2,2,1,1,0,16.33,75.62,1
3396,51.0,Female,Mobile,25.67,14,7,3,1,1,1,16.05,24.01,1
0,28.0,Female,Mobile,2.39,1,12,6,1,0,0,14.3,36.76,1
3398,58.0,Female,Mobile,24.2,16,2,0,0,0,0,34.57,24.77,1
3399,29.0,Female,Tablet,12.44,15,14,5,1,1,1,12.32,4.38,1
3400,32.0,Male,Mobile,5.63,18,14,6,1,1,0,3.97,72.9,1
3401,48.0,Female,Mobile,6.11,2,6,2,1,1,1,7.11,64.33,1
3402,46.0,Female,Mobile,27.64,11,6,2,1,0,1,25.03,47.61,1
3403,43.0,Female,Mobile,4.21,17,14,1,0,1,0,5.59,67.43,0
3404,35.0,Male,Mobile,26.14,13,2,4,0,1,1,15.5,84.65,1
3405,49.0,Male,Mobile,16.78,12,2,6,0,0,1,17.15,61.85,1
3406,39.0,Male,Desktop,2.13,2,9,2,0,1,1,2.77,90.68,1
3407,55.0,Male,Desktop,14.47,18,9,6,1,0,1,19.59,20.15,1
3408,34.0,Male,Mobile,24.71,10,11,7,0,1,0,22.15,88.34,1
3409,40.0,Male,Mobile,22.06,12,10,2,1,0,1,27.38,54.15,1
3410,41.0,Female,Desktop,15.17,17,13,0,0,0,1,22.23,49.5,0
3411,25.0,Female,Mobile,25.94,14,7,2,0,0,0,29.1,74.38,1
3412,58.0,Female,Desktop,4.49,19,10,5,0,1,0,5.89,5.76,1
3413,23.0,Male,Mobile,27.39,13,14,0,1,1,0,29.41,83.78,1
3414,22.0,Female,Desktop,25.55,3,2,8,0,0,0,32.96,33.73,1
3415,46.0,Female,Mobile,21.54,8,1,2,0,1,0,31.03,42.31,1
3416,45.0,Male,Mobile,24.72,5,4,2,0,0,1,29.95,1.11,1
3417,28.0,Female,Desktop,15.74,12,10,6,1,0,1,10.97,75.87,1
3418,18.0,Male,Mobile,20.58,1,6,6,1,0,1,11.98,46.7,1
3419,36.0,Female,Mobile,17.26,16,7,5,1,1,1,22.65,93.96,1
3420,26.0,Male,Mobile,11.31,12,0,6,1,0,0,8.58,49.5,1
3421,44.0,Male,Desktop,17.5,17,11,4,1,1,0,24.07,49.5,1
3422,51.0,Male,Mobile,8.47,9,1,7,0,1,1,5.9,41.11,1
3423,21.0,Female,Desktop,13.77,13,12,9,1,0,1,19.43,79.21,1
3424,53.0,Female,Mobile,9.14,4,6,1,0,1,1,11.93,53.56,1
3425,35.0,Male,Mobile,4.56,4,8,4,1,1,1,6.3,45.99,1
3426,32.0,Male,Desktop,10.33,15,2,8,0,1,0,7.57,94.68,0
3427,30.0,Female,Mobile,25.71,10,13,3,1,0,0,35.44,37.79,1
3428,36.0,Female,Mobile,12.05,6,7,7,0,1,1,13.11,49.0,1
3429,23.0,Male,Mobile,22.69,3,13,2,1,0,0,13.25,55.41,1
3430,29.0,Female,Mobile,6.08,15,9,5,1,0,1,8.7,5.39,1
3431,54.0,Female,Desktop,13.31,6,2,7,1,1,0,9.25,52.65,1
3432,34.0,Female,Mobile,4.33,11,3,8,0,0,0,3.09,33.58,1
3433,40.0,Male,Mobile,5.02,2,1,6,1,1,0,6.04,65.02,1
3434,43.0,Male,Mobile,18.91,2,8,5,0,0,0,20.48,64.36,1
3435,46.0,Female,Mobile,18.62,1,13,5,0,1,1,26.12,71.13,1
3436,50.0,Male,Mobile,7.19,11,14,5,1,1,1,5.8,39.92,0
3437,44.0,Female,Tablet,14.76,5,4,9,0,0,1,8.0,10.48,1
3438,42.0,Female,Desktop,26.04,6,4,8,1,0,1,38.93,43.92,1
3439,27.0,Male,Mobile,6.05,3,3,2,0,0,0,4.92,55.22,1
3440,40.0,Male,Mobile,1.56,5,12,3,1,0,1,1.03,2.49,1
3441,38.0,Male,Tablet,19.91,9,4,2,0,0,1,29.55,54.74,1
3442,38.0,Female,Mobile,2.55,19,14,8,0,1,1,2.71,39.93,1
3443,30.0,Female,Unknown,29.42,5,11,4,1,1,1,19.09,47.85,1
3444,54.0,Unknown,Desktop,18.68,12,13,9,1,0,0,24.95,30.33,1
3445,50.0,Male,Mobile,14.64,12,0,7,0,0,1,21.16,49.21,1
3446,41.0,Male,Mobile,13.47,16,9,7,0,1,0,18.61,88.18,1
3447,28.0,Female,Tablet,17.62,7,13,8,1,1,0,12.31,78.78,0
3448,34.0,Female,Desktop,3.63,14,0,9,0,1,0,2.01,61.6,1
3449,21.0,Female,Mobile,27.97,9,11,6,0,0,0,24.37,62.66,1
3450,42.0,Male,Mobile,19.14,15,5,2,0,1,0,16.36,89.54,1
3451,39.0,Male,Mobile,6.34,11,10,4,0,0,1,5.74,47.97,1
3452,26.0,Female,Desktop,17.31,4,3,2,0,0,0,22.49,53.93,1
3453,38.0,Male,Mobile,4.86,11,11,1,1,0,0,2.48,86.02,1
3454,37.0,Male,Mobile,1.51,9,3,2,0,1,0,1.77,75.47,1
3455,36.0,Male,Tablet,19.28,6,11,9,1,0,1,28.63,43.31,1
3456,36.0,Male,Mobile,19.81,17,12,8,0,1,0,17.81,30.53,1
3457,29.0,Female,Mobile,17.93,9,4,8,1,0,1,17.66,51.78,1
3458,54.0,Male,Mobile,6.32,6,0,7,1,1,0,7.13,12.06,1
3459,59.0,Female,Unknown,18.5,6,0,6,1,1,1,14.53,49.5,1
3460,34.0,Unknown,Mobile,2.64,4,3,0,0,0,0,3.22,46.44,1
3461,54.0,Male,Tablet,18.67,11,9,8,0,0,1,13.12,59.5,1
3462,56.0,Female,Desktop,17.07,3,2,9,1,0,1,9.64,84.62,1
3463,39.0,Female,Mobile,20.0,18,4,1,0,1,1,26.03,35.63,1
3464,58.0,Male,Mobile,26.97,16,9,5,0,1,1,18.25,49.72,1
3465,52.0,Female,Mobile,25.66,16,4,9,1,1,0,31.6,55.57,1
3466,35.0,Female,Mobile,29.44,12,7,4,0,1,1,40.37,28.02,1
3467,31.0,Female,Mobile,29.31,14,13,5,0,0,1,16.0,27.48,1
3468,52.0,Female,Tablet,23.4,9,0,7,0,1,0,28.24,52.62,1
3469,58.0,Female,Mobile,28.74,7,2,7,0,0,0,32.94,25.72,1
3470,24.0,Female,Mobile,26.15,14,4,9,1,1,1,29.39,86.12,1
3471,58.0,Female,Mobile,22.1,10,0,1,1,1,0,17.58,99.49,1
3472,30.0,Female,Mobile,3.19,11,2,6,0,0,1,1.74,21.09,1
3473,35.0,Male,Mobile,2.42,7,5,1,1,0,1,1.45,57.53,1
3474,54.0,Male,Mobile,25.29,19,9,0,0,1,1,19.55,14.54,1
3475,30.0,Male,Mobile,15.2,19,12,7,1,1,0,13.77,18.56,1
3476,53.0,Female,Desktop,24.62,11,2,8,0,0,0,34.91,76.6,1
3477,48.0,Female,Mobile,10.07,6,5,6,0,1,1,14.3,19.97,1
3478,19.0,Female,Mobile,12.53,8,7,3,1,1,1,6.59,74.9,1
3479,33.0,Male,Mobile,21.31,1,3,6,0,0,1,30.25,40.4,1
3480,26.0,Male,Desktop,27.54,8,7,3,1,0,0,33.61,47.95,1
3481,39.0,Male,Mobile,3.55,5,6,6,1,0,0,3.52,25.94,1
3482,55.0,Female,Mobile,25.98,10,10,3,1,1,0,25.02,54.9,1
3483,28.0,Male,Mobile,24.0,2,10,8,0,0,0,34.4,33.16,1
3484,39.0,Male,Desktop,10.15,4,12,4,1,0,1,10.66,17.46,1
3485,50.0,Female,Mobile,11.3,2,14,6,1,0,1,11.33,13.91,1
3486,53.0,Male,Mobile,2.35,15,3,7,0,1,1,3.0,99.97,1
3487,40.0,Female,Mobile,1.46,10,2,4,0,0,1,1.6,34.56,1
3488,51.0,Male,Mobile,14.83,2,4,0,0,1,0,11.11,80.49,1
3489,26.0,Female,Mobile,3.77,6,4,3,1,1,1,5.65,34.14,1
3490,41.0,Unknown,Mobile,6.63,14,13,2,1,0,0,5.18,62.3,1
3491,25.0,Female,Desktop,25.56,5,0,6,1,1,0,30.24,84.12,1
3492,24.0,Female,Desktop,17.56,2,10,5,0,0,0,17.38,69.6,1
3493,53.0,Female,Mobile,19.38,14,0,5,0,1,1,12.05,6.91,1
3494,35.0,Male,Mobile,6.44,13,8,1,1,0,1,9.4,19.28,1
3495,20.0,Female,Mobile,25.03,2,1,5,0,1,1,20.92,87.36,1
3496,45.0,Female,Mobile,26.17,9,8,7,1,1,1,30.28,47.12,1
3497,23.0,Female,Desktop,16.18,3,8,4,0,1,1,20.03,59.85,1
3498,38.0,Female,Tablet,27.46,15,12,8,0,0,0,24.57,2.45,1
3499,45.0,Male,Mobile,25.5,3,12,1,0,0,1,19.4,48.73,1
3500,57.0,Female,Mobile,22.21,12,13,6,0,1,0,12.41,43.09,1
3501,18.0,Male,Mobile,22.29,6,14,5,1,0,1,32.36,68.62,1
3502,53.0,Female,Desktop,4.06,19,2,5,1,1,1,4.39,27.44,1
3503,38.0,Female,Desktop,8.85,0,14,3,1,0,0,10.77,74.39,1
3504,52.0,Male,Desktop,2.94,6,6,9,1,0,0,2.85,49.5,1
3505,30.0,Male,Desktop,1.25,19,2,8,1,1,0,0.92,50.97,1
3506,27.0,Male,Mobile,5.59,17,7,5,0,0,1,8.36,49.5,1
3507,27.0,Female,Desktop,26.53,16,7,7,0,0,0,38.93,30.2,1
3508,30.0,Male,Desktop,7.96,8,12,7,0,1,1,10.83,53.51,1
3509,54.0,Female,Mobile,29.13,19,2,3,0,1,0,41.25,57.68,1
3510,55.0,Male,Mobile,18.32,8,4,4,1,0,1,19.69,44.81,1
3511,41.0,Male,Desktop,7.88,15,14,1,1,1,1,6.84,32.06,1
3512,19.0,Female,Mobile,15.42,8,6,3,0,0,0,13.0,87.99,1
3513,39.0,Male,Desktop,7.35,3,0,5,1,0,0,10.54,31.02,1
3514,34.0,Male,Desktop,29.54,0,2,1,1,0,0,43.09,67.22,1
0,53.0,Female,Desktop,25.57,3,0,1,1,0,1,24.05,90.48,1
3516,31.0,Female,Desktop,1.76,1,1,9,0,0,1,1.95,64.68,1
3517,27.0,Female,Mobile,28.49,8,13,6,1,1,1,37.19,36.59,1
3518,52.0,Male,Desktop,21.91,9,13,9,0,1,1,26.35,29.72,1
3519,42.0,Male,Mobile,3.39,12,6,4,1,0,1,14.3,85.34,1
3520,20.0,Male,Mobile,20.45,18,6,2,0,0,0,22.67,49.0,1
3521,55.0,Male,Mobile,19.76,17,2,2,0,1,1,21.39,59.34,1
3522,34.0,Male,Mobile,7.34,8,14,6,0,1,1,6.43,59.63,1
3523,29.0,Female,Mobile,22.99,11,12,2,0,1,0,13.18,53.38,1
3524,41.0,Male,Tablet,3.52,7,5,9,0,0,0,1.96,93.13,1
3525,46.0,Female,Mobile,15.19,14,12,4,1,1,1,9.9,93.1,1
3526,42.0,Male,Mobile,1.29,10,5,1,0,1,1,0.72,4.04,1
3527,53.0,Female,Mobile,29.09,15,1,2,1,0,1,30.11,50.57,1
3528,43.0,Male,Mobile,22.8,12,12,3,1,1,1,20.6,56.56,1
3529,55.0,Male,Desktop,5.61,17,8,0,0,1,1,2.95,92.56,1
3530,18.0,Female,Mobile,10.91,8,12,3,1,1,0,5.69,6.97,1
3531,37.0,Male,Desktop,5.66,14,7,3,1,0,1,5.79,78.91,1
3532,45.0,Female,Desktop,23.23,15,1,2,1,0,0,24.37,64.24,1
3533,33.0,Male,Mobile,2.71,11,11,9,0,0,0,1.46,73.25,1
3534,34.0,Male,Desktop,25.37,12,3,8,1,1,1,29.68,29.17,1
3535,57.0,Female,Mobile,28.32,16,8,2,1,1,0,17.72,74.66,1
3536,45.0,Male,Mobile,20.62,18,3,1,0,1,1,20.51,28.27,1
3537,29.0,Female,Desktop,7.18,10,0,6,0,0,1,4.73,67.57,1
3538,44.0,Male,Desktop,11.44,19,4,8,1,0,0,6.17,78.7,1
3539,59.0,Male,Mobile,14.84,18,9,5,1,1,0,10.57,78.33,1
3540,47.0,Male,Mobile,18.53,1,5,4,1,1,0,17.87,54.44,1
3541,58.0,Male,Mobile,20.39,4,0,0,0,1,1,25.36,41.36,1
3542,51.0,Male,Mobile,17.07,7,3,2,1,0,0,13.07,24.36,1
3543,54.0,Male,Tablet,11.19,1,4,8,0,1,0,13.26,3.35,1
3544,23.0,Male,Mobile,26.84,8,5,7,0,1,0,36.57,4.89,1
3545,24.0,Female,Mobile,3.36,17,5,8,1,1,0,14.3,41.85,1
3546,49.0,Male,Desktop,14.52,8,4,7,1,0,0,14.84,9.49,1
3547,49.0,Male,Mobile,23.49,5,2,0,1,1,0,21.36,11.2,1
3548,42.0,Male,Mobile,2.77,1,10,7,1,0,0,1.46,19.47,1
3549,50.0,Female,Tablet,21.45,15,14,7,0,0,0,19.13,48.13,1
3550,24.0,Female,Desktop,24.77,4,1,4,0,1,1,21.73,59.18,1
3551,29.0,Male,Desktop,20.16,7,14,5,1,0,1,22.62,69.43,1
3552,33.0,Male,Mobile,1.38,14,6,1,1,0,0,1.89,48.62,1
3553,39.0,Male,Desktop,6.22,12,0,0,0,1,1,7.29,66.47,1
3554,53.0,Female,Mobile,10.92,3,11,7,0,0,1,9.34,86.21,1
3555,30.0,Male,Mobile,7.78,18,11,6,0,1,1,7.38,37.42,1
3556,24.0,Female,Tablet,28.92,8,4,3,1,1,0,40.12,68.82,1
3557,39.0,Male,Mobile,19.9,2,3,6,1,1,1,22.67,65.85,1
3558,26.0,Female,Desktop,9.61,6,6,1,1,1,1,8.55,63.65,1
3559,49.0,Female,Mobile,27.96,7,1,1,0,0,0,30.76,58.35,1
3560,28.0,Male,Mobile,22.48,7,10,6,1,0,0,25.72,72.62,1
3561,25.0,Male,Desktop,9.25,13,12,2,0,0,1,9.09,81.85,1
3562,50.0,Male,Mobile,11.99,1,7,5,0,1,1,16.37,39.21,1
3563,40.0,Male,Unknown,6.78,8,8,6,1,1,1,8.9,65.48,1
3564,42.0,Male,Mobile,29.16,13,12,6,0,0,0,29.87,24.85,1
3565,25.0,Male,Tablet,16.0,19,14,9,0,1,0,23.33,75.6,1
3566,39.0,Male,Mobile,26.99,17,11,3,1,1,1,39.22,88.04,1
3567,21.0,Female,Mobile,11.05,13,9,2,1,0,1,16.2,76.15,1
3568,57.0,Male,Mobile,25.96,16,14,0,0,0,0,18.7,49.11,1
3569,20.0,Male,Tablet,2.56,15,0,6,1,1,0,1.54,13.34,1
3570,46.0,Female,Desktop,29.48,11,4,8,0,1,0,32.99,87.31,1
3571,58.0,Male,Desktop,27.45,12,3,0,0,1,1,33.7,81.46,1
3572,46.0,Male,Mobile,11.53,3,4,4,1,0,1,9.3,69.8,1
3573,51.0,Male,Mobile,23.47,9,8,3,0,1,0,24.35,85.15,1
3574,51.0,Male,Mobile,22.82,14,14,9,0,0,0,26.19,53.3,1
3575,45.0,Female,Mobile,27.14,7,11,1,0,0,1,26.15,99.08,1
3576,30.0,Female,Mobile,9.91,0,2,6,0,0,1,10.32,83.71,1
3577,32.0,Male,Tablet,14.5,10,0,6,1,1,1,8.34,16.36,1
3578,40.0,Male,Desktop,26.08,3,0,7,0,0,1,38.97,40.22,1
3579,43.0,Female,Mobile,23.58,19,10,2,1,0,1,20.72,17.01,1
3580,21.0,Male,Mobile,12.41,2,2,5,0,0,1,8.75,22.43,1
3581,43.0,Female,Desktop,25.53,17,3,3,1,1,0,25.02,50.1,1
3582,57.0,Female,Mobile,2.36,2,12,2,1,0,0,1.93,36.14,1
3583,26.0,Female,Mobile,23.68,16,14,0,0,1,0,21.11,90.97,1
3584,22.0,Male,Mobile,7.0,17,12,0,0,1,1,7.44,0.01,1
3585,49.0,Male,Mobile,9.3,10,1,6,0,1,1,7.24,1.04,1
3586,37.0,Male,Desktop,15.3,4,0,6,0,0,0,17.85,92.04,1
3587,28.0,Female,Mobile,14.04,11,0,6,0,0,1,13.08,23.9,1
3588,32.0,Male,Mobile,16.1,17,14,1,1,1,0,9.4,0.25,1
3589,49.0,Male,Mobile,16.8,12,7,0,0,0,0,23.3,43.76,1
3590,45.0,Female,Desktop,10.61,10,3,8,1,1,0,10.37,19.56,1
3591,39.0,Male,Mobile,6.08,16,11,1,1,1,0,8.65,5.33,1
3592,58.0,Male,Mobile,23.29,4,1,4,0,1,0,20.51,53.05,1
3593,34.0,Male,Tablet,12.6,3,9,4,0,1,1,13.14,14.02,1
3594,43.0,Female,Tablet,15.67,9,2,7,0,0,0,21.52,49.5,1
3595,24.0,Male,Tablet,19.7,6,7,0,1,0,1,18.96,49.5,1
3596,59.0,Female,Desktop,27.38,12,5,6,0,0,1,31.03,22.17,1
0,43.0,Female,Mobile,21.52,1,7,2,1,0,0,16.08,73.98,1
3598,42.0,Female,Mobile,2.32,14,9,1,0,1,1,1.71,84.86,1
3599,27.0,Male,Mobile,25.32,10,4,4,1,1,0,26.4,9.31,1
3600,36.0,Male,Mobile,29.69,18,2,3,0,0,1,33.05,15.16,1
3601,28.0,Male,Tablet,14.7,13,0,8,0,1,1,16.99,47.46,1
3602,30.0,Female,Desktop,29.12,9,9,0,1,0,1,36.94,59.02,1
3603,25.0,Female,Unknown,16.87,19,7,2,0,1,0,24.0,8.33,1
3604,57.0,Male,Mobile,14.33,4,13,2,1,1,1,10.61,37.5,1
3605,39.0,Female,Tablet,10.61,3,4,3,0,0,0,11.88,89.76,1
3606,48.0,Male,Desktop,20.07,6,4,6,0,1,1,18.93,49.5,1
3607,45.0,Male,Mobile,7.66,9,2,4,0,1,1,4.51,31.12,1
3608,28.0,Male,Desktop,4.04,10,2,9,1,0,1,3.85,22.74,1
3609,18.0,Male,Mobile,1.79,9,12,5,0,0,0,2.31,58.28,1
3610,55.0,Male,Mobile,9.48,17,11,2,0,0,1,5.49,9.61,1
3611,41.0,Male,Desktop,12.48,10,14,4,0,1,1,13.81,23.34,1
3612,48.0,Male,Desktop,17.01,6,7,1,0,1,0,15.48,16.68,1
3613,58.0,Female,Mobile,9.49,16,0,3,1,1,1,10.95,20.77,1
3614,43.0,Male,Mobile,29.54,17,14,2,0,0,0,39.03,21.48,1
3615,22.0,Female,Tablet,9.46,11,0,2,1,1,1,9.85,62.75,1
3616,37.0,Female,Desktop,13.79,7,3,3,0,0,1,11.09,48.81,1
3617,58.0,Male,Desktop,4.0,4,8,7,1,1,0,2.36,86.23,1
3618,28.0,Female,Mobile,8.56,10,5,7,1,1,1,6.75,73.56,1
3619,50.0,Female,Mobile,2.4,14,5,0,0,1,0,2.08,49.89,1
3620,55.0,Female,Mobile,17.23,17,13,4,1,0,1,19.66,30.74,1
3621,44.0,Male,Mobile,22.78,14,9,1,0,1,0,20.24,83.2,1
3622,51.0,Male,Mobile,6.68,13,10,9,0,1,0,6.03,7.95,1
3623,32.0,Male,Mobile,11.67,2,10,5,1,0,0,9.23,68.1,1
3624,49.0,Male,Mobile,1.48,9,12,2,1,1,1,1.28,11.3,1
3625,38.0,Male,Mobile,25.35,3,6,9,1,1,1,19.42,53.28,1
3626,22.0,Female,Desktop,23.62,4,10,9,0,1,0,29.15,90.16,1
3627,23.0,Female,Mobile,2.83,0,6,8,1,0,0,4.2,23.81,1
3628,55.0,Unknown,Mobile,11.58,15,5,8,1,1,1,14.3,7.85,1
3629,39.0,Female,Mobile,28.7,8,8,7,0,1,1,16.46,33.95,1
3630,35.0,Female,Mobile,12.37,18,7,1,0,0,1,14.01,49.5,1
3631,31.0,Female,Mobile,16.26,5,11,1,1,0,1,19.56,72.48,1
3632,27.0,Female,Tablet,11.3,2,7,1,0,1,0,14.44,2.97,1
3633,30.0,Male,Desktop,18.29,9,1,4,1,0,0,23.09,13.09,1
3634,48.0,Male,Mobile,29.37,14,6,9,0,0,1,29.62,41.07,1
3635,47.0,Male,Mobile,29.93,1,14,8,1,0,0,22.82,49.5,1
3636,20.0,Female,Mobile,23.47,4,11,6,1,1,0,14.57,95.59,1
3637,47.0,Female,Desktop,12.73,17,0,6,1,0,0,6.47,51.1,1
3638,23.0,Unknown,Mobile,15.34,10,9,2,1,0,1,7.69,37.69,1
3639,46.0,Male,Mobile,11.35,2,14,2,1,1,1,16.3,97.97,1
3640,25.0,Female,Desktop,29.58,6,7,9,0,0,1,32.77,64.61,1
3641,50.0,Male,Desktop,21.53,19,12,2,1,0,0,23.13,51.58,1
3642,34.0,Male,Desktop,14.02,9,2,0,1,0,1,12.29,24.11,1
3643,28.0,Female,Desktop,1.35,19,10,7,1,0,1,1.75,25.31,0
3644,30.0,Female,Tablet,16.09,19,12,1,1,1,0,11.59,36.23,1
3645,28.0,Male,Mobile,29.53,9,8,6,0,1,1,36.56,75.07,1
3646,48.0,Female,Mobile,16.17,3,14,8,1,1,0,14.3,81.6,1
3647,45.0,Male,Desktop,6.29,6,4,1,1,1,0,7.6,19.21,1
3648,23.0,Female,Desktop,1.64,6,6,0,0,0,1,1.98,81.74,1
3649,58.0,Female,Unknown,11.29,17,13,4,0,0,1,9.2,33.09,1
3650,33.0,Male,Mobile,27.63,13,6,9,1,1,1,14.3,20.03,1
3651,21.0,Female,Mobile,29.9,13,8,4,0,0,0,30.13,19.48,1
3652,52.0,Male,Mobile,28.42,7,1,0,0,0,0,21.53,46.34,1
3653,43.0,Female,Mobile,22.15,9,3,8,1,0,1,26.0,76.71,1
3654,29.0,Male,Mobile,17.19,18,11,2,1,0,1,21.5,57.07,1
3655,28.0,Female,Desktop,18.13,1,7,1,1,1,1,26.3,46.46,1
3656,54.0,Female,Mobile,16.63,13,4,6,0,0,0,9.53,1.8,1
3657,42.0,Male,Desktop,21.5,0,10,4,0,1,0,22.36,56.36,1
3658,35.0,Female,Desktop,13.15,9,4,3,1,0,0,13.02,49.5,1
3659,36.0,Male,Mobile,20.41,1,2,3,0,1,0,14.3,9.81,1
3660,40.0,Female,Mobile,4.53,9,4,8,0,1,0,5.74,95.62,1
3661,55.0,Female,Desktop,8.71,11,12,8,0,1,0,6.05,9.15,1
3662,35.0,Male,Desktop,25.24,4,6,0,1,1,1,20.89,69.07,1
3663,43.0,Female,Desktop,27.21,16,3,9,0,1,1,34.45,52.46,1
3664,23.0,Female,Desktop,16.63,14,7,6,0,0,1,16.25,88.42,1
3665,21.0,Male,Tablet,1.92,18,13,7,0,0,0,1.22,41.41,1
3666,46.0,Female,Mobile,27.88,9,10,4,1,0,0,38.87,50.85,0
3667,51.0,Male,Tablet,21.36,1,5,6,0,1,1,26.29,55.29,1
3668,34.0,Male,Desktop,13.01,3,5,7,1,0,0,13.83,87.48,1
3669,33.0,Male,Desktop,18.35,1,5,7,0,1,0,20.36,79.96,1
3670,19.0,Female,Mobile,13.46,3,3,8,1,1,0,15.16,28.01,1
3671,51.0,Female,Tablet,15.74,14,13,4,0,1,0,14.48,95.53,1
3672,25.0,Male,Mobile,26.72,14,14,1,0,1,1,33.26,75.31,1
3673,30.0,Female,Desktop,5.67,13,2,5,1,1,1,6.89,1.2,1
3674,59.0,Unknown,Mobile,4.01,1,9,0,1,1,0,2.02,18.37,1
3675,25.0,Female,Mobile,1.08,15,5,9,0,1,1,0.66,85.58,1
3676,47.0,Male,Mobile,10.11,7,5,5,1,0,0,5.31,64.59,1
3677,49.0,Male,Mobile,5.27,16,1,2,0,1,1,3.53,25.81,1
3678,53.0,Female,Mobile,7.38,1,13,2,1,1,1,4.22,17.14,1
3679,47.0,Male,Desktop,1.33,15,9,6,0,0,1,0.92,14.68,1
3680,18.0,Male,Mobile,7.59,15,8,3,1,0,0,7.88,31.81,1
3681,56.0,Female,Mobile,10.65,19,3,4,0,0,0,12.46,89.85,1
3682,34.0,Male,Mobile,1.92,6,3,5,0,0,0,2.72,35.2,1
3683,37.0,Male,Mobile,18.63,6,9,9,1,1,0,23.09,66.07,0
3684,41.0,Female,Mobile,17.5,1,12,5,1,0,0,9.3,11.16,1
3685,39.0,Male,Mobile,3.81,16,11,1,0,0,0,3.69,53.14,1
3686,46.0,Male,Mobile,18.26,18,10,2,0,1,1,21.47,34.29,1
3687,39.0,Male,Desktop,29.96,13,0,0,0,0,0,24.42,16.05,1
3688,26.0,Unknown,Mobile,28.39,12,11,2,1,0,1,24.67,79.78,1
3689,54.0,Male,Mobile,1.08,18,7,7,0,1,1,1.41,81.55,1
3690,27.0,Male,Mobile,24.07,10,2,3,0,1,1,13.17,30.63,1
3691,53.0,Male,Tablet,11.25,0,9,1,1,0,1,11.7,65.38,1
3692,54.0,Male,Mobile,2.85,11,6,3,1,1,1,3.72,39.41,1
3693,45.0,Female,Mobile,9.58,18,6,6,1,1,0,14.3,4.45,1
3694,45.0,Male,Mobile,10.33,12,1,8,1,1,0,6.41,42.78,1
3695,59.0,Male,Mobile,16.17,17,2,4,1,0,1,21.75,57.59,1
3696,38.0,Female,Mobile,20.17,3,14,0,1,0,0,11.64,29.9,1
3697,41.0,Male,Mobile,15.74,1,11,4,1,1,0,32.35,94.89,1
3698,59.0,Male,Mobile,8.13,1,13,9,0,1,0,5.82,55.8,1
3699,57.0,Male,Mobile,10.33,6,3,8,0,1,1,6.36,37.15,1
3700,19.0,Male,Mobile,9.94,19,1,6,0,0,0,5.71,73.5,1
3701,25.0,Male,Desktop,11.52,4,13,2,0,0,1,9.72,34.09,1
3702,44.0,Male,Tablet,29.99,13,8,1,1,0,1,25.45,2.47,1
3703,39.0,Female,Mobile,23.56,12,9,8,1,0,1,24.18,0.83,1
3704,54.0,Female,Desktop,29.27,8,10,2,1,0,0,36.09,30.2,1
3705,44.0,Female,Tablet,21.1,7,5,7,1,0,1,21.31,15.6,1
3706,46.0,Female,Desktop,12.78,7,0,3,1,1,0,18.9,35.25,1
3707,20.0,Female,Mobile,12.3,7,14,4,1,0,0,8.74,76.97,1
3708,30.0,Male,Desktop,15.17,14,0,0,1,0,1,10.78,30.91,1
3709,27.0,Male,Mobile,13.09,18,7,4,1,0,1,15.77,55.96,1
3710,53.0,Male,Mobile,25.02,19,10,9,1,1,1,20.37,91.96,1
3711,26.0,Male,Mobile,14.49,19,5,1,0,0,1,9.73,69.83,1
3712,44.0,Male,Mobile,15.74,18,12,5,0,1,0,12.37,56.18,1
3713,51.0,Female,Mobile,23.47,6,9,6,0,1,1,17.04,86.71,1
3714,18.0,Female,Mobile,25.78,16,11,0,0,1,0,32.2,33.06,1
3715,49.0,Male,Desktop,13.19,3,6,9,1,1,1,9.32,19.78,1
3716,42.0,Male,Mobile,20.37,2,0,8,1,1,1,29.32,74.72,1
3717,46.0,Male,Mobile,2.71,15,1,5,1,1,0,2.15,5.88,1
3718,24.0,Female,Mobile,16.35,11,2,3,0,0,0,20.43,42.42,1
3719,20.0,Female,Mobile,2.3,19,0,1,0,0,0,3.09,28.71,1
3720,37.0,Male,Mobile,1.85,18,3,8,0,0,0,1.15,97.13,1
3721,37.0,Female,Tablet,18.77,11,12,5,0,0,1,10.66,37.71,1
3722,47.0,Male,Mobile,9.8,3,14,8,0,1,1,10.76,66.34,1
3723,52.0,Female,Mobile,22.53,0,7,1,1,0,1,25.24,26.85,1
3724,39.0,Female,Desktop,26.99,6,2,4,1,0,0,30.3,98.32,1
3725,56.0,Male,Mobile,5.04,12,1,5,1,0,1,4.82,18.04,1
3726,44.0,Female,Desktop,22.01,4,6,4,0,0,0,31.58,90.67,1
3727,43.0,Female,Mobile,15.92,12,0,5,1,0,0,18.98,44.54,1
3728,31.0,Male,Mobile,4.25,4,10,2,0,1,1,2.44,42.73,1
3729,34.0,Female,Mobile,19.9,2,2,8,1,0,0,25.57,70.13,1
3730,35.0,Male,Mobile,18.67,12,1,1,0,1,0,14.48,9.33,1
3731,46.0,Female,Mobile,15.95,13,4,1,1,1,0,19.51,54.67,1
3732,37.0,Male,Desktop,27.87,16,1,0,0,1,0,14.3,22.0,1
3733,44.0,Male,Desktop,16.11,4,9,9,1,0,0,20.41,49.5,1
3734,35.0,Female,Desktop,29.72,8,4,2,0,1,0,30.99,87.75,1
3735,21.0,Female,Desktop,15.77,5,12,1,1,0,1,19.25,99.73,1
3736,18.0,Male,Mobile,15.74,14,2,5,0,0,0,4.33,97.12,1
3737,18.0,Female,Desktop,14.64,15,8,5,1,0,1,19.05,82.12,1
3738,43.0,Female,Mobile,6.29,11,9,6,0,1,0,9.1,49.5,1
3739,37.0,Female,Desktop,18.32,10,8,3,0,0,1,22.76,92.42,1
3740,40.0,Male,Mobile,21.1,10,7,0,1,0,1,26.25,17.64,1
3741,27.0,Male,Desktop,14.58,6,12,2,1,1,1,10.45,8.57,1
3742,28.0,Male,Desktop,3.83,16,4,9,1,1,0,3.27,12.68,1
3743,58.0,Female,Mobile,14.59,4,9,0,0,0,1,9.12,16.26,1
3744,58.0,Female,Mobile,3.36,9,10,4,0,1,1,3.47,82.24,1
3745,22.0,Male,Mobile,20.78,10,6,5,1,1,1,19.67,94.13,1
3746,18.0,Male,Mobile,15.74,5,1,2,1,1,1,19.01,35.18,1
3747,34.0,Female,Desktop,28.91,10,2,1,0,0,1,16.46,3.44,1
3748,39.0,Female,Tablet,5.32,16,11,2,0,1,0,7.62,30.75,1
3749,51.0,Female,Mobile,16.44,11,10,2,0,0,0,18.17,70.61,1
3750,58.0,Female,Mobile,17.46,6,1,6,1,0,0,14.4,94.29,1
3751,46.0,Male,Desktop,27.75,7,9,0,0,0,1,23.52,44.97,1
3752,21.0,Female,Mobile,19.19,12,10,3,0,0,1,14.3,33.61,1
3753,22.0,Unknown,Mobile,5.22,13,0,2,1,0,0,6.85,65.32,1
3754,28.0,Male,Tablet,13.65,17,2,9,0,1,1,9.7,21.11,1
3755,38.0,Male,Desktop,19.99,9,3,6,0,0,1,27.12,76.58,1
3756,52.0,Female,Mobile,21.31,8,11,0,1,0,1,17.29,41.4,1
3757,29.0,Male,Mobile,26.03,16,8,7,0,0,1,35.69,97.73,1
3758,43.0,Female,Desktop,6.23,3,11,9,1,1,1,8.7,93.41,1
3759,36.0,Female,Desktop,28.59,5,1,6,1,0,1,34.21,66.54,1
3760,24.0,Male,Desktop,2.72,13,8,7,1,1,0,3.79,64.8,1
3761,24.0,Male,Mobile,29.53,18,0,7,1,1,1,14.3,12.32,1
3762,43.0,Female,Tablet,25.88,16,8,8,0,1,0,16.68,28.09,1
3763,57.0,Male,Mobile,20.15,14,5,0,1,0,0,29.34,86.19,1
3764,22.0,Female,Desktop,22.31,11,7,8,0,0,0,15.4,36.3,1
3765,38.0,Female,Mobile,3.11,18,0,0,0,0,0,3.09,42.41,1
0,31.0,Female,Mobile,2.2,8,7,2,0,1,0,1.94,83.98,1
3767,21.0,Male,Tablet,3.95,12,10,6,0,0,0,3.35,42.69,1
3768,40.0,Female,Mobile,3.53,19,8,7,1,0,0,4.53,85.0,1
3769,59.0,Female,Mobile,16.87,2,6,4,0,1,0,13.34,6.94,1
3770,37.0,Female,Desktop,7.25,9,3,0,0,0,1,7.52,69.11,1
3771,32.0,Male,Desktop,25.95,9,5,2,0,1,0,14.3,6.3,1
3772,46.0,Female,Desktop,13.93,14,5,6,1,0,0,19.41,79.0,1
3773,25.0,Female,Mobile,21.17,15,1,1,0,0,0,13.87,55.22,1
3774,58.0,Female,Mobile,19.93,0,1,1,0,1,0,13.46,55.59,1
3775,36.0,Male,Tablet,10.28,13,10,8,0,1,1,6.28,37.67,1
3776,56.0,Female,Mobile,8.05,5,4,5,0,0,1,10.13,90.33,1
3777,45.0,Female,Desktop,10.93,6,0,3,1,0,1,7.23,50.91,1
3778,44.0,Male,Mobile,24.1,5,4,9,1,0,1,24.9,26.04,1
3779,21.0,Male,Desktop,18.0,1,9,8,1,1,0,22.8,82.41,1
3780,39.0,Female,Mobile,8.35,18,14,6,1,0,1,5.14,94.81,1
3781,52.0,Female,Mobile,15.74,8,2,6,1,0,0,35.36,24.23,1
3782,54.0,Female,Desktop,2.59,17,2,7,0,1,1,2.03,60.53,1
3783,18.0,Male,Mobile,21.28,11,7,2,1,0,1,27.5,58.86,1
3784,20.0,Male,Desktop,13.73,11,10,1,1,0,0,17.76,60.96,1
3785,41.0,Female,Desktop,22.21,3,2,0,0,0,0,18.84,56.42,1
3786,44.0,Male,Desktop,27.9,8,2,1,1,1,1,29.31,10.02,1
3787,57.0,Female,Tablet,22.75,8,0,2,0,0,1,25.73,41.25,1
3788,53.0,Female,Mobile,13.82,3,13,0,1,1,1,12.65,98.57,1
3789,51.0,Male,Mobile,5.38,10,7,7,0,0,1,4.62,8.82,1
3790,46.0,Female,Mobile,24.38,19,12,2,0,1,1,32.96,66.96,1
3791,41.0,Male,Mobile,15.74,14,14,6,1,1,0,10.08,89.43,1
3792,41.0,Male,Mobile,3.18,18,13,4,0,1,1,4.12,20.07,1
3793,59.0,Female,Mobile,21.85,3,9,4,1,1,1,15.38,80.24,1
3794,21.0,Male,Mobile,9.46,14,9,7,1,1,1,11.35,24.18,1
3795,20.0,Female,Mobile,2.42,11,5,9,1,1,0,1.91,3.04,1
3796,51.0,Male,Mobile,27.18,10,10,4,1,0,1,38.8,52.11,1
3797,40.0,Female,Desktop,15.01,14,0,9,0,0,0,16.59,71.09,1
3798,40.0,Female,Mobile,9.15,1,2,6,0,0,0,9.46,19.69,1
3799,22.0,Female,Mobile,21.78,16,13,9,0,0,0,17.32,7.04,1
3800,48.0,Male,Desktop,26.69,6,10,7,0,1,1,26.92,55.35,1
3801,58.0,Female,Mobile,1.01,18,5,7,0,0,0,0.57,14.77,1
3802,23.0,Male,Tablet,20.95,16,14,2,1,0,1,13.48,18.43,1
3803,54.0,Male,Desktop,23.24,19,11,0,0,0,0,18.48,70.35,1
3804,27.0,Male,Mobile,7.09,16,1,7,0,1,1,10.28,61.21,1
3805,57.0,Male,Desktop,15.2,5,2,4,0,0,1,14.71,94.7,1
3806,24.0,Male,Desktop,3.59,12,12,0,0,0,0,3.23,32.34,1
3807,56.0,Female,Mobile,22.66,6,3,6,0,0,0,28.84,21.44,1
3808,55.0,Male,Desktop,25.58,2,8,2,1,1,1,30.53,65.57,1
3809,38.0,Female,Mobile,4.14,16,14,1,0,1,1,4.82,97.2,1
3810,37.0,Female,Mobile,24.68,11,11,9,1,0,0,27.29,55.35,1
3811,20.0,Male,Mobile,23.38,12,3,4,1,0,0,14.73,29.38,1
3812,39.0,Female,Mobile,11.06,11,6,0,0,1,1,9.85,91.05,1
3813,21.0,Female,Mobile,21.02,19,11,8,1,0,1,29.45,61.04,1
3814,45.0,Male,Tablet,1.0,8,7,9,0,0,0,1.46,21.27,1
3815,29.0,Female,Mobile,28.02,18,4,4,0,1,1,26.13,94.96,1
3816,55.0,Male,Mobile,16.96,5,14,5,0,0,0,8.5,27.3,1
3817,53.0,Male,Mobile,18.99,12,0,6,0,0,1,18.98,89.85,1
3818,58.0,Male,Desktop,20.28,10,14,0,0,0,1,14.75,61.46,1
3819,22.0,Female,Tablet,17.28,15,10,4,0,1,1,11.89,50.26,1
3820,30.0,Female,Desktop,25.85,5,7,3,1,1,1,20.26,33.26,1
3821,40.0,Female,Tablet,18.68,17,4,2,0,1,1,11.63,11.89,1
3822,47.0,Female,Desktop,27.33,4,4,4,1,1,1,14.3,24.48,1
3823,54.0,Male,Tablet,17.89,12,6,9,1,0,1,16.9,33.1,1
3824,42.0,Unknown,Desktop,5.96,18,5,9,0,1,1,4.54,28.87,1
3825,44.0,Female,Mobile,27.49,8,2,2,1,1,0,20.79,7.33,1
3826,31.0,Male,Mobile,20.77,17,13,4,1,1,1,14.99,57.98,1
3827,53.0,Female,Desktop,21.28,8,13,7,1,0,0,21.21,47.52,1
3828,56.0,Male,Mobile,29.58,13,6,1,1,0,0,36.48,10.65,1
3829,33.0,Male,Mobile,3.18,3,11,3,0,1,1,3.68,46.39,1
3830,39.0,Male,Mobile,13.43,3,13,7,0,0,1,19.82,7.9,1
3831,38.0,Male,Tablet,7.93,7,0,4,1,1,0,11.21,93.15,1
3832,38.0,Male,Mobile,19.28,18,3,7,0,0,1,17.69,25.91,1
3833,25.0,Female,Desktop,24.4,7,3,5,0,1,0,32.04,72.48,1
3834,33.0,Female,Desktop,29.02,2,5,0,1,0,0,19.86,25.12,1
3835,48.0,Male,Tablet,14.18,7,5,4,1,1,0,10.1,47.45,1
3836,59.0,Female,Tablet,23.8,2,9,9,0,0,0,28.58,93.33,1
3837,27.0,Male,Desktop,27.59,7,7,1,0,0,0,19.77,87.17,1
3838,49.0,Male,Mobile,15.74,14,11,6,1,1,1,19.8,77.89,1
3839,51.0,Male,Mobile,8.04,15,0,9,0,1,0,6.61,79.02,1
3840,26.0,Male,Mobile,18.63,16,12,3,1,0,0,13.65,82.35,1
0,34.0,Female,Desktop,29.13,8,6,1,0,0,1,14.3,74.26,1
3842,28.0,Male,Desktop,29.64,16,13,0,1,1,0,32.96,89.69,1
3843,49.0,Female,Desktop,19.63,7,3,4,1,1,1,10.92,35.02,1
3844,27.0,Male,Mobile,26.72,11,12,9,1,0,1,32.13,52.61,1
3845,39.0,Male,Mobile,6.81,4,5,7,0,0,0,9.5,64.64,1
3846,34.0,Female,Mobile,8.14,18,9,7,0,1,1,6.87,19.78,1
3847,21.0,Male,Mobile,28.63,13,14,9,1,1,0,26.15,50.33,1
3848,42.0,Male,Mobile,4.92,17,13,1,1,0,1,5.37,12.41,1
3849,38.0,Female,Mobile,6.54,12,8,0,0,0,1,7.63,61.16,1
3850,54.0,Female,Desktop,13.2,18,2,6,0,0,1,13.79,9.76,1
3851,55.0,Female,Mobile,18.1,10,7,9,1,1,0,21.55,50.34,1
3852,18.0,Male,Mobile,18.51,7,2,0,0,0,1,24.22,46.16,1
3853,42.0,Male,Tablet,9.47,12,5,4,1,1,0,14.11,11.18,1
3854,53.0,Female,Mobile,27.7,12,1,5,1,0,0,24.73,43.93,1
3855,34.0,Female,Mobile,27.54,13,8,6,1,0,0,29.87,67.78,1
3856,58.0,Male,Mobile,12.37,1,13,8,0,1,1,10.84,59.47,1
3857,41.0,Male,Mobile,13.59,7,12,2,0,1,1,10.03,45.8,1
3858,19.0,Female,Mobile,21.37,16,1,7,1,1,1,32.0,36.49,1
3859,57.0,Female,Mobile,15.74,16,11,9,0,0,1,14.3,5.74,1
3860,32.0,Female,Mobile,15.74,16,4,2,0,0,1,14.3,95.59,1
3861,49.0,Female,Mobile,13.01,16,5,8,1,1,1,14.09,40.27,1
3862,56.0,Male,Mobile,11.09,14,3,7,0,0,1,13.42,41.65,1
3863,23.0,Male,Desktop,7.83,11,11,8,1,1,1,9.62,12.83,1
3864,18.0,Male,Unknown,14.29,19,6,4,1,0,1,17.2,53.27,1
3865,40.0,Male,Tablet,20.91,11,12,8,1,0,1,26.94,97.92,1
3866,56.0,Female,Mobile,22.52,2,6,2,1,1,0,28.03,25.3,1
3867,34.0,Male,Mobile,23.59,7,11,6,0,1,1,24.67,31.33,1
3868,51.0,Female,Desktop,11.87,9,6,2,0,1,1,11.52,23.62,1
3869,58.0,Male,Mobile,23.17,9,10,5,1,0,0,14.3,86.66,1
3870,46.0,Male,Mobile,1.19,14,6,7,0,0,0,1.47,47.52,1
3871,26.0,Male,Desktop,14.83,10,12,1,0,0,1,12.35,82.35,1
3872,30.0,Female,Mobile,24.02,0,9,7,1,0,0,12.08,85.01,1
3873,23.0,Male,Desktop,19.27,18,10,0,1,1,1,15.69,74.91,1
3874,23.0,Female,Tablet,14.75,1,9,3,0,1,0,15.26,26.1,1
3875,37.0,Female,Mobile,19.69,2,8,6,0,0,0,20.2,3.53,1
3876,20.0,Male,Mobile,27.3,4,1,0,1,1,1,24.02,14.33,1
3877,34.0,Female,Mobile,17.43,2,4,5,1,0,0,24.97,69.69,1
3878,29.0,Male,Tablet,24.19,4,9,9,1,1,1,23.62,49.5,1
3879,18.0,Female,Desktop,29.44,6,8,5,0,1,1,18.81,76.64,1
0,34.0,Male,Tablet,21.46,4,11,6,0,0,0,14.88,24.4,1
3881,20.0,Female,Mobile,17.63,18,12,8,1,0,1,14.3,15.3,1
3882,43.0,Female,Desktop,2.09,5,13,6,0,1,0,1.61,92.31,1
3883,32.0,Male,Mobile,11.86,11,10,2,0,0,1,9.54,66.42,1
3884,53.0,Male,Mobile,17.4,13,10,3,0,1,1,14.51,74.2,1
3885,49.0,Male,Tablet,24.12,3,1,0,0,0,0,32.23,9.39,1
3886,49.0,Male,Mobile,13.71,19,2,4,1,1,1,17.35,41.25,1
3887,21.0,Female,Tablet,28.84,11,6,6,0,0,0,28.73,6.33,1
3888,35.0,Female,Mobile,8.88,11,8,2,0,1,0,8.39,65.78,1
3889,36.0,Unknown,Desktop,15.74,2,13,5,1,0,1,19.84,48.94,1
3890,52.0,Female,Mobile,13.15,15,14,2,1,1,0,14.3,45.15,1
0,57.0,Male,Mobile,15.09,8,2,3,1,1,1,21.42,90.29,1
3892,31.0,Female,Mobile,24.27,2,14,4,1,0,1,19.21,74.01,1
3893,50.0,Male,Mobile,9.59,8,9,5,1,0,0,12.87,96.43,1
3894,31.0,Female,Mobile,3.81,15,7,0,0,0,0,4.73,4.63,1
3895,51.0,Male,Desktop,16.09,16,10,0,0,0,1,9.89,61.57,1
3896,21.0,Male,Mobile,15.74,13,14,7,0,1,1,13.29,63.02,1
3897,41.0,Male,Mobile,24.12,17,7,2,1,0,1,23.75,2.65,1
3898,46.0,Male,Mobile,29.08,14,11,3,1,0,1,22.16,78.71,1
3899,36.0,Male,Mobile,2.6,14,3,7,0,0,0,14.3,15.36,1
3900,23.0,Female,Desktop,18.16,1,10,4,1,0,0,14.21,70.13,1
3901,50.0,Male,Desktop,20.76,1,12,5,1,0,1,23.58,3.78,1
3902,57.0,Female,Mobile,29.59,0,5,0,0,1,0,25.47,61.37,1
3903,36.0,Female,Mobile,28.34,15,10,7,0,0,0,23.98,52.08,1
3904,18.0,Male,Desktop,21.66,5,11,4,0,0,1,16.71,48.33,1
3905,22.0,Female,Mobile,16.13,5,7,0,1,1,0,20.99,36.67,1
3906,44.0,Female,Mobile,5.68,4,11,6,0,0,1,6.51,42.02,1
3907,33.0,Female,Mobile,12.14,14,8,1,1,0,0,14.82,47.69,1
3908,23.0,Male,Mobile,17.97,7,1,5,0,1,1,16.06,29.77,1
3909,57.0,Male,Mobile,22.03,15,0,2,0,1,0,29.51,93.53,1
3910,39.0,Male,Mobile,19.43,11,4,5,0,1,1,17.81,96.5,1
3911,52.0,Male,Desktop,21.71,14,9,8,0,0,1,14.69,29.99,1
3912,36.0,Female,Mobile,13.45,0,2,5,0,0,1,13.59,77.87,1
3913,29.0,Female,Mobile,22.1,10,10,0,0,1,1,20.88,75.16,1
3914,33.0,Female,Mobile,5.17,7,12,5,1,1,1,3.06,87.56,1
3915,27.0,Female,Mobile,5.72,10,5,2,1,1,0,6.65,0.38,1
3916,42.0,Female,Unknown,5.72,14,11,3,1,0,0,7.5,33.81,1
3917,37.0,Female,Tablet,26.84,5,13,3,1,1,0,22.98,14.5,1
3918,48.0,Male,Mobile,3.2,1,10,8,1,0,0,4.03,39.09,1
3919,21.0,Female,Desktop,24.24,19,0,7,1,1,1,26.32,57.56,1
3920,40.0,Female,Mobile,7.77,8,11,6,1,0,1,6.01,90.88,1
3921,19.0,Female,Desktop,14.58,19,10,4,0,1,0,12.31,83.96,1
3922,39.0,Male,Mobile,27.56,17,3,9,0,1,1,39.86,49.9,1
3923,54.0,Female,Mobile,17.99,19,5,3,1,1,0,12.88,2.35,1
3924,25.0,Female,Desktop,7.09,16,1,2,1,1,0,4.62,30.09,1
3925,24.0,Male,Mobile,9.24,4,10,0,0,0,1,5.32,10.66,1
3926,31.0,Female,Desktop,27.69,8,10,8,1,1,0,38.09,65.06,1
3927,20.0,Male,Mobile,13.39,4,7,7,1,1,0,15.69,69.54,1
3928,33.0,Male,Tablet,18.02,13,3,0,0,1,0,11.11,64.88,1
3929,36.0,Female,Desktop,14.34,7,1,1,0,0,1,18.15,27.47,1
3930,35.0,Female,Tablet,11.97,1,0,0,1,1,0,13.52,91.95,1
3931,33.0,Male,Mobile,7.48,9,7,0,1,1,0,11.12,58.85,1
3932,25.0,Female,Mobile,20.9,4,9,8,0,1,1,21.14,59.72,1
3933,50.0,Female,Desktop,21.83,14,0,4,0,0,1,22.19,81.56,1
3934,29.0,Male,Desktop,8.97,9,6,2,1,0,1,6.72,6.92,1
3935,28.0,Male,Tablet,23.88,3,6,1,0,0,1,16.5,20.96,1
3936,22.0,Female,Mobile,25.78,15,12,7,1,0,1,31.8,58.96,1
3937,44.0,Male,Desktop,27.7,5,5,7,1,0,1,24.17,61.04,1
3938,29.0,Female,Mobile,5.68,1,7,5,0,0,1,6.95,46.68,1
3939,34.0,Female,Mobile,9.81,11,9,1,0,1,0,12.5,77.99,1
3940,23.0,Female,Mobile,25.95,19,0,0,1,0,1,36.42,34.56,1
3941,50.0,Female,Mobile,6.76,5,11,5,0,1,0,6.27,1.12,1
3942,22.0,Male,Tablet,1.1,17,0,0,1,1,0,0.66,34.0,1
3943,45.0,Female,Mobile,26.25,19,12,5,0,1,1,13.7,96.59,1
3944,31.0,Male,Desktop,10.47,17,0,9,0,0,0,8.29,77.9,1
3945,22.0,Female,Mobile,13.02,5,5,1,1,0,0,18.65,31.83,1
3946,50.0,Female,Mobile,13.94,9,6,6,1,1,1,17.39,22.24,1
3947,58.0,Male,Mobile,25.6,6,9,9,1,1,0,27.11,81.03,1
3948,36.0,Female,Mobile,10.8,13,8,1,0,1,0,7.99,19.99,1
3949,39.0,Male,Mobile,26.88,11,9,1,0,0,0,32.6,58.02,1
3950,22.0,Male,Desktop,18.89,1,4,5,1,1,1,23.44,50.8,1
3951,19.0,Female,Tablet,16.29,17,0,3,0,1,1,11.9,42.27,1
3952,47.0,Female,Mobile,10.44,6,8,5,1,1,1,12.61,42.6,1
3953,56.0,Female,Mobile,8.07,3,4,7,0,0,0,5.01,70.24,1
3954,39.0,Female,Mobile,19.1,16,5,9,0,0,0,11.49,10.28,1
3955,50.0,Male,Desktop,13.96,13,8,2,0,0,1,7.75,39.52,1
3956,30.0,Female,Mobile,27.4,12,1,4,1,0,1,35.9,96.84,1
3957,37.0,Female,Mobile,15.26,11,13,4,0,0,0,11.76,77.82,1
3958,24.0,Female,Mobile,15.84,2,2,9,1,1,0,17.49,2.1,1
3959,32.0,Female,Tablet,13.08,19,13,8,1,1,0,8.43,44.71,1
3960,40.0,Female,Mobile,23.89,8,6,6,0,1,0,22.51,11.72,0
3961,31.0,Male,Mobile,13.32,13,2,8,1,0,0,7.03,48.47,1
3962,40.0,Female,Unknown,8.81,14,14,7,0,1,1,11.98,10.36,1
3963,36.0,Male,Desktop,26.0,15,1,2,0,0,1,27.03,38.92,1
3964,46.0,Female,Desktop,18.31,17,6,1,1,0,0,25.46,54.5,1
3965,37.0,Female,Mobile,18.15,15,7,2,1,1,0,17.57,36.73,1
3966,46.0,Female,Tablet,18.71,10,8,5,1,1,0,15.27,57.86,0
3967,41.0,Unknown,Desktop,21.85,1,1,9,0,1,1,19.68,98.5,1
3968,35.0,Female,Desktop,10.08,12,12,3,0,0,1,7.5,24.58,1
3969,27.0,Male,Desktop,1.98,9,1,0,1,1,0,2.74,56.45,1
3970,58.0,Male,Desktop,24.51,5,10,9,1,1,0,19.5,47.13,1
3971,25.0,Female,Mobile,4.74,15,6,9,0,1,0,3.76,80.93,1
3972,43.0,Male,Mobile,21.93,3,13,8,1,0,1,24.82,31.49,1
3973,46.0,Female,Desktop,3.39,19,14,5,1,0,1,2.11,63.8,1
3974,27.0,Female,Mobile,11.88,7,3,0,0,1,1,8.54,69.3,1
3975,34.0,Male,Mobile,2.83,7,4,2,1,0,0,2.63,97.57,1
3976,19.0,Female,Mobile,16.14,7,0,0,0,1,0,11.02,15.13,1
3977,23.0,Female,Desktop,19.94,2,14,8,0,0,1,15.1,99.83,1
3978,22.0,Male,Mobile,5.97,2,5,3,1,1,0,7.16,72.12,1
3979,45.0,Male,Desktop,11.78,12,9,1,0,0,1,9.19,45.63,1
3980,58.0,Male,Desktop,27.98,5,12,3,1,0,1,31.82,26.36,1
3981,22.0,Male,Mobile,13.83,0,7,1,0,1,0,13.75,62.87,1
3982,35.0,Male,Mobile,24.27,7,10,5,0,0,0,30.77,14.18,1
3983,43.0,Male,Mobile,27.89,16,14,5,1,0,0,34.88,94.68,1
3984,37.0,Female,Mobile,29.26,3,0,6,0,1,0,20.41,18.44,1
3985,58.0,Male,Mobile,27.05,2,1,8,1,1,1,39.04,77.43,1
3986,44.0,Male,Mobile,10.2,17,6,8,0,0,0,13.28,34.51,1
3987,29.0,Female,Unknown,28.91,9,13,3,1,0,1,29.85,21.58,0
3988,24.0,Female,Mobile,24.56,8,1,8,1,1,1,26.03,80.87,1
3989,20.0,Male,Desktop,25.28,12,8,7,0,1,0,33.59,88.78,1
3990,27.0,Male,Mobile,1.44,7,5,0,0,0,1,1.42,0.56,1
3991,51.0,Female,Desktop,28.67,14,11,6,1,1,1,28.05,97.42,1
3992,42.0,Male,Mobile,23.56,16,11,6,0,1,0,26.63,42.19,1
3993,52.0,Male,Desktop,23.27,1,4,9,1,1,0,13.69,9.61,1
3994,33.0,Female,Desktop,3.36,10,6,3,1,1,0,3.64,45.32,1
3995,19.0,Male,Desktop,7.74,11,9,6,0,0,0,5.6,11.86,1
3996,41.0,Female,Mobile,28.91,7,7,9,1,1,1,17.83,25.88,1
3997,27.0,Male,Desktop,15.52,18,12,9,1,0,0,20.42,55.75,1
0,55.0,Female,Mobile,12.54,19,8,4,0,0,0,11.06,35.92,1
3999,39.0,Female,Mobile,25.36,14,5,4,1,0,0,25.43,22.78,1
4000,43.0,Female,Mobile,3.53,17,4,4,1,0,1,2.8,19.65,1
0,56.0,Male,Mobile,13.09,19,6,5,1,1,0,6.95,63.66,1
4002,44.0,Female,Mobile,11.9,13,1,6,0,1,1,11.21,90.97,1
4003,46.0,Male,Desktop,11.15,3,14,4,0,1,1,13.94,5.64,1
4004,55.0,Female,Mobile,9.92,2,7,8,0,1,1,12.48,24.42,1
4005,37.0,Female,Mobile,7.09,9,11,8,0,0,1,10.08,66.54,0
4006,44.0,Female,Mobile,6.01,7,3,6,1,0,1,8.06,49.5,1
4007,58.0,Male,Desktop,19.57,14,0,9,1,0,0,29.01,68.13,1
4008,37.0,Male,Mobile,27.66,5,2,2,1,1,0,29.64,5.26,1
4009,36.0,Female,Mobile,15.76,15,12,3,1,0,1,8.68,17.89,1
4010,37.0,Male,Desktop,9.64,0,8,3,0,0,1,13.14,34.77,1
0,52.0,Male,Mobile,5.62,7,3,6,1,1,1,8.16,15.74,1
4012,19.0,Male,Mobile,25.07,5,14,1,1,0,0,24.17,18.23,1
4013,47.0,Female,Mobile,29.17,4,9,4,0,0,0,17.91,27.37,1
4014,51.0,Male,Desktop,11.13,11,9,3,0,1,1,5.84,37.28,1
4015,39.0,Female,Desktop,9.44,19,13,9,1,0,1,10.51,39.18,1
4016,20.0,Female,Unknown,18.44,6,10,8,1,0,1,14.3,49.94,1
4017,23.0,Female,Mobile,23.48,18,2,0,1,0,0,12.12,92.82,1
4018,32.0,Male,Mobile,14.21,5,3,9,1,0,1,20.59,99.33,1
4019,44.0,Female,Desktop,19.27,15,2,2,0,0,1,20.08,1.97,1
4020,27.0,Male,Desktop,21.78,6,2,5,0,1,1,24.23,49.38,1
4021,26.0,Male,Mobile,28.86,4,1,3,1,0,0,30.71,75.21,1
4022,50.0,Female,Mobile,5.79,17,5,2,0,0,1,4.73,7.33,1
4023,49.0,Female,Desktop,29.92,15,12,5,1,1,1,41.91,94.12,1
4024,23.0,Female,Desktop,12.37,18,14,2,1,1,1,6.23,93.77,1
4025,58.0,Male,Desktop,21.97,6,9,6,1,0,1,27.4,20.84,1
4026,53.0,Male,Desktop,17.6,19,5,0,1,1,0,14.3,49.5,1
4027,39.0,Female,Desktop,15.11,12,9,8,0,0,1,10.43,58.15,1
4028,46.0,Female,Mobile,21.24,9,3,9,1,0,1,19.88,3.39,1
4029,21.0,Male,Mobile,12.48,8,13,1,0,1,1,8.71,29.73,1
4030,18.0,Male,Mobile,4.66,15,7,3,1,0,0,6.38,26.34,1
4031,36.0,Female,Desktop,15.18,1,5,5,0,1,1,19.67,87.97,1
4032,43.0,Male,Mobile,16.14,2,11,5,1,0,1,21.9,89.75,1
4033,42.0,Male,Mobile,6.86,3,7,7,0,1,1,9.16,3.45,1
4034,27.0,Male,Mobile,28.13,19,5,7,1,1,0,37.27,74.14,1
4035,32.0,Male,Mobile,7.6,10,14,3,1,0,0,8.22,11.99,1
4036,39.0,Male,Desktop,12.87,14,12,5,1,1,0,18.04,79.09,1
4037,38.0,Male,Mobile,5.49,19,8,8,0,0,0,3.07,84.56,1
4038,39.0,Female,Mobile,16.54,11,0,6,0,0,1,13.0,5.92,1
4039,53.0,Male,Desktop,9.92,6,13,7,0,0,1,7.07,32.63,1
4040,51.0,Female,Mobile,15.19,19,2,7,1,0,1,9.43,37.97,1
4041,47.0,Female,Desktop,7.51,0,1,1,1,1,0,3.8,95.51,1
4042,42.0,Male,Desktop,2.56,8,9,6,0,0,0,2.31,37.09,1
4043,45.0,Female,Tablet,23.6,2,13,2,1,1,0,28.89,25.6,1
4044,18.0,Female,Desktop,19.59,18,13,6,1,1,0,22.43,61.97,1
4045,21.0,Female,Mobile,10.88,4,5,1,0,0,0,12.52,15.89,1
4046,24.0,Male,Mobile,2.38,3,6,0,0,0,1,3.3,62.51,1
4047,39.0,Female,Mobile,26.1,2,6,8,1,0,0,38.04,45.86,1
4048,53.0,Male,Mobile,5.92,4,4,9,0,0,1,6.99,73.14,1
4049,36.0,Female,Mobile,27.99,18,5,9,1,1,0,16.37,57.88,1
4050,18.0,Female,Mobile,14.88,11,6,0,1,1,0,17.51,17.66,1
4051,27.0,Female,Desktop,10.87,9,10,0,1,1,1,11.47,93.74,1
4052,53.0,Female,Mobile,22.51,8,1,2,0,0,1,12.7,44.88,1
4053,26.0,Male,Mobile,26.43,8,9,0,1,0,1,20.01,74.46,1
4054,59.0,Female,Unknown,11.75,5,14,6,0,0,1,8.67,53.19,1
4055,49.0,Female,Mobile,12.81,0,13,6,0,1,0,16.3,86.53,1
4056,49.0,Male,Unknown,13.56,7,11,7,0,0,0,11.46,33.7,1
4057,23.0,Male,Mobile,27.75,5,6,1,1,1,0,27.77,63.89,1
4058,55.0,Male,Desktop,21.08,13,0,6,0,0,0,27.1,7.94,1
4059,34.0,Female,Mobile,8.18,16,5,8,1,1,0,11.75,7.77,1
4060,27.0,Unknown,Mobile,6.36,14,7,9,1,0,0,6.6,84.35,1
4061,44.0,Male,Mobile,15.74,5,12,4,0,0,0,8.1,81.84,1
4062,52.0,Male,Desktop,8.64,19,0,9,0,1,1,5.15,35.93,1
4063,38.0,Male,Mobile,15.74,4,0,2,0,1,0,7.64,67.6,1
4064,42.0,Male,Mobile,20.1,11,5,8,1,1,1,23.85,82.9,1
4065,45.0,Male,Mobile,4.36,2,4,0,1,1,1,3.0,14.39,1
4066,32.0,Female,Unknown,12.23,13,14,2,0,1,1,7.48,98.47,1
4067,21.0,Male,Desktop,19.13,16,2,1,1,1,0,26.08,88.59,1
4068,46.0,Female,Mobile,9.43,9,13,1,0,1,1,5.8,69.09,1
4069,26.0,Male,Mobile,2.89,16,9,2,1,1,0,4.08,54.32,1
4070,44.0,Male,Desktop,3.37,7,12,9,1,1,1,2.61,89.49,1
4071,43.0,Unknown,Desktop,4.65,16,9,6,0,1,1,3.86,73.93,1
4072,36.0,Female,Desktop,25.24,13,6,5,0,1,1,25.89,58.47,1
4073,45.0,Male,Desktop,20.08,5,6,8,1,0,1,13.82,89.16,1
4074,34.0,Male,Desktop,2.87,15,6,9,1,1,0,3.41,21.06,1
4075,58.0,Male,Mobile,12.34,7,13,9,0,1,1,12.63,24.44,1
4076,59.0,Male,Desktop,9.08,18,14,2,1,1,0,13.13,93.01,1
4077,37.0,Female,Tablet,17.76,2,5,4,0,1,1,25.06,6.71,1
4078,57.0,Female,Mobile,16.16,8,3,8,0,1,1,20.52,4.62,1
0,56.0,Female,Mobile,14.95,10,8,2,1,0,0,10.24,79.19,1
4080,40.0,Female,Tablet,10.12,10,11,7,0,0,1,7.22,41.4,1
4081,49.0,Female,Mobile,5.0,11,14,8,0,1,1,3.84,91.63,1
4082,50.0,Male,Desktop,22.53,8,8,6,0,1,1,30.06,30.07,1
4083,22.0,Male,Mobile,26.52,16,6,5,0,1,0,30.44,28.72,1
4084,51.0,Male,Mobile,28.38,16,6,5,0,1,0,19.17,95.72,1
4085,57.0,Female,Mobile,2.7,17,7,5,0,0,0,2.59,55.38,1
4086,28.0,Male,Mobile,22.46,6,10,4,1,1,1,33.13,61.37,1
4087,20.0,Female,Mobile,22.07,18,4,6,0,0,1,27.2,89.81,1
4088,50.0,Male,Mobile,28.47,17,10,6,0,0,0,40.83,38.08,1
4089,28.0,Female,Desktop,8.33,12,8,6,0,0,1,10.9,24.79,1
4090,33.0,Male,Tablet,22.52,15,5,2,1,0,0,27.59,57.11,1
4091,35.0,Male,Mobile,2.58,7,6,5,0,1,0,3.43,41.0,1
4092,47.0,Male,Mobile,19.31,14,11,8,1,0,1,23.03,16.36,1
4093,27.0,Male,Mobile,15.74,4,6,8,0,1,0,11.92,11.86,1
4094,35.0,Female,Mobile,23.3,17,8,3,0,0,1,28.8,72.55,1
4095,55.0,Male,Mobile,26.04,0,6,8,1,1,1,19.0,3.42,1
4096,36.0,Male,Mobile,11.58,6,13,1,0,1,0,11.47,52.75,0
4097,53.0,Male,Mobile,16.24,10,2,7,0,0,0,23.57,32.96,1
4098,30.0,Female,Unknown,4.4,15,5,1,1,0,0,5.76,15.09,1
4099,20.0,Male,Mobile,13.09,6,5,4,0,0,1,18.67,89.07,1
4100,27.0,Male,Desktop,11.46,16,10,5,0,0,0,16.82,74.05,1
4101,55.0,Male,Mobile,6.31,12,11,1,0,1,1,6.86,77.31,1
4102,18.0,Male,Desktop,26.94,19,6,8,0,0,0,18.75,43.59,1
4103,44.0,Male,Tablet,5.29,16,5,5,0,0,0,6.57,64.83,1
4104,25.0,Female,Tablet,19.44,14,3,7,0,1,0,9.86,9.05,1
0,59.0,Female,Tablet,26.81,6,13,3,0,1,0,15.79,13.93,1
0,34.0,Female,Mobile,27.45,9,5,2,0,1,1,21.58,32.26,1
4107,26.0,Male,Mobile,24.0,1,2,3,1,1,1,12.36,45.78,1
4108,23.0,Female,Mobile,6.11,8,0,0,1,1,0,7.23,9.38,1
4109,42.0,Male,Desktop,24.71,7,14,0,0,0,0,32.53,56.5,1
4110,56.0,Male,Desktop,9.02,14,0,7,0,0,0,11.31,23.98,1
4111,45.0,Male,Desktop,27.75,8,4,0,1,0,0,17.88,77.46,1
4112,50.0,Male,Mobile,21.56,11,10,0,0,1,0,28.11,0.05,1
4113,54.0,Female,Desktop,23.77,9,12,9,0,0,0,31.58,86.61,1
4114,26.0,Female,Mobile,3.47,19,13,8,0,0,0,2.07,73.26,1
4115,35.0,Female,Mobile,17.9,7,7,2,0,0,0,17.76,54.62,1
4116,38.0,Male,Desktop,24.81,6,2,9,1,1,0,29.48,73.75,1
4117,19.0,Female,Mobile,25.99,18,12,1,1,1,0,23.56,36.46,0
4118,55.0,Female,Tablet,1.83,0,1,4,1,0,1,2.54,16.26,1
4119,57.0,Male,Mobile,28.24,19,7,1,1,0,0,29.06,0.91,1
4120,53.0,Female,Desktop,2.26,11,0,9,0,0,0,1.41,54.86,1
4121,54.0,Male,Mobile,18.82,5,8,0,0,0,0,19.39,29.19,1
4122,32.0,Female,Desktop,21.11,9,1,8,1,1,0,22.74,21.27,1
4123,45.0,Female,Desktop,4.11,8,11,9,1,1,1,5.97,86.7,1
4124,35.0,Female,Tablet,2.39,11,7,8,0,1,1,2.2,72.52,1
4125,51.0,Male,Mobile,23.76,6,1,0,0,1,1,33.1,99.02,1
4126,39.0,Female,Tablet,12.16,15,6,3,0,1,1,9.97,66.16,1
4127,28.0,Female,Mobile,4.11,6,7,4,0,0,1,3.91,89.54,1
4128,39.0,Female,Mobile,23.12,11,0,1,0,1,1,27.17,11.83,1
4129,39.0,Female,Mobile,25.63,15,7,8,1,1,1,35.51,72.28,1
4130,39.0,Male,Desktop,18.03,12,14,8,0,0,0,22.97,8.62,1
4131,24.0,Male,Mobile,5.68,9,2,8,0,1,0,3.72,9.46,1
4132,41.0,Female,Desktop,1.44,10,12,7,1,0,1,1.0,85.78,1
4133,21.0,Female,Desktop,21.32,0,0,5,0,1,0,12.11,36.01,1
4134,45.0,Female,Mobile,16.95,17,6,0,0,1,0,19.01,31.64,1
4135,32.0,Male,Tablet,19.87,16,9,9,0,1,1,18.68,18.38,1
4136,18.0,Female,Mobile,24.58,8,2,4,1,0,1,33.82,48.49,1
4137,20.0,Female,Desktop,13.59,17,7,7,0,0,0,20.24,20.36,1
4138,31.0,Male,Mobile,4.61,11,8,3,0,0,1,6.36,53.78,1
4139,55.0,Male,Mobile,28.26,11,1,7,0,1,1,15.45,66.04,1
4140,18.0,Male,Mobile,16.81,6,14,5,0,0,0,24.28,65.49,1
4141,55.0,Female,Mobile,18.84,2,0,0,1,0,1,11.36,36.46,1
4142,55.0,Male,Mobile,28.07,1,7,0,0,1,1,26.59,70.4,1
4143,38.0,Male,Mobile,28.02,6,9,2,0,1,1,22.34,26.61,1
4144,46.0,Female,Mobile,17.59,5,5,0,0,1,0,11.55,80.77,1
4145,22.0,Male,Mobile,9.63,9,9,3,0,1,0,6.46,0.01,1
4146,27.0,Female,Mobile,29.92,5,0,2,1,0,1,25.31,96.66,0
4147,45.0,Female,Desktop,20.74,18,2,6,1,0,1,10.9,43.36,1
4148,38.0,Male,Mobile,12.84,19,8,8,0,0,0,7.25,33.4,1
4149,24.0,Female,Desktop,17.24,15,8,6,0,1,0,20.93,62.45,1
4150,20.0,Male,Desktop,13.06,15,5,4,1,1,0,14.71,87.91,1
4151,37.0,Male,Desktop,26.76,9,0,0,1,1,0,16.04,35.26,1
4152,36.0,Male,Desktop,14.99,14,7,4,0,0,0,13.98,7.0,1
4153,52.0,Female,Mobile,24.88,5,5,0,1,0,0,27.56,35.38,1
4154,21.0,Male,Desktop,25.37,17,0,5,0,0,0,15.16,0.51,1
4155,22.0,Female,Mobile,24.91,15,5,7,1,0,0,14.3,18.5,1
4156,18.0,Female,Desktop,15.74,17,12,6,0,1,0,29.59,5.2,1
4157,21.0,Female,Desktop,25.79,9,4,0,1,1,0,18.76,38.76,1
4158,29.0,Male,Mobile,12.23,13,7,7,0,1,0,12.46,5.97,1
4159,44.0,Female,Desktop,4.33,13,12,8,0,0,1,4.36,98.39,1
4160,59.0,Female,Mobile,25.43,5,1,9,1,0,1,21.21,78.19,1
4161,40.0,Male,Mobile,15.45,14,11,1,0,0,0,19.46,41.95,1
4162,42.0,Male,Mobile,4.69,7,6,0,1,0,1,5.43,79.04,1
4163,38.0,Female,Desktop,4.34,5,5,5,0,1,1,5.92,41.74,1
4164,41.0,Female,Desktop,5.62,12,0,3,1,1,0,2.84,64.71,1
4165,42.0,Male,Desktop,22.78,3,11,6,1,0,0,25.15,82.15,1
4166,49.0,Female,Mobile,21.61,9,7,2,0,0,0,32.26,68.44,1
4167,49.0,Female,Mobile,15.74,10,5,2,0,0,1,8.91,8.45,1
4168,22.0,Unknown,Desktop,25.56,1,12,7,1,1,0,21.58,4.35,1
4169,53.0,Female,Mobile,9.16,14,14,6,0,0,0,6.01,56.99,1
4170,59.0,Male,Desktop,24.0,0,2,4,1,0,1,22.28,19.64,1
4171,59.0,Female,Mobile,15.18,10,4,2,0,0,1,14.03,98.41,1
4172,56.0,Male,Mobile,22.21,11,6,0,0,0,1,24.1,1.63,1
4173,33.0,Female,Mobile,12.06,2,8,2,1,1,0,6.83,74.85,1
4174,50.0,Male,Desktop,11.07,2,3,8,1,1,1,9.82,4.24,1
0,38.0,Female,Mobile,25.4,11,11,0,0,1,0,34.41,61.09,1
4176,26.0,Male,Mobile,2.02,8,13,4,1,1,1,2.31,42.0,1
0,23.0,Female,Mobile,29.27,3,1,3,1,0,1,27.36,63.28,1
4178,52.0,Male,Mobile,19.8,9,2,5,1,0,1,14.3,76.2,0
4179,56.0,Female,Mobile,13.54,16,6,1,1,0,1,10.56,3.32,1
4180,39.0,Female,Mobile,19.21,16,7,3,1,0,0,23.98,52.13,1
4181,58.0,Male,Desktop,4.56,10,4,8,1,0,1,4.23,94.23,1
4182,22.0,Male,Mobile,15.91,6,14,4,0,0,0,11.87,21.78,1
0,59.0,Male,Desktop,29.57,11,14,0,1,0,0,38.82,7.75,1
4184,40.0,Male,Desktop,7.82,8,2,1,1,1,0,5.99,77.1,1
4185,34.0,Male,Mobile,21.95,1,0,8,1,0,0,12.39,74.14,1
4186,29.0,Female,Mobile,13.61,6,9,6,1,0,0,14.26,39.02,1
4187,40.0,Unknown,Desktop,19.92,8,12,6,0,1,0,15.52,83.02,1
4188,39.0,Male,Mobile,6.94,14,0,1,0,1,1,3.5,54.39,1
4189,20.0,Female,Mobile,14.64,3,10,7,1,1,0,14.66,47.54,1
4190,47.0,Unknown,Mobile,29.42,0,1,8,1,0,1,41.03,82.19,1
4191,39.0,Male,Desktop,6.66,0,4,0,0,0,1,7.62,9.81,1
4192,26.0,Male,Mobile,19.46,11,0,4,1,1,0,10.08,22.39,1
4193,46.0,Female,Tablet,17.69,6,12,2,1,1,1,15.55,44.41,1
4194,54.0,Male,Desktop,17.39,8,6,2,0,1,0,12.99,8.54,1
4195,40.0,Female,Mobile,18.84,7,1,5,1,1,1,22.05,99.59,1
4196,30.0,Female,Mobile,15.56,6,1,0,1,0,0,14.89,31.35,1
4197,49.0,Male,Mobile,1.49,18,0,9,0,1,0,1.0,94.77,1
4198,40.0,Female,Mobile,27.1,12,12,8,1,1,1,25.92,47.45,1
4199,34.0,Male,Mobile,24.98,8,11,5,1,0,0,35.76,92.45,1
4200,57.0,Male,Mobile,6.05,19,0,8,0,0,0,5.51,44.0,1
4201,38.0,Male,Mobile,12.98,5,1,2,0,1,1,17.79,81.47,1
4202,19.0,Male,Mobile,23.35,19,4,9,0,0,0,22.78,75.11,1
4203,54.0,Male,Mobile,29.42,9,2,2,1,0,1,37.0,94.69,0
4204,23.0,Female,Tablet,28.58,12,14,9,0,1,0,36.75,63.75,1
4205,35.0,Female,Mobile,27.08,15,10,6,1,1,1,34.14,22.71,1
4206,47.0,Female,Tablet,5.59,13,9,6,1,0,0,6.36,54.19,1
4207,39.0,Female,Mobile,27.52,13,5,3,0,1,1,39.97,14.59,1
4208,50.0,Male,Mobile,26.47,5,1,7,1,1,0,37.81,33.49,1
4209,47.0,Male,Mobile,11.93,2,14,1,1,0,0,9.58,78.92,1
4210,34.0,Female,Mobile,12.44,19,13,0,0,0,0,14.86,1.4,1
4211,49.0,Male,Mobile,14.34,8,7,0,0,0,1,16.7,62.09,1
4212,59.0,Female,Tablet,20.03,14,3,1,1,0,0,14.03,69.3,1
4213,31.0,Female,Tablet,8.56,6,2,5,1,0,0,6.55,89.98,1
4214,27.0,Female,Mobile,1.67,7,4,7,1,1,1,1.35,75.65,1
4215,53.0,Female,Mobile,5.1,14,13,2,1,0,1,4.24,40.28,1
4216,51.0,Male,Mobile,13.76,6,7,5,0,1,0,18.64,76.56,1
4217,26.0,Male,Mobile,9.18,16,8,7,1,1,1,11.54,62.55,1
4218,59.0,Female,Mobile,23.17,4,0,8,1,1,0,30.3,58.68,1
4219,45.0,Female,Mobile,4.09,7,3,7,1,1,1,5.78,7.37,1
4220,28.0,Female,Mobile,27.61,16,5,6,0,1,1,28.01,53.97,1
4221,31.0,Female,Mobile,26.96,4,5,3,0,0,1,14.3,86.71,1
4222,56.0,Female,Mobile,27.35,7,12,2,0,1,0,32.69,43.69,1
4223,36.0,Male,Mobile,22.45,2,8,6,1,1,0,21.66,70.42,1
4224,32.0,Female,Mobile,4.1,8,0,0,1,0,0,2.84,90.37,0
4225,45.0,Female,Tablet,13.71,10,14,6,1,1,0,12.75,53.42,1
4226,41.0,Male,Mobile,4.81,2,12,5,1,0,1,3.4,8.81,1
4227,25.0,Male,Desktop,29.64,6,14,2,1,1,0,23.33,5.42,1
4228,26.0,Male,Desktop,10.66,4,13,2,1,0,0,8.35,79.77,1
4229,50.0,Male,Unknown,17.97,1,4,1,1,0,0,22.66,3.27,1
4230,50.0,Male,Desktop,23.6,6,9,0,1,1,1,23.78,99.89,1
4231,36.0,Male,Desktop,27.7,12,0,4,0,0,1,35.82,12.75,1
4232,20.0,Male,Desktop,22.91,14,5,6,0,0,0,31.56,77.51,1
4233,27.0,Male,Mobile,20.56,15,8,6,0,1,1,22.86,86.77,1
4234,57.0,Male,Mobile,14.51,18,14,5,1,1,1,13.16,30.64,1
4235,59.0,Female,Tablet,18.56,17,3,9,0,1,1,25.18,54.16,1
4236,18.0,Male,Desktop,3.73,9,9,5,0,1,1,3.98,95.24,1
4237,46.0,Female,Tablet,26.63,15,0,6,0,1,1,36.14,95.52,1
4238,51.0,Female,Desktop,16.77,18,8,7,1,1,0,12.84,93.01,1
4239,30.0,Female,Desktop,2.16,18,2,4,1,0,1,2.3,27.49,1
4240,18.0,Female,Desktop,27.68,5,10,0,1,1,1,19.7,5.95,1
0,51.0,Female,Desktop,15.19,16,6,6,0,1,1,18.2,10.28,1
4242,46.0,Female,Mobile,26.19,9,4,1,0,1,0,28.47,14.19,1
4243,30.0,Female,Tablet,25.85,3,9,4,0,1,1,27.3,67.17,1
4244,46.0,Female,Desktop,24.66,12,0,6,0,1,1,28.09,80.24,1
4245,56.0,Male,Desktop,2.78,14,6,6,1,1,1,2.43,5.03,1
4246,41.0,Female,Desktop,8.16,1,7,8,1,1,1,5.65,89.04,1
4247,43.0,Female,Mobile,26.39,9,14,4,0,1,0,34.48,74.73,1
0,34.0,Female,Mobile,27.07,9,5,5,1,1,0,23.94,53.03,1
4249,24.0,Female,Tablet,14.28,13,0,9,1,0,0,21.26,99.0,1
4250,30.0,Male,Mobile,13.76,8,8,5,0,0,0,13.5,26.52,1
4251,22.0,Female,Mobile,6.08,11,6,0,0,0,1,6.02,21.8,1
4252,43.0,Male,Mobile,29.08,14,13,9,1,1,0,34.25,33.48,1
4253,20.0,Male,Desktop,7.18,16,5,6,1,1,0,8.38,52.65,1
4254,24.0,Female,Desktop,6.54,11,3,9,0,0,0,4.45,38.68,1
4255,56.0,Female,Desktop,20.16,19,2,6,1,1,1,15.57,82.95,1
4256,18.0,Male,Desktop,8.04,10,3,3,0,0,0,5.88,89.45,1
4257,34.0,Female,Mobile,28.22,8,0,3,1,1,1,15.62,96.67,1
4258,42.0,Female,Mobile,1.32,11,8,5,0,1,1,0.69,81.83,1
4259,20.0,Male,Mobile,1.17,8,1,2,1,1,1,1.34,60.81,1
4260,32.0,Male,Desktop,15.64,10,1,9,1,1,0,15.62,61.36,1
4261,46.0,Female,Mobile,15.15,17,2,5,0,0,0,21.13,18.65,1
4262,49.0,Female,Desktop,5.74,11,13,3,0,1,0,4.6,26.32,1
4263,43.0,Female,Mobile,15.34,12,12,9,1,0,0,19.75,99.73,1
4264,33.0,Male,Mobile,12.94,10,0,7,1,1,1,7.8,26.13,1
4265,42.0,Female,Tablet,26.82,17,9,4,1,0,0,35.31,46.69,1
4266,45.0,Male,Mobile,1.27,3,2,7,0,1,0,1.8,38.53,1
4267,26.0,Male,Desktop,29.31,7,3,8,0,1,0,33.04,68.83,1
4268,18.0,Female,Mobile,19.11,3,8,3,0,1,1,23.62,33.55,1
4269,46.0,Male,Mobile,5.4,17,4,0,0,1,1,8.03,68.29,1
4270,39.0,Female,Mobile,2.36,8,10,9,1,0,1,2.07,96.08,1
4271,33.0,Female,Mobile,16.61,19,5,6,0,0,1,8.79,25.24,1
4272,58.0,Male,Desktop,7.81,14,12,6,0,0,0,9.24,37.07,1
4273,58.0,Female,Mobile,9.73,5,0,4,1,0,1,4.99,34.22,1
4274,24.0,Male,Mobile,8.11,19,2,4,1,0,1,8.66,30.04,1
4275,31.0,Male,Mobile,19.85,13,13,0,1,1,0,21.78,27.03,1
4276,46.0,Female,Desktop,17.05,18,6,2,0,0,0,18.49,63.0,1
4277,36.0,Female,Desktop,3.26,11,6,0,1,0,0,2.17,54.81,1
4278,36.0,Female,Mobile,16.27,12,9,6,0,0,1,9.38,50.87,1
4279,19.0,Female,Mobile,23.94,8,12,4,1,1,1,33.7,80.06,1
4280,58.0,Male,Desktop,3.35,12,11,3,0,0,0,3.49,14.65,1
4281,32.0,Male,Desktop,26.8,1,11,6,1,0,1,22.06,16.97,1
4282,20.0,Male,Mobile,17.77,18,14,8,0,0,0,22.6,51.31,1
4283,28.0,Female,Desktop,28.57,2,12,5,0,0,0,40.62,35.37,1
4284,47.0,Male,Desktop,5.3,12,0,8,1,1,1,4.79,17.38,1
4285,57.0,Male,Desktop,29.81,19,8,5,0,1,0,17.84,69.06,1
4286,35.0,Female,Desktop,19.68,7,0,9,0,0,0,23.47,49.5,1
4287,19.0,Female,Tablet,17.46,7,6,8,0,1,1,24.58,20.22,1
4288,49.0,Female,Mobile,15.94,1,11,5,1,1,1,23.6,26.44,1
4289,25.0,Male,Tablet,1.69,18,11,8,1,0,1,2.22,72.31,1
4290,39.0,Female,Mobile,28.25,8,1,2,1,1,0,21.7,32.75,1
4291,23.0,Male,Desktop,19.68,10,8,4,1,1,0,16.89,20.45,1
4292,29.0,Male,Mobile,3.66,1,11,4,0,1,1,2.33,96.56,1
4293,57.0,Male,Mobile,1.61,15,11,9,1,1,1,1.95,8.8,1
4294,53.0,Male,Desktop,2.47,15,8,7,0,1,0,14.3,14.69,1
4295,32.0,Male,Desktop,18.67,4,8,6,1,1,0,17.4,71.73,1
4296,45.0,Female,Mobile,18.81,10,3,1,0,1,0,19.41,42.57,1
4297,35.0,Male,Mobile,15.49,8,5,1,1,1,0,13.67,75.29,1
4298,19.0,Female,Mobile,9.9,14,12,6,0,0,1,6.43,55.28,1
4299,30.0,Male,Tablet,16.42,13,11,9,1,1,1,12.97,4.02,1
4300,32.0,Male,Desktop,15.97,17,1,9,1,1,1,14.3,68.41,1
0,37.0,Female,Mobile,1.56,7,2,3,0,1,0,1.91,80.58,1
4302,46.0,Male,Desktop,9.19,6,5,5,1,0,0,10.24,55.27,1
4303,59.0,Male,Tablet,2.54,9,0,0,0,0,0,3.72,30.76,1
4304,46.0,Female,Unknown,27.1,8,6,9,0,1,0,30.18,1.55,1
4305,20.0,Female,Desktop,22.03,14,1,3,1,0,0,15.98,90.67,0
4306,36.0,Male,Mobile,29.89,3,7,6,1,0,1,29.62,70.7,0
4307,20.0,Male,Desktop,9.76,13,4,8,0,1,1,13.04,4.48,1
4308,31.0,Male,Unknown,26.48,9,6,0,1,0,0,21.87,84.06,1
4309,57.0,Female,Mobile,18.49,9,7,9,0,0,0,22.87,5.31,1
4310,21.0,Male,Mobile,14.14,11,2,1,1,0,1,18.17,71.15,1
4311,28.0,Female,Mobile,7.45,6,5,8,1,0,1,10.68,69.41,1
4312,48.0,Female,Desktop,22.41,12,11,4,0,0,1,20.2,91.61,1
4313,39.0,Male,Mobile,27.22,4,8,3,0,0,0,20.67,16.54,1
4314,44.0,Female,Mobile,7.82,4,3,6,1,0,0,7.88,56.73,1
4315,47.0,Male,Desktop,6.09,17,9,4,1,1,0,9.1,54.47,1
4316,19.0,Male,Mobile,21.19,7,6,0,1,0,1,29.71,3.5,1
4317,26.0,Female,Mobile,29.33,6,14,8,1,0,1,22.99,63.83,1
4318,45.0,Female,Tablet,22.75,8,0,7,0,0,1,15.85,25.4,1
4319,48.0,Female,Desktop,9.25,7,11,2,0,1,0,9.04,33.25,1
4320,51.0,Female,Mobile,13.18,8,6,9,1,1,1,8.77,24.14,1
4321,32.0,Female,Mobile,12.15,9,8,2,0,1,0,15.29,5.59,1
4322,42.0,Female,Tablet,25.71,1,9,2,1,0,0,13.8,16.66,1
4323,53.0,Male,Mobile,23.37,3,7,6,1,1,0,16.94,20.73,1
4324,25.0,Male,Mobile,18.08,18,3,1,1,0,0,9.37,57.73,1
4325,26.0,Male,Mobile,8.97,19,2,8,0,1,1,6.52,13.5,1
4326,54.0,Female,Mobile,28.2,11,6,3,0,0,0,15.58,92.07,1
4327,56.0,Female,Desktop,19.95,16,12,6,0,0,1,23.41,23.18,1
4328,49.0,Female,Desktop,29.14,18,11,7,0,0,0,31.19,65.17,1
4329,34.0,Male,Tablet,17.82,6,0,4,1,1,1,12.72,15.76,1
4330,52.0,Male,Desktop,24.81,2,7,7,1,1,1,17.49,79.51,1
4331,54.0,Female,Mobile,24.58,4,13,3,0,1,0,19.45,7.15,1
4332,36.0,Female,Mobile,10.78,5,11,9,1,1,0,13.99,73.76,1
4333,46.0,Female,Tablet,28.96,14,0,1,0,1,0,14.3,39.32,1
4334,24.0,Female,Mobile,1.64,1,6,2,0,0,1,1.02,46.55,0
4335,45.0,Male,Mobile,23.29,14,5,5,0,0,1,23.48,36.63,1
4336,26.0,Male,Tablet,29.0,13,9,9,0,1,0,39.58,40.2,1
4337,45.0,Male,Mobile,10.83,16,7,5,1,0,0,7.84,0.53,1
4338,23.0,Female,Mobile,19.8,4,0,6,1,1,1,12.0,2.61,1
4339,46.0,Male,Desktop,17.3,6,4,3,1,0,0,17.16,79.39,1
4340,34.0,Unknown,Tablet,23.08,9,8,7,0,0,0,28.44,21.35,1
4341,33.0,Female,Mobile,26.12,1,3,7,0,1,0,29.21,60.73,1
4342,40.0,Female,Desktop,18.49,17,6,6,1,0,0,16.98,65.33,1
4343,48.0,Male,Mobile,24.66,4,5,2,1,1,1,13.33,69.8,1
0,20.0,Male,Mobile,10.06,6,9,2,0,0,1,8.05,59.73,1
4345,38.0,Female,Tablet,7.63,16,5,1,1,0,0,10.83,49.5,1
4346,43.0,Male,Tablet,13.49,7,10,6,0,0,0,9.75,58.15,1
4347,53.0,Female,Mobile,20.65,5,11,5,0,0,1,23.0,92.82,1
4348,59.0,Female,Mobile,6.43,9,4,6,1,1,0,9.05,66.46,1
4349,54.0,Female,Mobile,20.73,19,1,1,1,1,0,20.48,35.29,1
4350,39.0,Male,Mobile,12.43,1,3,3,0,0,1,11.76,35.66,1
4351,59.0,Male,Mobile,24.07,8,0,0,1,1,1,15.43,7.96,1
4352,29.0,Female,Mobile,2.07,4,8,1,0,1,1,3.06,49.5,1
4353,59.0,Male,Mobile,20.37,17,8,6,1,1,1,13.78,89.08,1
4354,30.0,Unknown,Mobile,19.84,1,0,4,0,0,1,19.47,4.31,1
4355,28.0,Male,Mobile,28.29,2,3,9,0,1,1,18.99,86.18,1
4356,33.0,Male,Desktop,21.69,14,4,2,0,1,1,18.4,13.84,1
4357,25.0,Female,Mobile,24.09,2,0,1,1,1,0,33.34,23.9,1
4358,57.0,Male,Mobile,27.23,1,3,2,1,1,0,31.13,68.08,1
4359,57.0,Female,Desktop,20.58,13,3,3,1,0,1,10.49,73.02,1
4360,19.0,Female,Desktop,9.41,8,14,9,0,0,0,13.8,50.57,1
4361,47.0,Male,Mobile,26.22,9,4,9,1,1,1,33.66,96.77,1
4362,47.0,Female,Mobile,22.68,2,1,4,1,1,1,33.96,48.96,1
4363,29.0,Female,Desktop,13.31,17,1,7,0,1,1,16.81,25.84,1
4364,27.0,Male,Mobile,21.61,6,11,8,0,0,0,27.33,0.91,1
4365,28.0,Female,Desktop,26.16,3,1,1,1,1,1,31.38,86.73,1
4366,32.0,Female,Mobile,29.29,17,10,2,1,1,1,27.04,39.53,1
4367,33.0,Male,Mobile,28.62,6,7,3,0,0,0,23.32,78.25,1
4368,34.0,Male,Mobile,10.43,8,12,6,1,0,1,10.69,77.39,1
4369,43.0,Male,Desktop,13.23,14,11,5,1,1,0,8.97,4.36,1
4370,19.0,Male,Tablet,4.18,10,1,5,1,0,0,5.11,82.16,1
4371,29.0,Male,Mobile,8.18,10,5,9,0,0,1,12.25,28.91,1
4372,43.0,Female,Mobile,26.59,0,1,6,0,0,1,29.27,84.12,0
4373,39.0,Female,Mobile,11.46,0,12,0,0,0,0,15.55,49.22,1
4374,35.0,Male,Mobile,15.74,11,7,7,1,0,1,12.77,59.16,1
4375,49.0,Male,Desktop,20.31,16,13,8,0,0,1,26.91,10.14,1
4376,55.0,Female,Mobile,23.67,3,0,1,1,0,1,33.31,37.93,1
4377,20.0,Male,Tablet,6.3,15,1,0,1,0,0,8.43,97.09,1
4378,55.0,Male,Desktop,9.84,13,13,3,0,1,1,11.09,92.59,1
4379,20.0,Female,Tablet,14.0,11,0,1,0,1,1,19.97,99.42,1
4380,47.0,Female,Desktop,11.58,14,5,5,0,0,1,16.92,51.02,1
4381,18.0,Female,Mobile,29.5,7,14,2,1,1,0,38.8,81.83,1
4382,47.0,Male,Mobile,25.21,0,8,0,1,1,1,26.4,45.5,1
4383,49.0,Female,Mobile,14.91,15,5,7,0,1,0,19.91,94.14,1
4384,45.0,Male,Mobile,26.5,6,7,6,0,0,0,23.11,98.6,1
4385,38.0,Female,Mobile,11.08,7,14,6,1,1,0,9.38,87.78,1
4386,30.0,Male,Mobile,23.79,0,11,6,0,1,0,20.17,62.12,1
4387,44.0,Male,Tablet,7.49,4,6,4,0,1,0,5.24,98.9,1
4388,53.0,Male,Mobile,23.4,9,0,7,1,1,0,26.28,98.37,1
4389,24.0,Female,Desktop,14.24,7,1,3,0,0,0,16.54,47.51,1
4390,39.0,Female,Tablet,15.74,15,3,4,1,1,0,5.6,30.38,1
4391,27.0,Female,Desktop,8.92,3,11,2,0,1,0,10.66,18.74,0
4392,56.0,Unknown,Mobile,12.67,5,0,2,0,1,1,16.22,67.7,0
4393,32.0,Female,Mobile,22.73,17,7,1,0,0,0,27.02,3.48,1
4394,32.0,Female,Mobile,3.12,1,3,4,0,1,0,14.3,76.38,1
4395,21.0,Male,Mobile,20.13,1,6,1,1,0,1,16.92,5.13,1
4396,49.0,Male,Mobile,21.76,16,6,9,0,0,1,31.9,26.54,1
4397,40.0,Female,Desktop,19.96,14,7,3,0,0,0,22.73,49.8,1
4398,23.0,Female,Mobile,23.06,11,8,9,0,1,1,25.07,9.74,1
4399,41.0,Female,Mobile,6.17,14,8,0,0,0,1,8.31,3.63,1
4400,37.0,Male,Tablet,18.03,8,13,1,0,0,0,16.6,47.98,1
4401,54.0,Female,Mobile,28.29,19,6,0,1,0,0,16.87,88.68,1
4402,37.0,Male,Mobile,18.71,2,8,1,1,1,0,13.85,40.83,1
4403,29.0,Male,Desktop,18.73,10,14,3,1,1,0,24.5,20.03,1
4404,50.0,Female,Mobile,22.36,5,4,0,0,0,0,27.54,40.84,1
4405,45.0,Female,Desktop,10.66,15,9,5,1,1,0,6.58,72.26,1
4406,25.0,Male,Mobile,21.31,1,3,0,0,1,0,14.3,4.14,1
4407,18.0,Male,Desktop,27.57,2,2,2,1,1,0,14.3,3.07,1
4408,54.0,Unknown,Mobile,1.32,19,5,1,1,0,0,1.9,46.28,1
4409,39.0,Female,Mobile,26.23,17,9,1,0,1,1,17.7,67.67,1
4410,23.0,Female,Mobile,7.34,15,10,3,1,1,1,7.7,61.38,1
4411,38.0,Male,Mobile,14.22,18,8,8,0,0,1,18.66,49.5,1
4412,49.0,Male,Mobile,25.72,8,3,2,1,0,1,26.46,16.57,1
4413,52.0,Female,Mobile,24.89,14,13,5,0,1,1,21.18,53.87,1
4414,32.0,Male,Mobile,26.87,8,1,9,0,1,0,34.68,37.79,1
4415,22.0,Male,Mobile,28.27,8,10,2,0,0,0,35.94,11.05,1
4416,23.0,Female,Mobile,13.97,19,2,9,0,1,0,18.59,12.81,1
4417,42.0,Male,Mobile,20.03,13,2,4,0,0,0,28.95,64.53,1
4418,57.0,Female,Desktop,12.32,5,1,8,0,0,1,8.02,95.72,1
4419,46.0,Female,Mobile,11.17,10,12,2,1,1,0,9.39,10.63,1
4420,24.0,Male,Mobile,13.52,7,8,7,0,0,0,20.09,49.49,1
4421,57.0,Male,Unknown,22.55,9,3,5,1,1,1,24.68,24.79,1
4422,30.0,Female,Desktop,15.54,14,2,7,1,1,0,18.18,49.5,1
4423,55.0,Male,Mobile,24.61,6,13,1,0,0,1,34.06,22.45,1
4424,35.0,Female,Mobile,22.61,10,9,8,0,1,0,26.93,54.57,1
4425,19.0,Male,Mobile,1.59,1,5,0,0,1,1,1.88,5.67,1
4426,25.0,Male,Mobile,15.74,11,7,2,1,0,1,11.65,74.25,1
4427,28.0,Male,Desktop,13.66,8,10,3,0,1,0,13.75,60.67,1
4428,50.0,Female,Mobile,14.24,6,7,5,0,0,0,16.71,38.48,1
4429,55.0,Male,Desktop,24.73,17,9,3,1,0,0,32.33,21.79,1
4430,44.0,Female,Mobile,16.88,4,5,1,1,0,0,15.42,53.63,1
4431,37.0,Female,Mobile,26.68,6,4,2,1,1,0,16.64,95.52,1
4432,29.0,Female,Desktop,21.67,15,10,2,0,1,1,18.76,70.81,1
4433,48.0,Male,Mobile,17.03,10,6,5,0,1,1,14.3,27.94,1
4434,44.0,Female,Mobile,22.88,17,2,4,1,0,1,28.62,74.29,1
4435,49.0,Female,Tablet,2.11,10,11,4,1,1,1,1.1,49.5,1
4436,27.0,Male,Desktop,1.79,5,9,3,0,1,0,1.59,4.8,1
4437,20.0,Female,Desktop,3.42,19,1,3,1,1,1,3.24,61.75,1
4438,44.0,Female,Mobile,13.69,7,12,8,0,0,0,14.38,23.39,1
4439,52.0,Male,Mobile,7.83,19,7,6,0,0,1,11.51,40.97,1
4440,48.0,Female,Tablet,29.54,10,0,7,0,0,0,36.65,47.85,1
4441,32.0,Male,Mobile,16.73,19,11,3,1,1,0,12.09,79.93,1
4442,33.0,Female,Desktop,20.21,11,13,2,0,0,0,22.91,58.01,1
4443,30.0,Female,Mobile,9.09,3,8,0,0,0,0,7.69,34.01,1
4444,52.0,Male,Mobile,10.33,11,11,8,0,1,1,13.55,65.72,1
4445,28.0,Female,Tablet,10.73,6,5,8,1,1,1,7.2,19.21,1
4446,38.0,Female,Mobile,21.26,6,3,1,1,0,1,13.7,82.28,1
4447,28.0,Female,Mobile,14.74,15,5,3,0,0,1,8.86,20.14,1
4448,47.0,Male,Mobile,16.01,3,11,3,0,1,1,16.72,55.85,1
4449,52.0,Male,Mobile,18.17,11,6,0,1,1,1,11.32,20.51,1
4450,39.0,Male,Mobile,23.3,8,11,1,0,0,0,12.62,32.56,1
4451,55.0,Male,Mobile,3.62,8,7,7,1,0,1,3.01,42.25,1
4452,48.0,Male,Mobile,23.53,16,2,5,1,0,0,30.55,36.74,1
4453,31.0,Female,Desktop,17.33,3,11,0,1,0,0,11.37,93.39,1
4454,41.0,Male,Mobile,20.4,8,5,6,1,0,0,17.5,22.35,1
4455,49.0,Male,Tablet,10.5,8,13,6,0,1,1,9.83,18.01,1
4456,39.0,Male,Mobile,12.87,13,9,5,1,1,0,14.3,49.5,1
4457,49.0,Female,Mobile,7.7,1,5,7,0,0,1,7.52,94.89,1
4458,32.0,Female,Mobile,29.4,10,9,4,0,1,1,29.75,50.33,1
4459,52.0,Male,Desktop,15.41,5,6,1,1,1,1,11.63,95.94,1
4460,20.0,Female,Tablet,29.89,5,14,3,1,1,0,34.93,19.04,1
0,33.0,Female,Desktop,15.2,17,13,7,1,1,0,7.99,1.03,1
4462,22.0,Female,Mobile,7.37,14,3,7,1,1,1,10.79,30.29,1
4463,38.0,Female,Mobile,15.72,6,5,4,1,0,1,15.69,49.5,1
4464,27.0,Male,Desktop,2.15,14,14,5,0,0,0,1.21,59.21,1
4465,36.0,Male,Tablet,27.24,12,1,8,1,1,1,28.85,24.17,1
4466,42.0,Female,Tablet,24.74,1,14,9,1,0,1,25.09,66.16,1
4467,21.0,Female,Mobile,22.05,5,7,9,0,1,0,14.3,83.02,1
4468,46.0,Female,Tablet,18.68,18,2,9,1,1,1,13.24,68.72,1
4469,36.0,Female,Mobile,17.82,14,14,1,0,0,1,13.74,72.79,1
4470,19.0,Male,Mobile,29.91,7,14,4,1,1,1,18.84,30.76,1
4471,27.0,Female,Mobile,9.06,15,8,8,0,0,1,9.34,52.92,1
4472,42.0,Male,Mobile,23.61,9,7,2,0,1,1,32.56,4.27,1
4473,37.0,Female,Unknown,17.86,15,11,5,1,1,1,25.42,35.91,1
4474,36.0,Male,Desktop,29.3,16,5,3,1,1,1,42.57,81.57,1
4475,40.0,Female,Desktop,25.01,9,9,3,0,0,0,27.52,79.01,1
4476,41.0,Male,Desktop,29.96,7,1,2,1,0,0,33.6,94.08,1
4477,28.0,Male,Mobile,18.06,7,14,9,0,1,1,14.64,96.88,1
4478,51.0,Male,Desktop,6.93,17,7,0,0,0,0,9.6,97.27,1
4479,45.0,Female,Mobile,15.61,11,10,7,0,1,1,15.42,15.74,1
4480,22.0,Male,Desktop,21.62,6,14,4,0,0,1,16.85,12.06,1
4481,22.0,Female,Desktop,23.46,14,5,1,0,1,0,34.38,87.51,1
4482,38.0,Male,Desktop,1.01,15,10,0,1,1,0,1.22,38.31,1
0,29.0,Male,Mobile,15.65,8,0,0,0,1,1,15.1,35.72,1
4484,21.0,Female,Desktop,7.82,4,5,3,1,0,0,4.45,53.37,1
4485,59.0,Male,Mobile,26.37,1,12,3,1,1,0,16.88,45.14,1
4486,37.0,Female,Mobile,5.43,6,4,5,0,0,0,3.78,22.3,1
4487,55.0,Female,Desktop,20.33,1,5,6,1,0,1,28.52,84.46,1
4488,42.0,Female,Mobile,8.72,5,12,0,0,0,1,12.83,90.93,1
4489,31.0,Female,Desktop,11.34,19,0,9,1,0,0,8.7,74.75,1
4490,28.0,Male,Mobile,28.28,5,3,1,1,0,1,28.23,4.81,1
4491,49.0,Male,Mobile,7.97,5,6,2,0,1,1,10.3,11.79,1
4492,28.0,Female,Desktop,3.76,17,12,8,0,1,0,3.33,34.6,1
4493,35.0,Male,Mobile,3.01,12,14,3,1,0,1,2.99,55.67,1
4494,44.0,Male,Mobile,15.63,7,4,5,1,0,0,21.69,60.95,1
4495,35.0,Female,Mobile,19.61,15,5,1,1,1,0,13.87,10.0,1
4496,40.0,Male,Mobile,10.49,19,1,1,0,1,0,15.67,96.02,1
4497,28.0,Female,Desktop,21.02,13,7,1,0,0,1,20.1,52.96,1
4498,38.0,Male,Mobile,2.77,12,9,4,1,0,1,2.1,49.5,1
4499,22.0,Male,Desktop,25.86,19,3,8,0,0,1,36.01,19.11,1
4500,40.0,Female,Desktop,24.68,13,5,5,0,0,1,14.23,95.08,1
4501,58.0,Male,Mobile,29.58,6,2,8,1,1,1,33.79,44.74,1
4502,42.0,Male,Desktop,28.16,1,8,5,0,1,0,15.82,11.78,1
0,58.0,Female,Desktop,11.33,6,12,8,1,0,0,16.39,61.44,1
4504,27.0,Male,Mobile,12.58,13,7,4,1,0,1,14.34,49.5,1
4505,39.0,Female,Mobile,15.74,13,13,0,0,0,1,20.32,80.8,1
4506,36.0,Male,Mobile,4.89,13,14,5,0,0,0,4.52,54.55,1
4507,18.0,Female,Desktop,10.11,4,14,3,1,1,0,6.72,10.57,1
4508,24.0,Female,Desktop,4.44,5,5,8,0,0,1,3.82,75.06,1
4509,21.0,Female,Mobile,14.19,13,8,5,0,1,1,19.92,30.47,1
4510,18.0,Female,Desktop,17.01,9,9,0,1,0,1,14.3,40.82,1
4511,32.0,Female,Desktop,7.12,17,8,5,1,1,1,8.27,77.56,1
4512,57.0,Male,Desktop,1.77,3,1,2,0,0,0,2.6,10.65,1
4513,29.0,Male,Desktop,21.86,18,8,2,0,0,1,23.47,97.78,1
4514,39.0,Female,Mobile,1.58,15,7,6,1,1,1,1.07,70.21,1
4515,39.0,Male,Desktop,29.23,1,14,1,1,1,1,35.47,19.26,1
4516,34.0,Female,Desktop,7.43,9,1,8,1,1,0,8.11,5.81,1
4517,46.0,Male,Desktop,20.25,6,8,8,1,0,1,18.97,54.45,1
4518,31.0,Male,Mobile,13.61,18,4,6,1,1,0,8.81,37.93,1
4519,37.0,Female,Mobile,2.73,1,12,8,0,0,1,3.22,2.95,1
4520,50.0,Female,Mobile,14.69,7,11,5,1,0,1,13.87,60.92,1
4521,32.0,Male,Mobile,15.99,10,8,8,1,1,1,17.25,30.87,1
4522,29.0,Male,Desktop,25.79,6,0,9,1,1,1,21.03,32.2,1
4523,57.0,Female,Mobile,22.24,7,3,1,1,1,1,14.58,16.22,1
4524,37.0,Male,Desktop,3.3,0,0,4,0,0,0,2.84,14.04,1
4525,47.0,Male,Desktop,7.07,8,10,5,1,0,1,9.56,14.43,1
4526,55.0,Female,Desktop,10.04,2,4,5,1,0,0,6.62,88.61,1
4527,20.0,Male,Mobile,4.38,9,14,3,1,1,1,4.25,53.31,1
4528,45.0,Female,Tablet,14.25,9,6,3,1,1,1,11.37,46.94,1
4529,39.0,Unknown,Desktop,29.54,7,12,4,0,0,1,43.2,70.45,1
4530,47.0,Female,Desktop,15.92,9,6,5,0,1,1,9.31,31.98,1
4531,30.0,Male,Mobile,22.51,0,5,7,1,0,1,16.78,82.22,1
4532,30.0,Male,Mobile,20.81,3,12,9,0,1,1,19.76,19.72,0
4533,19.0,Female,Mobile,25.65,16,5,0,1,1,0,19.17,80.27,1
4534,54.0,Female,Mobile,7.26,16,14,7,0,1,1,8.76,5.6,1
4535,55.0,Male,Mobile,22.86,2,7,1,0,0,1,19.91,15.68,1
4536,19.0,Male,Mobile,26.56,11,10,6,0,1,0,34.02,89.27,1
4537,53.0,Male,Desktop,5.97,16,9,3,0,0,1,6.28,10.9,1
4538,43.0,Female,Mobile,11.06,15,8,7,1,0,1,10.25,24.56,1
4539,28.0,Female,Mobile,29.13,1,3,5,0,0,0,25.19,4.27,1
4540,25.0,Male,Unknown,23.64,17,13,4,0,0,0,17.07,59.87,1
4541,57.0,Male,Mobile,9.2,3,3,9,0,1,0,6.92,32.77,1
4542,39.0,Male,Desktop,17.35,19,7,9,0,0,1,11.74,63.35,1
4543,37.0,Female,Mobile,12.73,7,14,4,1,1,1,17.21,8.58,1
4544,25.0,Female,Mobile,15.21,11,4,3,1,0,1,15.94,39.51,1
4545,46.0,Male,Mobile,11.3,0,9,2,1,1,1,11.11,37.17,1
4546,57.0,Male,Desktop,9.1,14,13,2,0,0,0,7.48,53.68,1
0,43.0,Female,Mobile,20.57,16,8,2,1,1,1,20.92,29.5,0
4548,47.0,Female,Desktop,23.58,6,5,6,0,0,0,32.6,98.48,1
4549,34.0,Male,Mobile,26.34,2,8,7,1,0,0,35.72,31.6,1
4550,39.0,Male,Unknown,5.5,11,11,7,0,1,0,6.05,69.64,1
4551,33.0,Male,Desktop,24.86,11,11,1,0,1,0,25.6,36.63,1
4552,24.0,Female,Mobile,8.39,10,3,2,0,0,0,6.09,53.36,1
4553,33.0,Male,Desktop,13.39,4,0,1,1,1,1,15.97,22.67,1
4554,44.0,Female,Mobile,27.14,17,13,5,0,0,1,36.73,17.28,1
4555,40.0,Female,Mobile,14.18,10,3,2,0,1,1,11.42,97.24,1
4556,41.0,Male,Desktop,6.71,9,8,5,0,0,1,6.28,54.09,1
4557,26.0,Male,Tablet,5.64,13,12,3,0,1,0,3.42,46.08,1
4558,52.0,Female,Mobile,14.72,11,6,9,1,1,1,19.99,49.5,1
4559,37.0,Male,Desktop,23.12,10,14,9,0,0,1,13.82,22.35,1
4560,54.0,Female,Mobile,29.92,5,14,5,0,1,1,36.03,82.2,1
4561,59.0,Male,Desktop,23.83,3,5,2,1,1,0,16.37,24.82,1
4562,34.0,Male,Desktop,26.43,4,13,4,1,1,1,32.61,54.25,1
4563,48.0,Male,Mobile,22.69,3,13,7,1,1,1,25.93,12.72,1
4564,25.0,Male,Mobile,26.97,10,1,2,0,1,1,32.1,49.5,1
4565,32.0,Female,Mobile,3.21,13,3,8,0,1,0,3.65,48.3,1
4566,48.0,Female,Mobile,27.97,5,0,8,0,1,0,25.08,28.06,1
4567,47.0,Female,Mobile,12.5,13,12,6,1,1,1,14.0,30.75,1
4568,37.0,Male,Desktop,27.73,0,2,7,1,1,1,20.37,0.98,1
4569,56.0,Female,Tablet,3.2,11,12,8,0,1,1,2.48,49.5,1
4570,29.0,Female,Mobile,21.74,3,1,0,1,0,0,12.29,60.09,1
4571,34.0,Female,Mobile,22.33,17,12,0,1,1,1,24.85,71.84,1
4572,59.0,Male,Mobile,29.91,19,3,9,1,1,0,40.1,54.69,1
4573,47.0,Female,Tablet,23.3,13,3,2,1,1,1,20.47,8.19,1
4574,46.0,Male,Mobile,12.09,16,10,5,0,1,0,8.57,94.09,1
4575,36.0,Male,Mobile,17.16,18,13,8,0,0,1,22.72,71.34,1
0,28.0,Female,Mobile,11.63,19,8,9,0,1,0,13.31,23.74,1
4577,51.0,Male,Mobile,6.68,6,6,7,0,1,0,9.31,67.15,1
4578,24.0,Female,Mobile,8.21,7,12,1,0,0,0,4.16,11.15,1
4579,51.0,Female,Mobile,7.44,15,2,3,1,1,1,6.7,77.94,1
4580,37.0,Female,Mobile,16.92,5,6,4,0,1,0,23.7,48.09,1
4581,55.0,Female,Mobile,27.28,16,7,9,0,0,1,32.06,40.94,1
4582,41.0,Female,Mobile,27.47,6,11,5,1,0,1,26.61,0.91,1
4583,27.0,Male,Mobile,2.59,3,6,6,1,1,0,2.37,65.25,1
4584,49.0,Female,Mobile,3.32,12,7,3,0,1,0,4.63,82.9,1
4585,32.0,Male,Tablet,15.74,4,13,3,1,1,0,10.8,28.83,1
4586,54.0,Female,Desktop,8.4,3,8,4,1,1,1,4.3,1.18,1
4587,37.0,Female,Mobile,3.75,16,0,8,1,1,1,2.33,77.53,1
4588,20.0,Female,Mobile,12.27,16,9,8,1,0,0,12.42,63.57,1
4589,54.0,Male,Desktop,18.04,19,5,0,1,1,1,11.09,77.69,1
4590,57.0,Male,Mobile,17.77,15,3,4,0,0,0,13.77,53.83,1
4591,25.0,Male,Mobile,16.76,9,0,4,1,0,0,22.37,46.09,1
4592,57.0,Male,Mobile,10.82,2,1,6,1,1,1,9.59,21.94,1
4593,40.0,Female,Tablet,21.49,6,9,7,0,1,0,20.44,7.88,1
4594,57.0,Female,Desktop,24.97,14,3,2,0,1,0,16.83,47.14,1
4595,28.0,Male,Mobile,11.04,9,0,0,0,0,1,12.17,86.84,1
4596,25.0,Male,Mobile,3.48,10,14,1,1,0,1,2.16,5.93,1
4597,46.0,Male,Tablet,15.74,18,5,5,0,0,0,10.84,98.91,1
4598,47.0,Female,Tablet,4.98,15,0,5,0,1,1,6.21,94.7,1
4599,27.0,Male,Tablet,14.55,4,12,4,1,1,0,19.99,64.07,1
4600,56.0,Male,Mobile,5.52,5,8,4,0,0,1,5.98,91.42,1
4601,45.0,Female,Mobile,14.42,6,9,8,0,1,0,12.0,55.35,1
4602,53.0,Male,Desktop,7.41,15,2,6,1,0,1,10.02,40.46,1
4603,30.0,Female,Mobile,22.42,2,11,5,0,1,1,24.59,57.17,1
4604,49.0,Female,Mobile,1.8,16,10,6,1,0,1,1.54,87.66,1
4605,53.0,Female,Mobile,17.09,5,0,2,0,1,0,14.06,95.75,1
4606,54.0,Female,Desktop,5.92,4,5,6,0,0,1,4.86,49.5,1
4607,43.0,Female,Desktop,1.03,1,5,2,0,0,0,0.57,17.97,1
4608,39.0,Male,Mobile,26.21,8,6,7,1,1,0,15.76,59.17,1
4609,21.0,Male,Desktop,20.47,10,6,9,0,0,0,12.07,44.48,1
4610,48.0,Female,Mobile,3.87,15,9,9,0,0,0,3.14,48.13,1
4611,35.0,Female,Desktop,20.26,2,10,8,0,0,1,19.73,42.82,1
4612,55.0,Male,Mobile,18.74,19,3,2,0,1,0,12.14,6.76,1
4613,41.0,Male,Mobile,14.73,12,4,6,0,1,1,19.56,84.59,1
4614,40.0,Female,Mobile,13.16,10,2,7,0,1,0,7.44,97.84,1
4615,39.0,Male,Mobile,26.73,12,5,2,1,0,1,38.63,20.97,1
4616,19.0,Male,Mobile,8.11,9,12,5,1,0,1,14.3,62.2,1
4617,48.0,Female,Mobile,12.55,8,13,6,1,0,0,17.5,53.66,1
4618,28.0,Male,Tablet,10.54,2,14,3,1,0,1,8.02,89.65,1
4619,45.0,Male,Mobile,23.36,7,6,5,1,0,0,34.73,70.41,1
4620,49.0,Male,Mobile,27.58,4,8,6,0,0,1,28.17,74.97,0
4621,22.0,Male,Mobile,25.64,19,8,6,1,1,0,13.29,95.19,1
4622,55.0,Female,Mobile,24.13,8,11,0,0,1,0,18.89,66.35,1
4623,39.0,Male,Mobile,29.62,13,12,1,1,1,0,42.66,45.36,1
4624,57.0,Female,Desktop,21.22,3,4,0,0,1,1,16.97,5.19,1
4625,41.0,Male,Mobile,22.78,5,3,8,1,0,1,19.58,90.64,1
4626,52.0,Female,Desktop,29.5,8,6,6,0,0,1,16.05,58.97,1
4627,40.0,Female,Desktop,1.2,2,13,6,0,0,1,0.9,68.23,1
4628,34.0,Male,Mobile,19.39,10,2,2,1,0,0,14.72,50.53,1
4629,18.0,Female,Mobile,22.43,16,3,4,1,1,1,27.27,39.36,1
4630,48.0,Female,Desktop,27.62,4,14,1,0,1,1,27.78,50.39,1
4631,48.0,Female,Mobile,26.63,14,8,4,1,1,1,17.6,4.85,1
4632,59.0,Female,Mobile,25.42,3,4,7,1,1,1,32.93,79.79,1
4633,59.0,Female,Tablet,28.43,10,0,9,0,1,0,31.6,15.8,1
4634,51.0,Male,Mobile,15.74,13,13,2,0,0,1,12.74,33.27,1
4635,26.0,Female,Mobile,1.2,5,6,3,0,0,1,0.87,8.7,1
4636,39.0,Female,Tablet,1.32,17,1,7,1,1,0,1.88,81.99,1
4637,30.0,Male,Mobile,16.79,17,8,0,0,1,1,19.09,16.83,1
4638,42.0,Male,Mobile,13.62,11,4,0,0,0,0,17.81,39.89,1
4639,35.0,Female,Desktop,14.09,19,4,2,1,1,1,10.22,41.55,1
4640,29.0,Male,Desktop,12.61,18,3,1,0,0,1,13.73,31.64,1
4641,57.0,Male,Mobile,27.61,17,7,9,0,0,1,15.28,86.01,1
4642,34.0,Male,Mobile,11.42,11,10,1,1,0,0,12.5,77.18,1
4643,32.0,Male,Desktop,25.83,15,3,3,0,1,0,18.17,74.37,1
4644,59.0,Male,Desktop,27.18,8,1,5,1,1,0,31.78,22.51,1
4645,32.0,Male,Mobile,15.49,12,4,9,1,0,1,22.18,18.95,1
4646,32.0,Female,Mobile,13.96,17,2,9,0,0,1,13.38,24.66,1
4647,56.0,Female,Mobile,23.07,0,3,4,0,0,0,18.58,38.62,1
4648,30.0,Male,Desktop,21.53,4,2,3,1,0,1,13.42,47.88,1
4649,34.0,Male,Desktop,10.53,11,6,7,1,0,0,12.33,25.02,1
4650,49.0,Female,Tablet,3.97,8,13,4,1,0,0,4.3,45.78,1
4651,26.0,Male,Desktop,8.68,16,5,1,1,0,1,9.07,18.44,1
4652,57.0,Female,Mobile,4.8,16,1,3,1,1,1,6.89,26.9,1
4653,37.0,Male,Mobile,9.55,3,10,6,1,0,0,14.12,26.07,1
4654,43.0,Female,Desktop,8.59,12,14,3,1,0,0,10.45,72.71,1
4655,44.0,Female,Desktop,19.49,13,13,5,0,1,1,13.56,45.85,1
4656,38.0,Male,Mobile,28.68,1,7,1,1,1,1,41.49,61.52,1
4657,35.0,Male,Unknown,20.89,4,4,8,0,0,0,17.65,66.93,1
4658,30.0,Male,Tablet,27.87,6,5,3,0,1,1,16.14,6.85,1
4659,33.0,Male,Mobile,23.74,5,7,0,0,0,0,17.59,79.48,1
4660,26.0,Female,Mobile,22.11,5,10,2,0,0,1,29.41,28.4,1
4661,29.0,Male,Desktop,13.01,10,10,6,1,1,0,9.16,50.98,1
4662,55.0,Female,Desktop,10.42,19,11,9,1,0,1,9.33,33.84,1
4663,36.0,Unknown,Mobile,25.54,18,6,8,0,1,1,19.76,77.36,1
4664,39.0,Female,Desktop,27.26,2,14,5,0,1,1,14.93,22.83,1
4665,52.0,Male,Mobile,14.1,16,10,3,0,1,1,14.97,96.38,1
4666,35.0,Male,Mobile,1.26,15,2,1,1,1,1,1.42,40.01,1
4667,33.0,Female,Mobile,23.98,5,1,8,1,0,0,30.96,71.16,1
4668,56.0,Male,Desktop,9.27,9,2,7,1,0,1,8.48,64.14,1
4669,21.0,Male,Tablet,1.29,5,14,6,0,0,1,0.83,74.26,1
4670,42.0,Male,Desktop,24.34,5,7,1,1,0,0,28.04,55.11,1
4671,49.0,Male,Tablet,16.01,9,3,1,1,1,1,22.25,38.38,1
4672,57.0,Male,Mobile,20.87,9,0,7,1,1,0,12.94,17.96,1
4673,30.0,Female,Mobile,27.53,2,14,8,0,1,1,18.79,51.94,1
4674,34.0,Male,Mobile,16.69,7,3,8,0,1,1,13.84,6.09,1
4675,54.0,Female,Mobile,15.59,1,14,7,0,0,0,17.93,5.88,1
4676,23.0,Unknown,Desktop,9.43,2,6,0,1,1,0,9.65,61.34,1
4677,36.0,Male,Desktop,9.85,12,12,4,0,1,1,11.94,48.05,1
4678,30.0,Female,Tablet,24.1,6,5,6,0,1,1,12.81,50.61,1
4679,43.0,Female,Mobile,14.02,19,9,9,0,1,0,18.37,31.87,1
4680,31.0,Female,Mobile,5.74,16,0,5,0,1,0,8.54,79.06,1
4681,48.0,Female,Mobile,3.74,4,12,0,1,0,1,2.04,20.12,0
4682,39.0,Female,Mobile,14.71,18,10,9,0,0,1,14.64,58.61,1
4683,56.0,Male,Mobile,14.48,5,7,5,1,0,0,17.95,86.05,1
4684,25.0,Female,Mobile,19.95,18,5,3,0,1,0,19.48,83.41,1
4685,42.0,Female,Mobile,14.66,6,1,2,1,1,1,16.02,2.86,1
4686,30.0,Male,Mobile,5.16,14,4,3,0,0,0,7.33,27.9,1
4687,49.0,Male,Mobile,15.73,17,11,7,0,1,1,16.36,71.47,1
4688,55.0,Female,Mobile,27.3,18,1,5,1,0,1,20.11,74.07,1
4689,55.0,Female,Mobile,5.62,10,9,8,0,0,0,6.96,48.27,1
4690,45.0,Female,Mobile,21.0,19,6,4,0,1,1,18.38,20.25,1
4691,47.0,Male,Mobile,18.22,18,14,8,1,1,0,14.3,27.9,1
4692,20.0,Female,Mobile,22.71,4,10,3,1,0,1,17.0,80.1,1
4693,45.0,Male,Mobile,5.37,15,9,3,0,0,0,3.11,19.22,1
4694,20.0,Male,Mobile,28.31,6,5,5,0,0,0,40.57,94.23,1
4695,51.0,Male,Mobile,19.01,6,6,9,0,1,0,20.21,50.09,1
4696,33.0,Male,Desktop,25.57,3,14,6,0,1,1,14.3,28.34,1
4697,39.0,Female,Desktop,8.15,9,5,1,0,1,0,11.1,38.96,1
4698,49.0,Male,Desktop,22.44,11,9,3,1,0,1,11.9,25.65,1
4699,55.0,Male,Mobile,23.65,5,0,7,0,1,1,17.67,38.43,1
4700,25.0,Female,Mobile,12.53,14,14,8,0,1,1,10.22,13.08,1
4701,25.0,Male,Desktop,12.13,2,2,4,0,0,0,12.01,82.32,1
4702,23.0,Female,Mobile,20.08,19,14,5,0,0,1,24.42,96.37,1
4703,31.0,Male,Desktop,3.71,8,9,9,0,0,1,4.38,65.91,1
4704,49.0,Female,Mobile,22.33,13,1,6,1,0,0,33.21,80.86,1
4705,52.0,Male,Mobile,2.24,19,0,6,0,1,1,3.19,22.81,1
4706,27.0,Male,Desktop,6.53,0,0,2,0,0,1,4.48,6.28,1
4707,20.0,Female,Mobile,20.26,15,3,1,1,1,0,27.55,62.71,1
4708,29.0,Male,Mobile,3.85,4,10,9,0,1,0,5.17,81.76,1
4709,48.0,Male,Mobile,29.18,4,0,7,0,1,1,31.36,83.43,1
4710,46.0,Female,Mobile,26.18,18,1,8,0,0,0,21.94,53.28,1
4711,22.0,Male,Mobile,19.16,19,0,7,1,0,0,13.58,62.21,1
0,42.0,Male,Mobile,24.75,9,12,7,1,0,1,17.63,36.83,1
4713,58.0,Female,Desktop,26.74,15,11,1,1,0,0,22.4,83.07,1
4714,48.0,Female,Desktop,8.52,12,11,3,0,1,0,8.55,69.76,1
4715,38.0,Female,Mobile,25.63,4,5,5,0,1,0,27.78,18.59,1
4716,37.0,Female,Tablet,6.65,3,10,7,0,0,0,5.49,27.94,1
4717,56.0,Female,Mobile,12.99,5,3,1,0,0,1,11.13,15.19,1
4718,39.0,Male,Mobile,17.19,17,7,7,1,1,0,8.83,50.57,1
4719,21.0,Female,Desktop,21.7,5,10,0,1,1,0,14.3,20.22,1
4720,30.0,Male,Desktop,1.87,4,4,5,0,0,1,2.63,15.88,1
4721,59.0,Female,Desktop,9.42,7,13,7,1,1,0,4.84,16.04,1
4722,37.0,Male,Mobile,18.65,7,9,7,0,0,1,9.94,26.59,1
4723,30.0,Male,Mobile,11.36,7,4,6,0,1,0,8.02,80.9,1
4724,34.0,Female,Desktop,23.48,17,10,6,1,0,0,29.19,93.83,1
4725,53.0,Male,Mobile,19.9,15,10,9,1,1,0,23.46,99.59,1
4726,39.0,Male,Desktop,7.8,7,7,8,1,0,0,8.95,4.03,1
4727,18.0,Female,Mobile,5.23,15,0,1,0,0,1,5.62,56.89,1
4728,32.0,Female,Desktop,19.24,4,9,0,0,1,1,13.5,26.64,1
4729,30.0,Female,Mobile,14.06,2,5,1,1,0,0,12.62,98.89,1
4730,34.0,Female,Mobile,5.9,13,5,2,1,1,1,5.77,98.43,1
4731,41.0,Male,Mobile,10.46,12,2,8,1,0,1,11.32,93.41,1
4732,25.0,Male,Desktop,9.79,10,12,9,1,0,0,6.84,1.42,1
4733,44.0,Male,Desktop,4.14,19,5,6,0,0,1,5.09,15.45,1
4734,39.0,Male,Mobile,16.86,15,9,0,0,0,1,13.64,55.25,1
4735,25.0,Male,Desktop,23.15,17,12,4,0,0,1,26.86,18.73,1
4736,25.0,Male,Mobile,17.69,6,6,5,1,0,0,17.94,85.49,1
4737,43.0,Female,Mobile,24.96,5,1,1,1,1,0,27.26,69.97,1
4738,30.0,Male,Mobile,4.7,13,2,0,0,0,0,4.29,18.41,1
4739,56.0,Male,Mobile,13.63,14,5,0,0,1,0,12.88,81.84,1
4740,54.0,Male,Mobile,18.67,14,9,2,1,1,0,25.54,49.83,1
4741,45.0,Female,Mobile,20.6,15,8,0,0,1,0,20.1,70.97,1
4742,42.0,Female,Desktop,21.18,16,12,8,1,1,0,27.4,13.98,1
4743,33.0,Female,Desktop,22.14,10,8,9,0,1,0,19.82,51.79,1
4744,19.0,Female,Desktop,19.89,1,7,4,0,1,1,23.88,77.63,1
4745,35.0,Male,Mobile,3.73,11,7,8,1,0,1,14.3,34.56,1
4746,34.0,Male,Tablet,21.16,7,8,4,1,1,0,29.98,18.68,1
4747,47.0,Male,Desktop,22.02,17,10,0,0,0,0,32.31,63.95,1
4748,56.0,Female,Mobile,29.81,4,14,6,1,0,0,41.77,64.41,1
4749,30.0,Male,Desktop,21.11,7,10,6,1,0,1,17.87,20.43,1
4750,49.0,Male,Mobile,20.92,3,8,3,1,0,0,16.24,6.94,1
4751,46.0,Male,Mobile,15.93,14,9,2,1,0,1,10.87,16.65,1
4752,47.0,Female,Mobile,26.17,18,10,0,0,1,0,35.93,27.55,1
4753,35.0,Female,Mobile,29.91,18,12,6,0,0,0,18.5,3.63,1
4754,30.0,Female,Desktop,23.59,1,8,4,0,0,1,26.95,92.27,1
4755,38.0,Male,Mobile,18.76,6,4,9,0,1,1,15.6,23.05,1
4756,47.0,Unknown,Mobile,3.29,9,14,0,0,0,1,2.26,73.89,1
4757,38.0,Male,Tablet,22.08,2,5,0,0,0,1,15.11,41.47,1
0,34.0,Male,Tablet,21.55,8,14,2,1,1,0,29.54,50.2,1
4759,57.0,Female,Desktop,23.49,4,0,2,0,1,1,31.94,53.69,1
4760,36.0,Male,Mobile,4.61,10,12,1,1,0,0,3.56,77.28,1
4761,39.0,Female,Mobile,19.96,1,0,7,1,0,0,10.65,78.79,1
4762,26.0,Male,Desktop,9.58,11,3,7,1,0,1,13.12,14.13,1
4763,27.0,Female,Mobile,23.05,9,14,5,0,0,0,12.85,30.33,1
4764,48.0,Male,Unknown,7.97,19,13,4,0,1,0,4.66,57.3,1
4765,40.0,Male,Mobile,20.84,11,10,0,1,1,0,27.55,33.04,1
4766,47.0,Female,Mobile,9.55,4,12,0,0,0,1,12.58,13.28,1
4767,50.0,Female,Mobile,1.26,5,0,1,0,0,1,0.89,40.84,1
4768,26.0,Male,Mobile,19.37,17,11,6,1,0,1,10.43,21.84,1
4769,18.0,Male,Mobile,4.28,18,0,0,1,0,0,14.3,14.35,1
4770,52.0,Male,Mobile,20.12,5,2,7,0,0,0,19.18,30.4,1
4771,28.0,Female,Mobile,27.84,18,6,2,0,0,1,25.56,29.97,1
4772,51.0,Male,Mobile,29.11,17,14,3,0,1,1,19.86,9.72,1
4773,33.0,Female,Desktop,7.84,0,0,6,0,0,1,11.05,58.41,1
4774,26.0,Male,Desktop,24.47,11,6,9,1,1,1,25.75,31.43,1
4775,49.0,Male,Mobile,11.25,17,9,6,0,0,0,14.71,17.33,1
4776,32.0,Male,Mobile,27.11,8,13,1,1,1,0,16.37,81.86,1
4777,29.0,Male,Mobile,23.84,8,9,4,1,0,0,35.13,0.26,1
4778,50.0,Female,Mobile,3.14,2,14,7,1,1,0,4.11,45.43,1
4779,31.0,Female,Mobile,12.81,7,12,8,1,1,1,10.09,43.49,1
4780,25.0,Male,Unknown,10.78,6,0,4,0,0,1,5.61,67.11,1
4781,39.0,Unknown,Desktop,23.77,18,8,1,1,0,0,15.8,38.94,1
0,44.0,Male,Desktop,12.9,7,4,3,0,0,1,11.85,51.27,1
4783,29.0,Female,Mobile,20.85,18,12,4,0,0,0,10.49,90.85,1
4784,18.0,Male,Mobile,18.47,12,14,5,1,0,1,9.99,16.83,1
4785,57.0,Unknown,Desktop,29.29,7,5,5,1,1,1,17.53,10.55,1
4786,59.0,Female,Mobile,28.2,7,14,0,0,0,0,36.93,74.68,1
4787,28.0,Female,Desktop,13.4,1,11,5,1,1,0,14.03,74.29,1
4788,56.0,Female,Mobile,21.98,10,8,9,1,1,0,15.19,91.96,1
4789,48.0,Male,Desktop,25.05,10,0,0,0,0,0,19.15,98.32,1
4790,34.0,Male,Tablet,27.07,12,2,4,1,0,0,30.92,38.44,1
4791,50.0,Female,Tablet,2.98,3,2,6,1,0,1,2.44,37.74,1
4792,49.0,Male,Mobile,9.76,3,4,7,1,0,1,11.54,90.47,1
4793,46.0,Male,Mobile,10.29,13,12,4,0,1,1,13.15,86.07,1
4794,38.0,Male,Mobile,13.6,13,12,1,1,1,0,10.97,37.54,1
4795,38.0,Female,Tablet,5.91,6,6,2,0,1,0,5.12,7.63,1
4796,57.0,Male,Mobile,15.39,3,2,6,0,1,0,8.47,58.12,1
4797,40.0,Male,Mobile,20.23,15,3,9,1,0,1,26.7,26.87,1
4798,23.0,Male,Mobile,15.42,9,13,3,0,1,1,17.06,90.86,1
4799,39.0,Male,Mobile,20.31,6,1,0,1,0,1,28.2,80.61,1
4800,55.0,Male,Mobile,2.93,6,8,2,1,1,1,2.02,90.1,1
4801,54.0,Male,Mobile,26.4,8,9,9,0,1,0,38.56,8.09,1
4802,25.0,Male,Mobile,28.23,11,8,1,0,1,0,34.07,86.46,1
4803,58.0,Male,Mobile,18.92,19,12,8,1,1,1,13.18,59.31,1
4804,52.0,Male,Tablet,26.56,16,10,0,0,0,0,25.58,21.54,1
4805,28.0,Male,Desktop,4.81,9,1,8,0,0,0,5.77,30.13,1
4806,41.0,Female,Desktop,24.13,11,4,9,0,1,1,12.47,45.66,1
4807,38.0,Male,Mobile,4.46,16,0,4,1,0,1,5.71,62.76,1
4808,19.0,Female,Desktop,12.83,6,7,5,1,1,1,18.57,23.27,1
0,57.0,Male,Mobile,10.39,17,5,5,1,1,1,6.04,20.7,1
4810,36.0,Female,Mobile,17.98,16,13,5,1,1,0,25.14,89.22,1
0,56.0,Unknown,Mobile,9.74,18,9,8,1,0,0,9.39,84.52,0
4812,45.0,Male,Mobile,19.48,1,9,8,0,1,0,19.78,76.68,1
4813,34.0,Female,Mobile,11.65,18,1,9,0,0,1,15.61,49.5,1
4814,23.0,Female,Tablet,25.96,8,1,6,1,0,0,28.29,76.6,1
4815,36.0,Female,Mobile,19.38,10,9,2,1,0,0,16.5,92.41,1
4816,55.0,Male,Mobile,7.24,2,4,6,0,1,0,8.92,84.37,1
4817,45.0,Female,Mobile,10.75,9,6,4,1,1,0,6.86,38.86,1
4818,19.0,Female,Mobile,25.58,4,8,8,1,0,0,29.83,47.13,1
4819,55.0,Male,Mobile,12.21,11,8,7,0,1,0,15.56,60.46,1
4820,54.0,Female,Mobile,16.54,10,11,9,1,1,0,13.81,47.56,1
4821,21.0,Female,Desktop,19.82,14,14,5,1,1,0,29.14,29.69,1
4822,39.0,Female,Mobile,11.09,7,14,4,1,1,1,12.65,86.12,1
4823,43.0,Male,Mobile,9.53,19,10,9,1,1,0,5.68,80.34,1
4824,53.0,Female,Desktop,14.78,6,5,1,0,0,1,21.67,38.99,1
4825,30.0,Male,Desktop,7.23,16,1,2,1,0,1,8.99,11.47,1
4826,49.0,Female,Desktop,9.24,19,5,2,1,0,0,11.05,0.49,1
4827,34.0,Female,Desktop,2.8,19,0,3,0,1,0,2.11,9.24,1
4828,58.0,Female,Mobile,9.82,0,10,2,0,0,0,9.56,15.47,1
4829,53.0,Female,Mobile,10.3,12,10,6,1,1,1,14.43,65.78,1
4830,36.0,Male,Desktop,28.89,15,12,5,1,1,0,23.35,21.96,1
4831,52.0,Female,Desktop,18.1,8,1,7,0,0,0,16.71,63.48,1
4832,57.0,Male,Mobile,23.83,0,11,1,0,1,1,18.03,32.83,1
4833,45.0,Female,Mobile,2.32,8,2,1,0,0,0,1.66,89.51,0
4834,18.0,Male,Desktop,4.09,16,4,0,0,0,0,2.22,46.91,1
4835,59.0,Female,Mobile,24.62,16,9,4,0,1,1,30.45,67.29,1
4836,35.0,Unknown,Mobile,19.08,2,0,6,0,0,1,11.27,46.09,1
4837,39.0,Male,Mobile,6.54,17,11,8,0,0,0,6.74,91.25,1
4838,39.0,Male,Desktop,12.74,5,9,4,0,1,0,7.0,68.74,1
4839,29.0,Male,Tablet,16.62,5,12,0,1,0,0,24.66,64.22,1
4840,25.0,Male,Mobile,25.46,12,13,2,1,0,0,30.79,59.23,1
4841,41.0,Female,Mobile,2.75,7,12,7,1,1,1,3.11,98.86,1
4842,33.0,Male,Mobile,18.3,5,12,2,1,0,1,12.56,68.48,1
4843,21.0,Male,Mobile,21.79,4,4,6,1,1,0,22.4,75.41,1
4844,55.0,Male,Mobile,29.36,17,4,9,1,1,0,29.46,8.17,1
4845,44.0,Female,Mobile,24.41,6,3,2,0,0,0,20.96,81.42,1
4846,39.0,Female,Mobile,9.01,14,2,1,1,1,1,5.91,49.5,1
0,33.0,Female,Desktop,21.58,9,6,9,0,1,0,18.71,33.67,1
4848,29.0,Female,Desktop,23.14,4,10,5,1,0,1,25.66,58.17,1
4849,39.0,Male,Mobile,22.16,0,6,1,1,1,0,21.88,62.56,1
4850,41.0,Female,Mobile,24.78,16,0,9,1,1,1,26.52,26.02,1
4851,31.0,Male,Tablet,15.74,16,6,4,1,0,0,29.17,43.71,1
4852,42.0,Female,Mobile,3.85,16,2,4,1,0,1,2.87,72.13,1
4853,51.0,Male,Desktop,4.04,6,12,4,1,1,0,2.47,22.58,1
4854,20.0,Male,Mobile,24.1,15,2,0,1,1,1,24.62,83.61,1
4855,41.0,Male,Desktop,8.32,3,14,2,1,0,1,11.58,7.75,1
4856,59.0,Male,Desktop,2.7,9,5,9,0,1,0,4.04,58.12,1
4857,26.0,Male,Desktop,12.64,1,14,4,1,0,0,16.25,37.97,1
4858,43.0,Female,Desktop,24.78,11,5,7,1,1,1,17.87,5.33,1
4859,37.0,Unknown,Tablet,4.67,6,10,3,1,1,1,5.28,77.45,1
4860,57.0,Male,Mobile,20.48,5,12,4,0,1,0,15.13,54.65,1
4861,27.0,Male,Mobile,1.1,18,0,0,0,1,1,1.18,71.53,1
4862,36.0,Male,Mobile,4.18,12,3,0,0,1,1,4.1,38.01,1
4863,20.0,Female,Desktop,11.17,7,4,7,0,1,0,9.85,85.96,1
4864,41.0,Female,Desktop,3.42,2,2,1,0,0,1,3.9,8.37,1
4865,22.0,Male,Mobile,25.53,7,2,9,0,1,0,34.66,23.34,1
4866,20.0,Male,Mobile,26.06,9,8,9,1,1,0,21.82,79.46,1
4867,39.0,Male,Desktop,22.91,8,4,6,1,1,0,22.6,95.47,1
4868,39.0,Male,Mobile,8.03,9,0,6,1,0,1,7.68,84.64,1
4869,32.0,Female,Mobile,16.17,10,8,8,1,1,1,12.11,23.09,1
4870,52.0,Female,Desktop,6.34,12,9,0,0,0,1,5.84,34.85,1
4871,29.0,Male,Mobile,9.16,2,5,1,0,1,1,4.78,76.55,1
4872,58.0,Male,Mobile,15.96,10,8,0,1,0,0,16.24,94.63,1
4873,43.0,Male,Mobile,22.32,3,13,0,1,1,0,27.25,28.92,1
4874,51.0,Male,Mobile,3.74,1,10,3,0,1,1,3.24,38.63,1
4875,40.0,Male,Mobile,9.6,17,6,7,0,1,0,11.97,2.29,1
4876,48.0,Female,Mobile,27.87,1,10,9,0,1,1,34.86,50.44,1
4877,37.0,Female,Mobile,13.44,5,9,7,1,1,1,19.95,8.82,1
4878,29.0,Male,Mobile,28.23,14,9,8,0,1,0,29.53,8.56,1
4879,40.0,Female,Mobile,29.75,6,6,1,0,0,1,26.9,76.13,1
4880,21.0,Female,Mobile,16.27,9,4,6,1,1,0,18.54,34.39,1
4881,40.0,Female,Tablet,9.35,14,6,3,1,1,0,10.53,93.56,1
4882,18.0,Male,Mobile,23.93,4,9,2,1,0,1,35.59,71.61,1
4883,42.0,Female,Desktop,5.62,1,3,3,1,0,0,6.79,29.48,1
4884,19.0,Female,Desktop,8.31,6,10,3,0,1,0,6.7,68.19,1
4885,47.0,Male,Mobile,23.76,7,10,2,0,0,1,16.34,86.56,1
4886,20.0,Female,Desktop,13.58,6,5,8,1,0,0,17.56,43.6,1
4887,38.0,Male,Mobile,6.84,1,1,7,0,0,1,4.65,56.18,1
4888,42.0,Female,Desktop,19.88,8,13,9,0,0,0,22.41,21.75,1
4889,37.0,Male,Mobile,22.25,12,9,1,1,0,0,14.07,40.22,1
4890,39.0,Male,Desktop,4.63,11,2,2,1,0,1,5.64,57.9,1
4891,38.0,Unknown,Mobile,9.03,2,1,9,0,0,1,11.58,61.55,1
4892,50.0,Female,Desktop,7.42,2,12,6,1,1,0,11.06,72.0,1
4893,55.0,Male,Mobile,12.02,2,9,4,1,1,1,17.48,95.74,1
4894,32.0,Male,Desktop,23.14,8,1,0,0,1,0,28.09,83.85,1
0,32.0,Female,Mobile,21.7,7,6,0,1,0,0,16.87,85.16,1
4896,42.0,Female,Desktop,20.21,16,4,7,0,1,1,10.99,55.75,1
4897,38.0,Female,Mobile,1.18,9,12,5,1,1,0,1.25,14.42,1
4898,41.0,Female,Mobile,5.12,16,12,3,0,1,0,6.48,63.55,1
4899,39.0,Male,Desktop,7.48,2,5,2,1,1,1,3.82,40.63,1
4900,23.0,Male,Tablet,8.89,3,2,8,1,0,1,9.11,3.18,1
4901,40.0,Male,Mobile,5.25,2,14,8,0,0,1,7.26,19.49,1
4902,21.0,Female,Tablet,12.9,19,9,3,0,0,1,14.67,49.5,1
4903,44.0,Female,Desktop,3.18,17,4,7,1,0,0,3.76,63.1,1
4904,35.0,Male,Desktop,22.75,12,4,3,0,0,0,22.17,97.84,1
4905,38.0,Male,Mobile,23.84,11,10,7,0,0,0,34.4,92.34,1
4906,45.0,Male,Mobile,17.65,19,3,6,1,1,0,15.44,59.43,0
4907,52.0,Male,Desktop,3.6,6,9,5,1,1,0,3.16,15.49,1
4908,39.0,Unknown,Mobile,26.81,10,3,6,0,0,0,27.29,33.63,1
4909,57.0,Male,Mobile,29.0,14,11,5,1,1,1,31.49,23.3,1
4910,40.0,Female,Mobile,6.87,1,12,5,1,1,1,7.13,47.05,1
4911,20.0,Male,Mobile,21.43,15,7,6,1,0,0,28.26,80.06,1
4912,57.0,Male,Desktop,25.42,6,5,3,0,1,0,33.92,82.18,1
0,27.0,Unknown,Desktop,16.66,13,10,4,0,0,0,10.52,17.81,1
4914,42.0,Male,Mobile,10.38,14,1,8,1,1,1,11.38,54.91,1
4915,25.0,Male,Mobile,14.88,13,1,1,0,0,0,14.3,67.67,1
4916,28.0,Male,Mobile,15.86,16,1,8,1,0,1,17.44,39.66,1
4917,22.0,Male,Mobile,12.62,1,5,4,0,0,0,14.99,90.54,1
4918,54.0,Female,Mobile,27.97,14,11,9,1,1,1,14.3,35.9,1
4919,55.0,Male,Desktop,22.57,13,0,0,0,1,0,30.84,49.01,1
4920,39.0,Female,Desktop,8.0,10,2,6,0,1,1,4.14,58.68,1
4921,22.0,Female,Mobile,17.98,10,0,4,0,1,1,13.29,42.74,1
4922,26.0,Female,Desktop,20.97,4,3,2,1,0,1,28.58,96.36,1
4923,19.0,Male,Mobile,5.06,0,12,2,0,0,0,5.91,76.05,1
4924,18.0,Male,Desktop,11.39,12,0,0,1,0,0,12.89,82.91,1
4925,57.0,Male,Mobile,27.26,6,8,6,1,1,1,37.07,75.26,1
4926,47.0,Male,Desktop,17.45,15,10,1,0,1,0,22.8,58.81,1
4927,28.0,Male,Mobile,7.29,5,11,7,1,0,1,9.12,2.82,1
4928,45.0,Male,Mobile,4.56,10,10,3,0,1,1,2.5,76.47,1
4929,29.0,Male,Mobile,16.03,9,12,3,0,0,1,20.54,61.27,1
4930,56.0,Male,Mobile,16.88,10,5,4,1,1,1,11.83,8.07,1
4931,43.0,Male,Mobile,10.7,12,13,0,1,1,0,5.63,11.86,1
4932,30.0,Male,Mobile,19.28,4,7,6,1,1,0,19.12,48.12,1
4933,25.0,Female,Mobile,2.99,4,13,2,1,1,1,4.31,85.28,1
4934,45.0,Male,Desktop,5.21,13,1,3,1,0,1,7.22,55.37,1
4935,47.0,Male,Mobile,16.84,14,13,8,0,0,1,24.96,91.96,1
4936,26.0,Male,Desktop,2.79,12,14,0,1,0,0,2.08,81.57,1
4937,56.0,Female,Mobile,26.55,13,5,7,1,0,1,31.74,63.08,1
4938,48.0,Male,Tablet,5.12,13,3,7,1,0,0,2.85,31.34,1
4939,38.0,Male,Tablet,20.54,2,6,6,1,1,1,26.77,85.27,1
4940,51.0,Female,Mobile,12.34,19,7,5,0,1,0,12.63,49.5,1
4941,48.0,Male,Desktop,12.59,9,13,6,1,1,1,18.84,55.28,1
4942,42.0,Female,Mobile,23.18,10,5,9,1,0,1,17.15,50.06,1
4943,29.0,Female,Tablet,15.48,17,12,3,1,0,0,19.89,21.28,1
4944,18.0,Female,Mobile,22.04,10,12,3,1,1,0,14.79,1.57,1
4945,39.0,Female,Mobile,15.65,13,0,4,0,0,1,12.32,71.65,1
4946,57.0,Male,Mobile,18.19,1,14,3,1,1,1,14.47,91.96,1
4947,54.0,Female,Mobile,23.06,2,7,3,0,1,1,24.86,18.37,1
4948,18.0,Female,Mobile,18.61,17,10,8,1,1,1,16.1,93.47,1
4949,18.0,Male,Desktop,18.85,13,0,5,0,0,1,17.69,7.19,1
4950,59.0,Male,Mobile,23.89,17,8,2,0,0,0,24.41,55.25,1
4951,59.0,Male,Mobile,28.52,13,1,2,0,0,1,15.86,11.56,1
4952,38.0,Female,Mobile,11.92,17,10,9,1,0,0,13.89,88.91,1
4953,39.0,Male,Unknown,17.74,19,9,7,1,1,0,20.39,10.32,1
4954,34.0,Female,Mobile,3.5,14,5,2,0,1,0,5.13,25.11,1
4955,39.0,Female,Desktop,15.74,10,7,3,0,1,0,7.23,80.59,1
4956,55.0,Male,Mobile,12.95,2,4,5,0,0,1,6.88,68.85,0
4957,52.0,Male,Mobile,25.22,14,13,8,0,0,1,15.97,38.81,1
4958,33.0,Male,Mobile,15.89,17,1,5,0,0,1,14.66,83.68,1
4959,25.0,Male,Mobile,22.2,5,4,2,1,1,0,15.85,63.57,1
4960,34.0,Male,Desktop,1.55,18,0,5,1,0,1,1.11,25.98,1
4961,34.0,Male,Mobile,14.47,3,7,0,0,0,0,19.82,74.03,1
4962,43.0,Female,Mobile,27.14,16,7,4,1,0,1,22.36,33.31,1
4963,30.0,Female,Mobile,7.51,19,13,4,1,1,1,6.89,81.57,1
4964,34.0,Male,Mobile,1.91,18,1,2,1,1,1,14.3,78.16,1
4965,55.0,Female,Mobile,13.57,5,5,4,1,1,1,11.4,30.85,1
4966,34.0,Female,Mobile,21.43,8,10,4,1,1,0,22.59,10.37,1
4967,31.0,Female,Desktop,14.18,6,7,6,0,0,0,14.5,82.08,1
4968,23.0,Female,Mobile,14.34,15,9,8,1,1,1,10.92,36.44,0
4969,52.0,Female,Mobile,20.42,3,12,4,1,0,1,24.85,32.53,1
4970,31.0,Female,Mobile,8.38,9,7,8,1,1,0,11.18,1.82,1
4971,25.0,Male,Mobile,22.8,11,11,4,1,1,0,29.26,72.59,1
4972,32.0,Male,Mobile,5.44,14,13,3,1,1,0,4.87,27.41,1
4973,44.0,Male,Desktop,12.48,9,14,5,1,0,0,17.88,43.59,1
4974,30.0,Female,Desktop,20.02,10,13,7,1,1,0,28.01,89.98,1
4975,48.0,Male,Mobile,25.02,15,6,3,1,1,0,14.3,12.53,1
4976,52.0,Male,Mobile,23.95,18,2,4,1,0,1,14.94,3.8,1
4977,23.0,Male,Mobile,21.93,19,12,9,0,0,0,30.57,56.05,1
4978,22.0,Female,Mobile,11.41,7,13,0,0,1,0,14.2,69.99,1
4979,39.0,Male,Desktop,4.55,19,14,9,1,0,0,3.69,52.82,1
4980,40.0,Female,Desktop,7.29,5,11,0,1,1,1,5.87,33.96,1
4981,42.0,Male,Tablet,26.08,18,13,7,0,1,1,21.44,36.14,1
4982,51.0,Male,Mobile,25.86,1,10,6,1,0,1,35.2,14.96,1
4983,43.0,Male,Mobile,28.6,12,3,4,0,1,1,21.17,31.17,1
4984,22.0,Female,Desktop,3.2,6,0,8,0,0,0,3.68,75.89,1
4985,43.0,Female,Desktop,16.57,13,8,0,0,1,0,22.11,49.91,1
4986,37.0,Female,Desktop,19.81,17,13,2,0,1,0,17.58,89.08,0
4987,23.0,Female,Mobile,21.61,9,9,5,1,1,0,12.13,16.8,1
4988,23.0,Female,Mobile,19.67,1,9,0,0,1,1,24.76,44.24,1
4989,35.0,Male,Mobile,23.33,12,1,5,1,0,1,12.13,70.16,1
4990,21.0,Male,Mobile,11.42,1,9,1,1,0,0,15.2,27.23,1
4991,34.0,Female,Mobile,6.2,4,6,9,1,1,1,14.3,26.68,1
4992,31.0,Female,Desktop,6.93,7,7,4,0,0,1,9.02,10.56,1
4993,31.0,Male,Mobile,1.35,5,13,9,0,0,0,1.41,89.29,1
4994,30.0,Female,Mobile,11.16,5,3,1,0,1,1,9.59,17.25,1
4995,24.0,Male,Desktop,3.66,7,10,0,1,1,0,5.12,97.01,1
4996,32.0,Female,Mobile,10.32,17,10,3,1,1,1,13.08,44.88,1
4997,36.0,Male,Desktop,19.22,12,14,1,0,0,0,11.16,98.18,1
4998,52.0,Female,Mobile,26.94,15,9,8,1,1,0,38.54,4.04,1
4999,34.0,Female,Mobile,25.35,3,0,2,0,1,0,24.51,56.71,1
5000,52.0,Male,Tablet,8.33,17,4,8,0,1,0,5.41,69.08,1
5001,36.0,Male,Tablet,4.89,14,9,3,1,0,0,6.22,51.63,1
0,37.0,Female,Mobile,6.6,0,9,9,1,0,1,6.72,57.01,1
5003,53.0,Female,Desktop,29.16,15,5,6,0,0,0,34.2,53.84,1
5004,52.0,Male,Mobile,16.93,15,6,6,0,0,0,20.22,14.95,1
5005,49.0,Female,Mobile,6.29,19,0,5,1,0,1,4.39,53.19,1
5006,57.0,Male,Mobile,25.38,11,12,7,1,0,1,37.33,54.17,1
5007,41.0,Male,Mobile,12.46,0,3,5,1,1,1,7.55,35.56,1
5008,34.0,Female,Desktop,27.08,10,11,8,1,1,1,29.94,60.75,1
5009,24.0,Male,Desktop,8.56,9,4,4,0,0,0,5.53,41.19,1
5010,18.0,Unknown,Tablet,12.4,3,4,2,0,0,0,17.08,75.52,1
5011,52.0,Female,Desktop,15.64,1,6,4,0,0,1,10.53,3.82,1
5012,49.0,Male,Mobile,26.89,11,3,3,0,0,1,25.3,1.0,1
5013,53.0,Male,Desktop,26.19,16,9,2,0,1,1,15.37,52.39,1
5014,30.0,Male,Tablet,17.66,3,6,0,0,1,0,16.74,98.92,1
5015,23.0,Male,Desktop,7.43,9,7,7,0,0,0,3.75,44.55,1
5016,31.0,Female,Desktop,12.7,11,1,3,0,1,1,11.98,1.19,1
5017,54.0,Male,Tablet,29.29,17,13,2,1,1,0,34.79,31.71,1
5018,32.0,Female,Mobile,18.63,1,0,3,1,0,0,12.72,46.73,1
5019,21.0,Male,Unknown,23.65,9,12,0,0,0,0,24.9,90.11,1
5020,57.0,Female,Desktop,14.05,3,9,5,1,0,1,13.69,12.13,1
5021,33.0,Male,Tablet,16.43,10,9,2,0,1,0,13.72,92.44,1
5022,45.0,Female,Mobile,13.44,5,0,7,0,0,1,15.74,94.02,1
5023,33.0,Male,Mobile,21.38,11,12,9,1,0,1,31.97,64.1,1
5024,21.0,Male,Desktop,25.69,5,0,4,0,1,1,36.94,22.52,1
5025,43.0,Male,Mobile,15.71,0,8,8,1,0,0,23.1,53.67,1
5026,45.0,Male,Desktop,14.95,14,3,8,0,1,0,7.78,81.67,1
5027,49.0,Female,Mobile,10.87,12,8,1,0,0,0,8.22,35.8,1
5028,19.0,Female,Mobile,6.14,19,6,4,1,1,1,14.3,90.53,1
5029,48.0,Male,Mobile,28.24,9,14,6,1,1,1,15.48,8.69,1
0,20.0,Female,Mobile,15.74,7,6,6,0,0,1,8.8,30.72,1
5031,25.0,Male,Mobile,24.22,16,12,9,1,0,1,27.91,99.32,1
5032,41.0,Male,Mobile,15.74,7,1,2,1,0,1,32.25,58.39,1
5033,32.0,Female,Mobile,23.94,14,1,6,1,0,1,18.57,59.03,1
5034,48.0,Female,Mobile,28.17,8,11,6,1,0,1,35.61,23.99,1
5035,26.0,Female,Mobile,19.08,18,4,3,1,1,1,22.14,85.76,1
5036,56.0,Male,Mobile,27.04,3,14,6,0,0,0,30.11,42.91,1
5037,19.0,Male,Mobile,5.86,2,9,7,0,0,1,7.28,79.35,1
5038,25.0,Female,Desktop,19.17,5,0,2,1,0,1,14.45,81.07,1
5039,24.0,Male,Mobile,23.4,8,6,1,0,1,1,19.63,17.49,1
5040,56.0,Female,Mobile,8.88,19,14,8,0,0,0,9.42,50.18,1
5041,59.0,Female,Desktop,22.48,9,10,6,1,1,0,21.11,38.4,1
5042,33.0,Female,Mobile,23.58,2,6,0,1,1,1,28.81,15.48,1
5043,52.0,Female,Tablet,25.1,15,10,9,1,0,0,32.65,12.34,1
5044,47.0,Female,Desktop,10.07,8,7,9,0,0,1,10.35,4.58,1
5045,27.0,Female,Mobile,20.77,10,6,8,0,1,0,18.57,70.2,1
5046,55.0,Male,Mobile,9.82,0,7,4,0,1,0,13.86,78.22,1
5047,35.0,Male,Mobile,22.43,19,14,1,1,1,1,28.03,47.14,1
5048,22.0,Female,Mobile,14.43,1,14,6,1,1,0,16.93,56.39,1
5049,46.0,Female,Mobile,18.33,2,2,8,0,1,1,10.22,26.2,1
5050,56.0,Female,Mobile,13.06,0,2,2,1,0,1,13.42,71.48,1
5051,51.0,Male,Desktop,5.7,14,7,3,1,1,0,3.54,58.4,1
5052,40.0,Female,Mobile,6.16,15,8,8,1,1,0,7.15,88.23,1
5053,22.0,Female,Mobile,3.25,14,9,1,0,1,1,2.6,74.61,1
5054,47.0,Female,Desktop,18.92,8,0,3,1,1,1,23.43,1.89,1
5055,23.0,Male,Mobile,25.61,18,7,4,0,1,1,32.73,80.98,1
5056,21.0,Female,Mobile,1.6,17,0,3,1,0,1,1.28,2.71,1
5057,46.0,Male,Mobile,2.92,7,1,6,1,0,0,4.31,81.38,1
5058,40.0,Male,Mobile,14.27,1,12,5,1,1,0,14.51,98.73,1
5059,23.0,Female,Tablet,22.39,9,9,8,0,0,1,16.07,48.09,1
5060,49.0,Male,Mobile,5.57,9,9,3,1,1,1,7.1,22.69,1
5061,59.0,Male,Mobile,8.88,11,9,8,1,0,1,11.2,0.96,1
5062,35.0,Male,Mobile,7.73,19,8,0,0,0,1,7.06,15.03,1
5063,32.0,Female,Mobile,12.57,6,1,5,1,0,0,14.56,50.38,1
5064,57.0,Male,Mobile,7.52,7,14,6,0,0,1,3.92,80.66,1
5065,49.0,Female,Desktop,11.23,15,1,8,1,1,1,8.89,87.15,1
5066,26.0,Female,Tablet,22.13,6,7,0,0,0,0,30.57,68.36,1
5067,54.0,Female,Mobile,18.72,9,4,0,0,1,0,13.71,8.68,1
5068,27.0,Male,Mobile,3.35,15,4,1,0,0,1,4.71,99.13,1
5069,37.0,Female,Desktop,19.49,6,10,5,1,0,0,21.05,74.71,1
5070,23.0,Male,Mobile,14.84,7,5,2,1,0,1,20.82,42.65,1
5071,20.0,Male,Mobile,28.1,17,7,5,0,1,0,17.73,81.37,1
5072,59.0,Male,Mobile,9.39,6,7,1,0,0,1,9.05,58.86,1
5073,28.0,Male,Mobile,22.06,9,8,9,0,0,1,17.57,60.28,1
5074,34.0,Female,Mobile,22.19,3,9,5,0,0,1,30.78,97.13,1
5075,49.0,Female,Desktop,7.42,14,10,6,0,1,0,6.24,80.11,1
5076,21.0,Male,Desktop,27.19,6,2,5,0,0,0,29.6,26.22,1
5077,21.0,Female,Mobile,15.24,4,8,1,0,0,0,20.23,17.52,1
5078,34.0,Female,Mobile,20.69,16,13,4,1,1,1,15.08,17.23,1
5079,58.0,Female,Tablet,5.23,16,10,9,1,0,0,2.85,45.45,1
5080,36.0,Male,Mobile,8.48,9,2,5,0,0,1,8.43,38.86,1
5081,22.0,Female,Desktop,18.0,4,0,7,1,1,1,21.31,45.28,1
5082,49.0,Male,Mobile,10.25,8,11,8,0,0,1,12.5,6.27,1
5083,39.0,Female,Mobile,15.49,8,10,4,1,1,0,14.21,20.21,1
5084,23.0,Male,Mobile,15.74,6,4,6,1,1,0,6.86,49.5,1
5085,52.0,Male,Desktop,19.58,8,6,3,0,1,0,17.68,75.76,1
5086,39.0,Male,Mobile,15.13,0,2,9,1,0,0,9.41,39.33,1
5087,18.0,Female,Mobile,1.13,14,8,4,1,1,0,0.65,39.05,1
5088,37.0,Male,Mobile,19.84,14,0,0,1,1,0,15.94,88.38,1
5089,39.0,Female,Desktop,13.24,18,5,2,1,0,1,16.91,18.19,1
5090,28.0,Male,Tablet,10.91,13,14,1,0,0,1,13.84,35.72,1
5091,30.0,Unknown,Tablet,3.73,15,11,5,0,0,0,4.13,76.35,1
5092,59.0,Male,Tablet,7.39,3,11,8,1,1,1,9.8,57.46,1
5093,20.0,Female,Mobile,7.49,6,5,9,1,1,0,7.5,49.5,1
5094,26.0,Male,Mobile,28.13,17,13,2,0,1,1,20.91,1.18,1
5095,29.0,Male,Mobile,13.54,16,12,1,1,0,0,14.49,1.91,1
5096,40.0,Male,Mobile,2.22,6,7,1,0,1,0,3.16,65.6,1
5097,31.0,Female,Desktop,5.03,8,14,5,1,1,0,2.7,62.25,1
5098,50.0,Male,Desktop,3.29,13,12,9,1,0,1,4.82,4.45,1
5099,35.0,Unknown,Mobile,18.08,13,2,5,1,1,0,22.5,13.2,1
5100,58.0,Male,Desktop,6.41,17,11,4,0,0,1,7.6,72.26,1
0,26.0,Male,Tablet,15.46,3,4,8,1,0,0,17.22,30.96,1
5102,40.0,Female,Mobile,11.73,13,10,6,0,1,1,8.89,99.17,1
5103,27.0,Male,Mobile,24.31,7,9,6,0,1,0,33.69,31.25,1
5104,36.0,Male,Unknown,10.29,5,10,0,0,1,1,15.14,33.57,1
5105,22.0,Female,Mobile,14.29,11,14,9,0,1,1,20.35,41.95,1
5106,40.0,Female,Mobile,21.92,0,4,9,1,0,1,13.35,82.77,1
5107,47.0,Female,Mobile,13.57,4,7,1,0,0,0,16.78,55.73,1
5108,42.0,Male,Mobile,24.0,7,6,2,0,1,0,25.36,85.72,1
5109,45.0,Female,Tablet,20.19,4,2,4,0,0,1,14.3,42.72,1
5110,51.0,Female,Mobile,12.91,10,14,3,0,0,0,11.0,60.83,1
5111,42.0,Female,Mobile,15.62,1,6,7,1,1,0,22.76,0.46,1
5112,27.0,Male,Tablet,29.05,17,9,3,0,0,0,23.61,57.55,1
5113,31.0,Male,Mobile,20.19,5,7,5,0,1,0,24.99,8.05,1
5114,59.0,Male,Mobile,27.24,17,4,8,0,1,1,27.34,19.3,1
5115,47.0,Female,Desktop,6.18,3,10,1,0,0,1,6.9,99.75,1
5116,58.0,Male,Mobile,15.01,9,4,7,1,1,1,9.24,63.72,1
5117,42.0,Female,Desktop,27.35,3,13,4,0,0,1,30.38,86.93,1
5118,31.0,Female,Mobile,10.36,3,13,9,1,0,1,11.02,5.73,1
5119,52.0,Female,Mobile,29.06,9,10,5,0,0,1,35.42,38.46,1
5120,39.0,Male,Mobile,3.82,5,0,2,1,0,1,3.01,86.24,1
5121,27.0,Female,Mobile,27.18,10,12,7,0,1,0,36.21,41.08,1
5122,52.0,Female,Desktop,13.91,15,7,0,0,1,1,20.1,25.36,1
5123,28.0,Male,Desktop,3.14,12,12,0,0,0,1,4.34,48.1,1
5124,28.0,Female,Tablet,26.51,6,5,0,0,0,1,23.63,47.09,1
5125,38.0,Female,Desktop,8.31,7,5,7,1,1,0,10.49,99.07,1
5126,38.0,Female,Mobile,1.65,7,14,1,0,1,0,1.43,35.45,1
5127,39.0,Male,Desktop,4.94,4,4,4,1,0,1,6.73,95.73,1
5128,24.0,Female,Desktop,20.11,13,4,1,0,1,1,17.6,91.2,1
5129,34.0,Male,Desktop,29.36,15,13,3,0,0,0,20.14,44.95,1
5130,19.0,Male,Desktop,4.23,18,2,8,1,1,0,4.18,94.5,1
5131,29.0,Female,Mobile,14.4,18,11,1,0,0,1,9.15,72.89,1
5132,59.0,Female,Mobile,6.24,7,14,3,1,1,1,6.78,88.5,1
5133,35.0,Female,Desktop,22.61,10,2,9,0,1,1,24.34,89.18,1
5134,28.0,Female,Mobile,4.42,16,1,4,0,1,1,4.38,8.55,1
5135,33.0,Male,Mobile,7.96,8,8,9,1,0,0,8.79,89.68,1
5136,35.0,Male,Desktop,6.7,19,7,9,0,0,1,9.88,48.96,1
0,52.0,Female,Mobile,17.02,11,10,4,1,0,1,15.03,63.7,1
5138,43.0,Male,Mobile,26.32,6,2,4,0,1,0,24.29,30.05,1
5139,33.0,Female,Mobile,15.82,10,4,9,0,0,1,12.25,64.55,1
5140,23.0,Female,Desktop,2.69,19,14,9,1,1,0,1.84,2.71,1
5141,59.0,Female,Mobile,17.34,14,9,1,0,0,0,13.68,37.12,1
5142,29.0,Female,Desktop,24.13,6,14,7,0,0,0,17.2,62.86,1
5143,30.0,Male,Mobile,4.83,4,4,4,1,0,1,4.5,19.69,1
5144,21.0,Male,Mobile,3.11,15,7,5,1,1,0,2.28,67.26,1
5145,56.0,Female,Mobile,15.74,5,5,7,0,0,0,6.56,82.89,1
5146,19.0,Female,Desktop,22.64,16,6,7,0,0,1,17.8,3.73,1
5147,43.0,Male,Mobile,18.16,7,4,9,0,1,1,16.79,49.5,1
5148,44.0,Male,Tablet,16.68,2,11,6,1,1,1,10.5,58.06,1
5149,44.0,Male,Tablet,8.23,13,0,7,0,1,1,5.46,78.21,1
5150,32.0,Female,Desktop,10.63,2,7,9,0,0,1,11.84,69.75,1
5151,25.0,Male,Tablet,29.01,9,3,6,0,1,1,30.91,45.46,1
5152,24.0,Female,Mobile,7.98,5,4,9,1,1,1,5.36,35.45,1
5153,57.0,Female,Mobile,27.15,3,0,5,0,0,1,21.58,98.56,1
5154,29.0,Male,Desktop,17.84,2,2,4,0,1,1,12.87,50.18,1
5155,30.0,Female,Desktop,4.58,14,14,4,0,1,1,5.94,40.79,1
5156,34.0,Male,Desktop,15.74,8,1,7,0,0,0,12.58,99.3,1
5157,34.0,Female,Desktop,28.51,12,11,0,0,1,1,25.83,49.5,1
5158,53.0,Female,Tablet,13.14,17,1,1,1,0,0,15.31,18.61,1
5159,38.0,Female,Mobile,26.04,16,12,0,1,1,0,21.5,97.65,1
5160,25.0,Female,Desktop,8.44,6,0,9,1,1,1,14.3,65.77,1
5161,22.0,Unknown,Desktop,17.56,6,5,6,0,0,1,22.79,51.97,1
5162,43.0,Female,Desktop,25.47,18,14,8,1,0,1,32.97,6.78,1
5163,33.0,Male,Mobile,27.7,2,14,6,0,0,1,30.6,35.59,1
5164,53.0,Male,Desktop,15.09,8,7,8,1,1,0,15.98,43.33,1
5165,45.0,Female,Tablet,19.55,14,2,3,0,0,1,13.31,51.14,1
5166,46.0,Male,Mobile,1.09,2,0,6,0,1,0,1.06,43.66,1
5167,29.0,Female,Desktop,8.34,17,13,9,1,0,0,6.46,43.81,1
0,54.0,Male,Mobile,9.08,16,9,9,0,1,1,11.17,99.48,1
5169,47.0,Male,Tablet,3.71,18,1,6,1,1,1,4.18,97.4,1
5170,40.0,Female,Mobile,9.11,6,2,9,1,0,0,8.0,8.62,1
5171,33.0,Male,Mobile,10.31,17,5,9,0,1,1,10.67,16.86,1
5172,31.0,Female,Mobile,29.09,18,13,1,0,1,1,26.79,94.16,1
5173,27.0,Male,Unknown,15.74,14,2,1,0,1,1,13.18,31.9,1
5174,24.0,Female,Mobile,13.35,10,8,7,1,0,1,17.1,61.15,1
5175,54.0,Male,Desktop,29.65,4,11,1,0,0,1,41.46,79.79,1
5176,46.0,Female,Tablet,5.44,18,0,0,0,1,1,7.78,47.09,1
5177,20.0,Male,Desktop,14.81,11,6,0,0,1,1,19.09,1.66,1
5178,32.0,Female,Mobile,19.76,16,9,0,0,0,0,26.12,82.81,1
5179,53.0,Male,Tablet,2.61,4,7,5,1,0,1,1.45,75.62,1
5180,36.0,Female,Desktop,21.79,19,8,4,1,0,0,27.93,4.14,1
5181,30.0,Male,Mobile,3.9,6,7,6,1,1,0,3.13,89.74,1
5182,59.0,Female,Mobile,5.07,8,4,2,1,1,1,3.23,85.7,1
5183,38.0,Male,Mobile,5.63,18,0,4,0,1,1,5.75,27.5,1
5184,54.0,Female,Desktop,27.94,19,14,1,0,0,1,29.91,8.01,1
5185,44.0,Female,Mobile,20.81,18,0,8,1,0,0,20.49,40.32,1
5186,46.0,Unknown,Mobile,20.01,16,13,8,1,1,0,23.07,87.49,1
5187,37.0,Female,Desktop,17.11,7,14,3,1,0,1,20.78,48.24,1
5188,42.0,Male,Unknown,9.49,17,7,1,0,1,1,6.05,28.16,1
5189,23.0,Male,Desktop,19.01,3,6,9,1,0,1,21.23,23.18,1
5190,53.0,Male,Desktop,12.89,15,4,7,0,0,1,7.15,35.5,1
5191,19.0,Female,Mobile,5.22,4,9,3,0,1,0,4.95,99.39,1
5192,39.0,Female,Desktop,21.0,16,2,4,1,1,0,12.6,87.84,1
5193,49.0,Female,Mobile,4.76,14,8,3,1,1,0,4.52,54.7,1
5194,33.0,Female,Mobile,6.53,17,3,1,1,0,0,4.41,80.84,1
5195,35.0,Female,Desktop,24.71,9,13,5,1,0,0,30.5,31.63,1
5196,22.0,Male,Mobile,20.14,7,5,0,1,0,1,28.19,61.52,1
5197,53.0,Male,Tablet,19.3,14,10,7,1,0,0,12.92,87.28,1
5198,47.0,Male,Mobile,13.13,12,3,0,0,0,1,16.24,36.77,1
5199,36.0,Female,Mobile,12.49,17,8,4,1,0,0,8.07,80.04,1
5200,40.0,Female,Tablet,21.02,9,3,8,1,1,0,19.63,61.43,1
5201,51.0,Female,Mobile,22.46,12,13,0,0,0,1,25.28,61.54,1
5202,30.0,Female,Desktop,15.8,12,7,9,0,0,0,16.4,4.11,1
5203,46.0,Unknown,Mobile,29.11,8,10,6,0,0,1,16.22,89.93,0
5204,53.0,Female,Desktop,28.72,10,11,6,1,0,1,24.78,77.61,1
5205,39.0,Female,Mobile,12.96,12,11,4,0,0,1,12.57,3.65,0
5206,53.0,Male,Mobile,24.8,5,2,3,0,1,1,22.11,61.07,1
5207,26.0,Male,Mobile,16.75,1,7,8,1,0,0,19.52,74.59,1
5208,56.0,Female,Mobile,15.84,9,14,4,1,1,0,21.99,79.51,1
5209,36.0,Female,Desktop,2.59,15,0,0,0,1,1,3.02,8.85,1
5210,55.0,Female,Mobile,17.65,2,2,8,1,0,1,19.24,63.99,1
5211,23.0,Male,Mobile,27.12,4,13,4,1,0,0,17.6,23.3,1
5212,32.0,Male,Mobile,23.62,4,10,8,1,1,0,20.05,45.14,1
5213,37.0,Female,Desktop,23.8,3,4,7,0,0,1,24.95,52.65,1
5214,26.0,Male,Desktop,5.64,16,0,9,1,0,1,8.09,2.73,1
5215,49.0,Male,Mobile,11.4,8,5,6,1,0,1,9.17,29.95,1
5216,21.0,Male,Mobile,7.76,7,14,5,0,0,1,6.5,79.74,1
5217,35.0,Female,Mobile,10.16,12,10,8,0,0,0,11.07,84.23,1
5218,22.0,Male,Desktop,17.81,12,1,3,0,1,1,24.93,33.0,1
5219,37.0,Male,Mobile,11.58,4,11,4,0,1,0,12.08,44.18,1
5220,40.0,Female,Mobile,17.26,15,2,0,1,1,1,11.64,83.12,1
5221,28.0,Female,Desktop,15.74,6,10,6,1,1,1,7.9,20.08,1
5222,54.0,Male,Tablet,9.31,3,0,5,1,1,0,12.93,73.1,1
5223,39.0,Female,Mobile,3.77,7,10,6,1,0,0,4.41,40.73,1
5224,21.0,Male,Desktop,26.86,6,5,0,1,0,0,19.35,98.71,1
5225,46.0,Male,Mobile,1.33,1,4,6,1,0,0,1.63,60.18,1
5226,51.0,Female,Tablet,1.05,0,9,6,1,1,1,1.28,14.81,1
5227,30.0,Female,Mobile,24.98,1,1,7,0,0,1,31.78,17.19,1
5228,59.0,Male,Mobile,29.91,16,14,1,1,0,1,41.64,2.73,1
5229,26.0,Female,Desktop,22.09,3,10,0,1,1,1,14.4,71.48,1
5230,59.0,Female,Mobile,1.44,2,7,0,0,1,0,2.1,44.33,1
5231,48.0,Male,Mobile,7.57,6,8,7,1,1,1,11.34,1.1,1
5232,24.0,Male,Mobile,29.18,8,13,0,0,0,0,15.01,10.14,1
5233,21.0,Male,Desktop,24.45,7,0,8,0,1,1,14.46,28.94,1
5234,36.0,Male,Mobile,17.44,0,2,1,1,1,1,16.29,42.41,1
5235,59.0,Male,Desktop,7.87,19,11,3,0,1,0,4.21,93.84,1
5236,47.0,Male,Mobile,1.42,18,5,7,1,0,1,1.75,54.13,1
5237,48.0,Female,Mobile,1.6,3,5,5,0,1,1,1.84,89.42,1
5238,52.0,Female,Mobile,18.75,11,13,1,0,1,0,23.92,25.05,1
5239,38.0,Male,Mobile,1.63,11,9,0,1,1,0,2.44,33.22,1
5240,48.0,Female,Desktop,29.82,3,5,1,1,0,0,42.74,88.08,1
5241,36.0,Female,Desktop,6.32,1,7,6,0,1,1,5.06,49.14,1
5242,48.0,Male,Mobile,21.61,10,11,8,0,1,0,19.37,59.02,1
5243,49.0,Female,Mobile,5.5,2,4,7,1,0,0,7.02,57.42,1
5244,19.0,Female,Desktop,16.66,17,9,1,1,0,1,14.8,64.54,1
5245,27.0,Male,Desktop,3.34,9,9,2,0,1,0,4.0,58.9,1
5246,19.0,Female,Desktop,23.24,18,12,7,1,0,1,14.3,69.44,1
5247,19.0,Female,Desktop,17.96,9,7,3,0,0,0,16.27,14.73,1
5248,41.0,Male,Mobile,3.5,11,11,5,1,0,1,3.71,71.06,1
5249,34.0,Unknown,Desktop,25.61,17,2,1,1,1,0,34.35,15.06,1
5250,49.0,Female,Mobile,16.86,14,6,0,0,1,0,16.48,34.04,1
5251,33.0,Female,Mobile,27.73,18,0,5,1,0,0,21.88,83.13,1
5252,33.0,Male,Desktop,27.58,18,3,7,0,0,0,20.91,60.78,1
5253,56.0,Male,Unknown,27.69,12,4,4,0,0,1,15.84,96.72,1
5254,48.0,Female,Desktop,3.26,18,6,0,0,0,0,2.71,25.23,1
5255,41.0,Female,Mobile,4.51,8,13,9,0,1,1,5.35,92.07,1
5256,18.0,Male,Mobile,29.64,8,5,1,1,0,0,16.56,64.19,1
5257,28.0,Male,Mobile,15.14,8,12,2,1,1,1,11.72,36.92,1
5258,38.0,Female,Desktop,7.91,15,5,1,0,0,0,4.84,49.5,1
5259,21.0,Male,Mobile,23.32,0,12,8,1,1,0,21.09,95.49,1
5260,24.0,Female,Desktop,8.66,14,14,9,1,1,0,5.14,77.96,1
5261,43.0,Female,Mobile,22.09,13,1,1,1,1,0,27.53,0.65,1
5262,29.0,Male,Desktop,25.28,8,10,2,1,1,1,36.1,49.5,1
5263,48.0,Male,Tablet,23.74,17,1,8,1,1,1,16.44,12.62,1
5264,34.0,Female,Mobile,8.95,19,1,2,1,1,1,6.72,85.07,1
5265,50.0,Female,Mobile,12.65,6,9,7,0,1,0,8.35,75.02,1
0,28.0,Male,Desktop,12.98,17,12,7,1,0,1,8.92,63.98,1
5267,45.0,Female,Mobile,15.25,4,11,2,1,1,1,12.38,69.45,1
5268,49.0,Male,Desktop,5.85,7,7,9,0,0,1,4.57,49.5,1
5269,18.0,Male,Desktop,14.12,17,6,9,0,0,1,12.5,34.79,1
5270,45.0,Male,Mobile,15.81,18,0,2,0,0,1,16.2,72.04,1
5271,59.0,Male,Desktop,16.42,0,8,7,1,0,0,20.16,93.51,1
5272,24.0,Male,Mobile,24.78,10,10,2,0,0,1,34.31,74.97,1
5273,19.0,Female,Tablet,16.0,18,10,3,0,0,1,15.35,86.73,1
5274,59.0,Male,Mobile,7.69,7,7,4,1,0,1,10.84,23.72,1
5275,41.0,Male,Desktop,15.74,14,12,6,0,1,1,23.87,34.93,1
5276,21.0,Male,Mobile,24.12,14,8,0,1,0,1,29.64,50.77,1
5277,36.0,Male,Mobile,10.26,10,3,7,1,0,0,10.49,47.15,1
5278,43.0,Male,Mobile,19.71,9,4,2,1,0,1,20.17,46.6,1
5279,28.0,Male,Desktop,5.26,10,10,6,1,0,0,5.43,64.06,1
5280,57.0,Male,Mobile,10.92,2,4,9,1,0,0,10.83,85.54,1
5281,28.0,Female,Desktop,27.37,3,10,2,1,0,0,26.24,88.72,1
5282,20.0,Female,Mobile,27.43,16,8,8,1,1,0,34.96,15.05,1
5283,29.0,Female,Desktop,17.68,10,14,9,1,0,0,15.69,9.02,1
5284,20.0,Female,Desktop,21.37,11,7,4,0,0,1,15.1,31.12,1
5285,59.0,Male,Mobile,25.77,10,12,2,0,0,1,16.38,73.72,1
5286,44.0,Female,Mobile,28.8,12,9,2,1,0,0,39.73,79.35,1
5287,19.0,Male,Mobile,15.21,14,5,3,1,0,0,20.73,38.33,1
5288,33.0,Female,Mobile,17.29,9,14,4,1,1,0,12.86,31.04,1
5289,19.0,Female,Mobile,13.05,13,10,4,1,0,0,8.07,13.05,1
5290,47.0,Male,Desktop,3.09,6,9,7,1,0,1,4.51,23.82,1
5291,37.0,Male,Mobile,13.26,11,10,9,0,1,1,13.02,10.08,1
5292,55.0,Female,Desktop,23.93,1,14,5,0,0,0,14.2,30.39,1
5293,45.0,Female,Tablet,24.34,15,9,4,1,1,1,17.41,67.61,1
5294,42.0,Female,Mobile,26.88,7,0,1,0,1,0,32.36,12.9,1
5295,49.0,Female,Desktop,2.49,11,14,4,0,1,1,1.45,32.13,1
5296,27.0,Male,Mobile,15.74,17,6,6,1,0,0,15.2,52.86,1
5297,59.0,Female,Desktop,4.12,5,8,2,0,0,1,3.82,32.71,1
5298,57.0,Female,Mobile,6.82,9,0,6,1,1,1,8.09,43.96,1
5299,50.0,Female,Desktop,27.11,16,3,0,0,1,0,18.96,49.69,1
5300,30.0,Female,Tablet,15.41,11,3,5,1,0,0,22.86,77.5,1
0,58.0,Female,Mobile,23.0,17,4,0,1,0,1,15.07,84.31,1
5302,59.0,Male,Desktop,2.87,6,14,6,1,1,0,3.15,19.24,1
5303,54.0,Male,Mobile,13.09,15,7,5,0,1,0,10.84,36.93,1
5304,33.0,Male,Mobile,20.55,3,10,9,0,0,1,13.01,57.52,1
5305,39.0,Male,Desktop,4.87,9,4,0,1,1,0,5.06,49.94,1
5306,37.0,Male,Mobile,10.45,12,3,8,1,0,0,7.0,8.04,1
5307,44.0,Female,Desktop,2.87,19,7,4,0,1,1,3.39,34.5,1
5308,58.0,Male,Mobile,19.89,18,10,6,0,1,0,10.59,22.75,1
5309,33.0,Male,Desktop,29.16,16,4,0,1,1,1,29.46,41.73,1
5310,51.0,Female,Mobile,24.98,8,7,7,1,0,1,17.96,33.8,1
5311,49.0,Male,Mobile,29.26,19,0,7,0,0,0,42.43,69.54,1
5312,43.0,Male,Mobile,25.52,5,2,8,0,0,0,30.89,40.14,1
5313,42.0,Male,Mobile,25.8,12,6,1,0,0,0,32.39,24.15,1
5314,19.0,Male,Mobile,17.74,6,11,5,0,1,1,21.38,61.97,1
5315,29.0,Female,Mobile,16.03,12,0,9,0,0,0,18.69,72.69,1
5316,57.0,Female,Mobile,12.78,15,0,4,1,1,1,8.15,10.83,1
5317,26.0,Male,Mobile,24.72,10,4,5,1,0,0,37.02,25.12,1
5318,29.0,Female,Mobile,6.28,17,5,4,1,1,1,7.27,20.88,1
5319,43.0,Male,Mobile,2.63,7,13,0,0,1,0,3.68,20.11,1
5320,26.0,Female,Mobile,28.49,7,11,1,1,0,1,28.6,90.2,1
5321,27.0,Female,Tablet,1.11,11,12,2,1,1,0,0.87,12.6,1
5322,49.0,Female,Mobile,29.33,2,0,6,1,1,0,27.49,87.11,1
5323,51.0,Female,Mobile,22.14,2,6,9,1,0,1,19.91,39.39,1
5324,37.0,Female,Mobile,10.53,14,8,8,0,0,1,5.43,64.08,1
5325,56.0,Female,Desktop,21.24,18,8,1,1,1,1,24.96,44.09,1
5326,19.0,Female,Mobile,24.72,16,2,9,0,0,1,30.59,59.87,1
5327,39.0,Female,Desktop,8.12,11,3,0,1,1,1,4.39,55.17,1
5328,53.0,Female,Mobile,23.36,9,14,0,0,0,1,17.43,43.29,1
5329,41.0,Female,Mobile,24.33,7,13,3,1,1,0,28.33,27.5,1
5330,44.0,Female,Desktop,8.23,4,0,8,1,0,1,6.76,93.09,1
5331,19.0,Male,Mobile,2.22,16,12,3,0,0,0,3.18,91.6,1
5332,48.0,Female,Mobile,6.92,14,3,2,0,0,1,4.24,7.11,1
5333,31.0,Male,Desktop,6.82,11,13,9,0,1,1,9.74,22.35,1
5334,19.0,Female,Desktop,2.89,8,4,7,0,0,1,4.09,57.41,1
5335,46.0,Male,Desktop,22.05,11,6,8,1,0,1,32.1,98.04,1
5336,32.0,Male,Desktop,12.02,17,4,4,1,1,1,6.94,72.74,1
5337,29.0,Male,Desktop,26.65,19,7,1,0,0,0,20.58,81.83,1
5338,54.0,Female,Desktop,8.31,10,6,3,1,1,0,6.24,31.42,1
5339,45.0,Female,Mobile,14.14,12,0,9,1,0,1,19.59,21.89,1
5340,37.0,Female,Desktop,19.53,1,11,7,1,0,0,25.53,22.6,1
5341,56.0,Female,Desktop,26.45,2,1,1,0,0,0,17.43,48.33,1
5342,41.0,Male,Mobile,16.21,18,6,8,1,1,1,10.4,85.85,1
5343,38.0,Female,Mobile,11.83,7,2,4,1,0,1,11.52,21.64,1
5344,27.0,Female,Mobile,26.14,16,1,6,0,1,1,17.6,57.03,1
5345,31.0,Female,Desktop,10.0,13,10,4,0,0,0,9.76,80.88,1
0,54.0,Female,Mobile,3.3,4,11,2,1,0,1,4.44,50.04,1
5347,35.0,Female,Tablet,13.91,10,13,1,1,1,0,13.91,41.69,1
5348,41.0,Female,Mobile,23.77,9,8,2,0,1,0,29.11,34.65,1
5349,31.0,Female,Desktop,1.89,18,11,1,1,0,1,1.42,60.04,1
5350,51.0,Female,Mobile,17.99,9,9,1,0,1,0,13.78,81.77,1
5351,29.0,Male,Desktop,18.24,10,12,1,0,1,0,19.95,99.61,1
0,39.0,Male,Desktop,27.93,8,7,1,0,0,1,37.77,86.94,1
5353,23.0,Female,Desktop,9.31,11,7,7,0,1,1,9.6,45.28,1
5354,53.0,Female,Desktop,9.09,13,2,4,1,1,1,6.35,7.92,1
5355,53.0,Female,Desktop,13.77,13,10,8,0,0,0,9.88,12.05,1
5356,39.0,Female,Mobile,11.35,16,9,4,1,0,1,12.68,2.93,1
5357,31.0,Male,Mobile,22.35,13,8,0,1,0,1,13.49,49.5,1
5358,33.0,Male,Desktop,15.74,12,7,7,1,1,0,11.09,48.16,1
5359,53.0,Female,Mobile,23.01,15,11,2,1,1,0,13.87,82.06,1
5360,42.0,Male,Mobile,24.78,16,1,9,1,0,1,22.11,8.57,1
0,49.0,Male,Unknown,27.77,8,6,9,0,1,0,23.73,22.81,1
5362,50.0,Unknown,Mobile,13.5,6,7,1,1,0,1,6.78,51.07,1
5363,53.0,Female,Mobile,29.56,8,11,5,1,0,0,19.56,84.98,1
5364,37.0,Female,Desktop,7.25,2,6,3,1,1,0,6.14,8.76,1
5365,35.0,Male,Mobile,21.72,18,8,3,0,1,0,20.2,24.34,1
5366,55.0,Male,Mobile,16.49,11,12,8,0,1,1,14.88,54.39,1
5367,20.0,Female,Mobile,24.69,17,6,9,0,1,0,20.24,32.44,1
5368,40.0,Female,Desktop,14.83,10,11,7,0,1,0,14.3,99.24,1
5369,49.0,Male,Tablet,23.73,2,6,2,1,0,0,21.74,45.21,1
5370,39.0,Male,Desktop,15.74,19,0,8,1,1,1,32.01,91.14,1
5371,22.0,Female,Mobile,22.24,2,1,0,0,1,0,29.63,94.09,1
5372,21.0,Male,Tablet,23.51,6,13,6,0,0,1,31.83,25.94,1
5373,38.0,Female,Desktop,2.95,17,4,6,0,0,1,4.0,32.65,1
5374,57.0,Female,Desktop,6.94,12,12,1,0,0,1,6.9,32.41,1
5375,31.0,Male,Desktop,29.25,5,12,6,1,0,1,33.97,43.63,1
5376,56.0,Unknown,Mobile,21.1,2,10,6,0,0,1,17.19,6.32,1
5377,48.0,Male,Mobile,17.28,9,13,8,1,1,0,23.53,80.74,1
5378,31.0,Female,Mobile,11.64,2,0,5,1,0,0,8.3,13.09,1
5379,23.0,Female,Mobile,2.29,14,11,9,0,0,1,2.95,89.37,1
5380,29.0,Female,Desktop,11.7,15,9,9,1,0,1,11.35,57.66,1
5381,33.0,Female,Desktop,15.47,2,14,8,1,1,0,12.36,48.15,1
5382,34.0,Female,Desktop,7.13,18,6,2,0,0,0,6.27,66.08,1
5383,40.0,Female,Mobile,6.02,12,4,7,1,1,1,6.55,93.31,1
5384,31.0,Male,Mobile,15.74,7,12,3,0,1,1,22.51,29.67,1
5385,24.0,Female,Mobile,17.99,16,4,0,0,1,1,10.75,27.02,1
5386,49.0,Female,Mobile,7.96,19,7,6,0,1,1,11.3,36.99,1
5387,32.0,Female,Mobile,18.03,3,8,2,1,1,0,23.72,48.68,1
5388,34.0,Female,Desktop,27.11,15,0,3,1,0,1,29.48,7.57,1
5389,58.0,Male,Mobile,14.72,15,0,2,0,1,1,9.28,68.0,1
5390,39.0,Female,Tablet,25.86,7,9,5,0,1,1,33.94,52.09,1
5391,22.0,Male,Mobile,27.89,8,3,9,1,0,0,33.21,53.99,1
5392,44.0,Male,Desktop,3.68,7,14,0,1,0,1,3.67,24.96,1
5393,40.0,Female,Mobile,3.78,3,10,9,0,1,1,5.24,84.06,1
5394,57.0,Female,Mobile,14.81,19,1,6,1,0,0,17.25,39.81,1
5395,31.0,Male,Desktop,18.05,19,13,9,1,1,1,14.23,65.23,1
5396,32.0,Male,Desktop,13.35,18,8,7,1,0,1,14.3,24.01,1
5397,50.0,Female,Mobile,10.47,7,8,2,1,1,0,13.19,81.63,1
5398,48.0,Male,Mobile,19.59,19,0,8,1,1,1,14.8,29.97,1
5399,52.0,Female,Mobile,1.06,5,2,1,0,1,1,0.83,92.17,0
5400,34.0,Female,Desktop,29.07,13,9,9,0,0,0,27.61,45.48,1
5401,45.0,Male,Tablet,7.73,2,7,9,0,0,1,9.66,14.52,1
5402,36.0,Female,Mobile,27.6,18,1,8,0,0,1,39.31,61.12,1
5403,40.0,Female,Mobile,4.16,4,1,4,0,0,1,2.98,55.66,1
5404,49.0,Female,Tablet,7.9,4,1,5,0,1,1,10.92,42.14,1
5405,57.0,Male,Mobile,7.81,8,12,1,1,0,0,8.63,81.97,1
5406,30.0,Male,Desktop,29.89,11,4,4,1,0,1,40.52,42.13,1
5407,37.0,Male,Mobile,1.13,1,13,5,0,1,0,1.52,13.62,1
5408,52.0,Female,Mobile,19.55,9,8,4,1,1,1,17.45,2.86,1
5409,22.0,Male,Mobile,26.22,6,6,3,0,0,1,30.89,89.22,1
5410,26.0,Male,Mobile,20.5,4,12,7,0,1,1,29.66,46.67,1
5411,46.0,Male,Mobile,11.52,6,6,1,0,0,1,13.51,56.3,1
5412,23.0,Female,Desktop,28.79,13,14,0,1,0,1,27.59,11.47,0
5413,42.0,Female,Desktop,26.91,9,1,1,1,0,0,14.3,48.94,1
5414,48.0,Male,Desktop,13.58,14,1,3,1,1,1,8.74,53.34,1
5415,39.0,Male,Desktop,17.63,12,4,0,1,1,1,26.42,46.53,1
5416,19.0,Male,Mobile,29.06,4,11,8,0,1,0,33.65,95.41,1
5417,22.0,Female,Mobile,29.49,8,13,0,1,1,0,22.9,57.14,1
5418,44.0,Male,Desktop,14.04,17,6,4,1,1,1,8.07,97.44,1
5419,42.0,Female,Mobile,25.57,5,6,7,1,0,0,32.06,15.33,1
5420,25.0,Female,Mobile,9.76,3,8,8,0,0,1,13.23,91.42,1
5421,18.0,Female,Mobile,11.78,4,2,8,0,1,1,10.93,55.29,1
5422,37.0,Male,Mobile,5.78,8,13,7,1,0,1,8.42,29.61,1
0,40.0,Male,Mobile,7.07,16,0,5,1,0,0,5.86,74.57,1
5424,49.0,Female,Desktop,20.05,11,8,5,1,1,1,25.18,55.63,1
5425,28.0,Female,Tablet,15.81,2,0,8,0,1,0,12.06,57.57,1
5426,56.0,Female,Desktop,7.7,8,7,1,1,1,0,6.44,17.19,1
5427,41.0,Female,Tablet,12.68,7,13,2,0,0,0,14.02,67.99,1
5428,28.0,Male,Tablet,11.82,1,14,5,0,1,1,6.34,29.41,1
5429,46.0,Male,Mobile,29.63,2,13,7,1,0,1,21.06,35.58,1
5430,43.0,Female,Mobile,25.75,13,4,6,0,1,1,17.42,90.66,1
5431,33.0,Female,Desktop,12.25,11,7,7,1,1,0,10.14,17.95,1
5432,52.0,Female,Mobile,27.5,3,6,4,1,1,0,35.13,88.66,1
5433,37.0,Male,Mobile,10.94,2,8,8,1,1,1,15.4,50.04,1
5434,20.0,Female,Mobile,20.37,16,1,5,1,1,0,10.44,17.85,1
5435,18.0,Male,Mobile,29.03,1,8,9,0,0,0,21.98,81.16,1
5436,18.0,Female,Mobile,12.32,7,9,1,1,0,0,6.47,65.25,1
5437,34.0,Male,Mobile,20.72,3,4,5,1,1,0,28.2,34.68,1
5438,19.0,Male,Mobile,9.58,16,4,3,0,1,0,6.69,30.07,1
5439,46.0,Female,Desktop,8.72,6,0,4,0,0,1,11.08,42.09,1
5440,37.0,Male,Mobile,17.65,14,5,4,1,1,1,9.41,13.62,1
5441,23.0,Male,Desktop,29.4,11,9,0,0,1,1,26.41,80.92,1
5442,25.0,Male,Mobile,14.14,19,9,9,1,0,1,12.14,27.87,1
5443,46.0,Male,Mobile,28.19,1,9,4,1,0,1,23.38,82.69,1
5444,50.0,Female,Mobile,27.52,13,9,9,1,0,0,29.45,73.13,1
5445,20.0,Female,Mobile,8.36,9,2,8,0,0,0,7.45,94.18,1
5446,52.0,Female,Desktop,12.65,11,0,7,1,0,1,11.43,9.91,1
5447,22.0,Female,Desktop,19.66,1,9,7,0,1,1,13.55,34.92,1
5448,44.0,Female,Desktop,16.02,13,2,2,0,0,1,14.65,62.39,1
5449,29.0,Male,Tablet,3.78,1,2,8,1,0,1,4.69,85.86,1
5450,37.0,Male,Mobile,15.74,3,12,8,1,0,0,24.54,49.5,1
5451,37.0,Male,Mobile,22.83,17,3,9,1,0,1,30.98,86.14,1
5452,26.0,Male,Mobile,13.69,5,8,6,0,0,0,9.12,6.7,1
5453,56.0,Female,Mobile,18.93,6,12,5,0,1,1,25.49,47.44,1
5454,21.0,Unknown,Mobile,3.54,17,7,8,1,1,0,3.95,8.44,1
5455,36.0,Male,Mobile,15.36,10,11,5,0,0,1,14.19,14.99,1
5456,55.0,Female,Mobile,27.99,11,5,2,0,1,0,14.98,49.5,0
5457,44.0,Male,Mobile,27.0,0,0,5,0,1,1,16.92,1.86,1
5458,30.0,Male,Mobile,10.78,10,7,1,1,1,0,9.86,55.54,1
5459,30.0,Female,Desktop,16.41,14,0,1,1,1,1,22.61,9.83,0
5460,39.0,Female,Desktop,21.22,13,8,6,0,1,1,30.91,81.13,1
5461,45.0,Female,Desktop,10.86,4,0,7,0,0,0,15.53,80.82,1
5462,39.0,Female,Desktop,2.88,17,10,6,1,1,0,2.23,70.28,1
5463,36.0,Female,Mobile,15.66,18,1,4,0,0,1,11.85,75.59,1
5464,25.0,Female,Mobile,18.45,11,8,3,0,0,1,22.87,59.08,1
5465,25.0,Female,Mobile,1.17,10,6,7,1,1,0,1.69,48.55,1
5466,59.0,Male,Desktop,3.77,18,9,8,1,0,0,2.39,41.01,1
5467,43.0,Female,Desktop,7.01,19,0,0,1,0,0,6.15,66.13,1
5468,43.0,Male,Mobile,11.09,9,2,0,0,1,1,14.3,38.28,1
5469,40.0,Male,Mobile,16.69,5,13,3,1,0,0,16.56,0.28,1
5470,30.0,Female,Tablet,9.52,1,0,3,0,1,1,12.78,10.07,1
5471,45.0,Male,Mobile,9.01,5,4,9,1,1,0,5.56,65.18,1
5472,26.0,Female,Desktop,26.21,3,14,2,1,0,0,33.47,36.49,1
5473,37.0,Male,Mobile,5.21,1,3,3,1,1,0,4.63,98.96,1
5474,36.0,Male,Mobile,15.37,19,7,8,1,1,1,18.34,35.39,1
5475,56.0,Male,Desktop,28.63,6,8,0,1,1,0,22.71,10.84,1
5476,29.0,Female,Desktop,19.13,10,14,1,1,1,1,22.8,32.84,1
5477,32.0,Male,Desktop,21.8,5,11,6,0,1,1,26.21,68.68,1
5478,48.0,Male,Mobile,13.51,12,3,8,1,1,1,12.42,52.83,1
5479,31.0,Male,Mobile,1.58,12,14,6,0,1,0,2.32,61.03,1
5480,28.0,Female,Desktop,19.74,17,2,0,1,0,1,9.88,11.12,1
5481,43.0,Male,Mobile,19.33,2,13,6,0,1,1,22.7,82.7,1
5482,59.0,Female,Mobile,15.74,14,3,5,0,1,0,5.92,90.24,1
5483,44.0,Male,Desktop,14.4,12,2,0,0,1,0,19.55,14.53,1
5484,28.0,Male,Mobile,27.54,13,5,0,1,0,1,29.32,62.61,1
5485,55.0,Male,Mobile,6.95,5,0,1,0,0,0,9.7,22.98,1
5486,51.0,Female,Desktop,14.37,5,1,5,1,1,1,8.74,18.23,1
5487,36.0,Male,Tablet,14.37,17,7,3,0,1,1,14.99,20.46,1
5488,23.0,Male,Mobile,24.51,5,2,3,1,1,0,36.31,52.13,1
5489,55.0,Male,Mobile,24.91,19,3,5,0,0,0,37.15,88.59,1
5490,59.0,Male,Desktop,23.02,4,11,8,0,0,1,27.14,81.86,1
5491,45.0,Female,Desktop,11.6,7,0,0,1,1,1,7.74,14.34,1
5492,18.0,Male,Desktop,3.09,17,14,1,0,0,0,1.89,50.99,1
5493,52.0,Male,Unknown,11.14,11,2,7,0,1,0,14.3,15.09,1
5494,57.0,Male,Mobile,20.71,6,0,7,0,1,0,28.59,43.8,1
5495,25.0,Male,Unknown,21.38,13,10,5,0,1,1,17.43,56.25,1
5496,24.0,Female,Desktop,28.99,12,9,5,1,0,0,41.5,81.16,1
5497,28.0,Male,Desktop,14.16,5,4,7,0,0,1,8.93,86.13,1
5498,56.0,Male,Mobile,19.34,10,0,1,1,0,1,15.37,2.77,0
5499,21.0,Female,Mobile,16.64,11,11,1,1,1,0,19.04,68.92,1
5500,42.0,Male,Mobile,5.37,9,8,0,0,1,0,3.6,41.02,1
5501,29.0,Male,Tablet,14.37,13,6,5,0,0,1,21.4,49.5,1
5502,43.0,Male,Desktop,16.8,3,10,5,1,1,0,12.14,22.18,1
5503,55.0,Female,Mobile,28.57,17,7,5,0,0,1,21.29,49.5,1
5504,29.0,Male,Mobile,11.63,18,8,1,0,0,0,11.33,83.54,1
5505,54.0,Female,Mobile,29.42,5,0,6,1,1,1,37.61,23.06,1
5506,41.0,Female,Mobile,16.73,16,7,2,1,0,1,10.38,88.03,1
5507,33.0,Female,Desktop,8.03,16,2,0,0,1,1,9.37,6.97,1
5508,30.0,Female,Desktop,6.56,11,6,0,0,1,1,3.93,40.84,1
5509,42.0,Female,Unknown,5.11,4,6,8,0,1,0,3.04,74.23,1
5510,21.0,Female,Mobile,14.14,9,13,2,0,0,1,7.66,25.67,1
5511,28.0,Female,Desktop,1.64,0,6,7,1,0,1,1.71,96.74,1
5512,49.0,Male,Mobile,13.91,12,11,9,1,0,0,13.02,63.75,1
5513,24.0,Male,Mobile,29.66,16,7,6,0,0,1,23.95,21.74,1
5514,28.0,Female,Tablet,20.43,4,3,1,1,1,0,20.98,79.36,1
5515,45.0,Female,Desktop,23.03,3,10,1,1,0,1,23.07,49.5,1
5516,58.0,Female,Desktop,4.45,4,5,3,1,0,0,4.33,24.91,1
5517,40.0,Female,Mobile,14.72,2,1,1,0,1,0,9.9,82.25,1
5518,40.0,Female,Mobile,9.3,19,6,4,1,1,1,12.99,97.73,1
5519,45.0,Female,Mobile,26.93,0,8,9,0,1,1,30.16,22.07,1
5520,43.0,Male,Mobile,6.26,2,4,6,1,1,0,3.93,23.45,1
5521,42.0,Male,Desktop,14.3,1,3,1,1,0,0,10.8,71.71,1
5522,46.0,Female,Mobile,18.05,18,1,8,0,1,1,22.83,95.07,1
5523,36.0,Female,Desktop,15.91,8,6,0,0,0,1,20.31,69.53,1
5524,50.0,Female,Mobile,25.08,8,1,1,0,0,1,30.74,50.46,1
5525,53.0,Male,Mobile,7.71,10,1,6,0,0,1,9.95,10.52,1
5526,31.0,Female,Tablet,11.94,18,8,4,0,1,0,13.11,92.44,1
5527,31.0,Male,Mobile,23.97,11,1,0,0,1,0,18.91,6.91,1
5528,52.0,Male,Mobile,16.31,1,9,3,0,0,0,13.99,21.15,1
5529,47.0,Male,Mobile,12.66,7,2,7,1,0,0,12.78,45.07,1
5530,45.0,Female,Mobile,1.85,8,2,4,1,1,1,1.38,50.06,1
5531,34.0,Female,Mobile,22.85,14,1,1,1,1,0,30.92,5.52,1
5532,20.0,Male,Mobile,29.19,19,9,8,0,0,1,36.4,8.23,1
5533,33.0,Male,Desktop,18.99,8,2,0,1,0,1,28.11,12.51,1
5534,47.0,Unknown,Desktop,25.84,19,8,0,0,1,1,23.65,3.97,1
5535,46.0,Male,Mobile,15.99,4,10,9,1,1,1,21.92,97.74,1
5536,32.0,Female,Mobile,7.72,10,14,4,0,0,1,9.87,23.79,1
5537,42.0,Male,Desktop,1.42,10,10,8,0,1,0,1.89,87.95,1
5538,55.0,Female,Mobile,19.95,4,10,5,0,1,0,14.3,78.43,1
5539,59.0,Male,Desktop,15.3,8,2,4,1,0,0,12.99,70.59,1
5540,55.0,Female,Desktop,23.68,7,4,5,1,0,1,17.62,65.79,1
5541,40.0,Male,Mobile,21.15,15,11,5,1,1,0,16.33,49.86,1
5542,42.0,Female,Desktop,29.65,8,14,8,0,1,1,31.64,56.38,1
5543,59.0,Female,Tablet,15.8,10,6,8,1,1,0,21.8,89.07,1
5544,24.0,Female,Desktop,13.39,7,0,4,1,1,0,12.71,77.75,1
5545,39.0,Male,Mobile,9.32,19,13,3,1,1,1,10.24,23.08,1
5546,34.0,Female,Mobile,14.83,3,0,0,1,1,0,18.3,10.42,1
5547,35.0,Male,Tablet,26.31,9,14,5,0,1,0,35.66,29.37,1
5548,58.0,Unknown,Mobile,2.23,0,9,6,0,1,1,2.56,13.25,1
5549,27.0,Female,Desktop,29.36,14,12,6,0,0,1,33.16,49.5,1
5550,27.0,Male,Mobile,29.81,7,1,0,1,0,1,44.35,38.27,1
5551,24.0,Female,Mobile,18.34,12,0,5,0,1,0,24.99,17.32,1
5552,55.0,Female,Desktop,10.61,1,0,7,0,0,0,13.09,62.24,1
5553,44.0,Male,Desktop,7.47,16,13,2,0,1,0,9.95,39.82,1
5554,50.0,Female,Desktop,9.02,3,13,0,1,1,1,13.53,21.8,1
5555,18.0,Female,Tablet,2.45,1,9,6,0,0,1,2.46,5.77,1
5556,51.0,Female,Mobile,14.78,6,3,0,1,0,1,17.82,9.25,1
5557,21.0,Female,Mobile,2.66,2,9,4,0,1,1,3.49,56.33,1
5558,34.0,Male,Tablet,21.84,7,11,1,0,1,1,20.62,75.03,1
5559,21.0,Female,Mobile,11.79,8,11,6,0,1,0,17.15,92.58,1
5560,43.0,Female,Desktop,6.78,13,2,0,1,0,0,5.98,58.54,1
5561,21.0,Female,Mobile,16.8,16,0,3,1,0,0,12.48,65.27,1
5562,18.0,Female,Mobile,29.24,10,2,7,1,1,1,34.42,24.2,1
5563,24.0,Female,Mobile,21.16,4,0,6,1,1,0,12.29,27.44,1
5564,47.0,Female,Mobile,15.26,13,2,6,1,1,0,9.56,41.76,1
5565,26.0,Female,Desktop,23.53,17,3,6,0,0,0,34.6,86.87,1
5566,52.0,Female,Desktop,22.39,8,10,4,1,1,1,17.5,43.53,1
5567,25.0,Male,Desktop,26.86,8,12,9,0,1,1,14.32,23.96,1
5568,41.0,Male,Mobile,6.94,7,10,2,1,1,0,6.76,91.95,1
5569,36.0,Male,Mobile,25.91,1,13,9,0,0,0,35.43,41.14,1
5570,53.0,Male,Mobile,9.73,15,13,6,0,1,0,8.11,7.95,1
5571,44.0,Female,Mobile,28.29,15,7,7,0,1,0,26.01,54.55,1
5572,49.0,Female,Mobile,9.15,19,2,6,1,0,1,6.01,62.64,1
5573,31.0,Male,Mobile,27.88,4,2,5,0,0,0,23.59,95.54,1
5574,35.0,Male,Mobile,28.95,6,12,8,1,0,1,42.42,80.66,1
5575,45.0,Male,Mobile,5.22,10,8,5,1,0,0,7.19,10.11,1
5576,46.0,Female,Mobile,29.26,12,10,4,0,1,1,36.28,51.19,1
5577,33.0,Female,Mobile,3.49,4,8,5,1,0,1,4.49,43.41,1
5578,52.0,Male,Mobile,7.34,6,5,9,0,0,1,8.58,39.34,1
5579,48.0,Male,Mobile,13.88,14,9,3,1,1,0,8.58,13.98,1
5580,21.0,Male,Tablet,29.81,13,3,5,0,0,1,18.41,37.53,1
5581,54.0,Male,Mobile,15.17,3,9,3,1,0,1,15.73,47.01,1
5582,34.0,Male,Desktop,16.96,15,4,4,0,1,0,18.58,21.89,1
5583,56.0,Female,Mobile,21.14,3,12,5,1,1,0,31.11,57.59,1
5584,43.0,Male,Desktop,29.08,5,8,0,1,1,1,27.66,22.13,1
5585,56.0,Female,Mobile,23.72,13,0,5,0,1,1,33.62,12.13,1
5586,58.0,Male,Desktop,7.5,15,6,5,1,0,0,11.18,98.4,1
5587,21.0,Male,Mobile,9.79,17,14,0,1,1,0,13.16,68.84,1
5588,47.0,Female,Desktop,3.83,6,10,6,1,1,1,3.44,59.48,1
5589,47.0,Male,Mobile,19.69,18,6,9,1,1,0,24.68,32.75,1
5590,39.0,Female,Mobile,6.24,3,9,4,0,0,0,6.52,20.83,1
5591,28.0,Female,Desktop,8.46,9,0,0,1,1,1,5.91,13.15,1
5592,19.0,Male,Mobile,26.76,8,13,4,0,0,0,16.85,6.26,1
5593,29.0,Male,Tablet,10.48,11,0,9,0,0,1,5.97,69.97,1
5594,39.0,Female,Mobile,17.43,11,14,4,1,1,0,14.4,27.62,1
5595,53.0,Female,Mobile,12.53,8,13,1,1,0,0,14.9,31.81,1
5596,35.0,Male,Desktop,3.15,1,0,0,0,1,0,4.45,16.1,1
5597,43.0,Female,Mobile,11.52,2,6,3,0,0,0,9.45,11.72,1
5598,24.0,Male,Mobile,12.83,4,3,9,1,1,0,13.23,49.5,1
5599,18.0,Female,Desktop,26.98,2,8,9,1,1,0,26.14,72.75,1
5600,43.0,Male,Desktop,10.41,2,11,7,1,1,1,6.34,99.09,1
5601,40.0,Female,Unknown,12.0,13,4,2,0,0,0,15.12,33.95,1
5602,43.0,Female,Mobile,23.7,6,2,0,0,1,1,24.16,66.38,1
5603,23.0,Male,Mobile,23.01,4,1,6,1,0,0,32.61,11.61,1
5604,23.0,Female,Unknown,24.15,15,8,8,0,0,0,32.25,55.57,1
5605,25.0,Female,Mobile,28.66,3,3,5,1,1,0,22.31,51.81,1
5606,41.0,Female,Desktop,24.07,4,6,1,0,0,0,19.56,3.21,1
5607,39.0,Female,Mobile,12.82,17,0,0,0,0,0,13.29,48.3,1
5608,36.0,Female,Mobile,24.82,6,8,0,0,1,0,15.52,49.54,1
5609,54.0,Female,Mobile,15.75,2,11,5,1,0,1,11.83,37.2,1
5610,35.0,Female,Desktop,9.05,13,8,7,0,0,1,11.96,57.35,1
5611,48.0,Male,Tablet,9.78,15,9,0,0,1,0,6.39,4.56,1
5612,54.0,Female,Desktop,7.49,5,5,0,1,1,1,14.3,84.44,1
5613,39.0,Female,Mobile,5.2,19,5,0,1,0,0,4.65,52.05,1
5614,59.0,Male,Desktop,6.35,6,13,9,0,1,1,4.45,3.21,1
5615,50.0,Female,Desktop,2.83,17,14,4,0,0,1,4.16,98.38,1
5616,27.0,Female,Mobile,26.77,1,5,6,1,0,0,35.47,38.18,1
5617,54.0,Male,Mobile,28.0,2,4,0,0,1,1,21.47,98.67,1
5618,29.0,Female,Mobile,18.02,1,10,0,0,0,0,23.16,18.03,1
5619,47.0,Female,Mobile,25.37,8,0,0,1,1,0,12.85,3.0,1
5620,44.0,Male,Desktop,6.32,4,0,9,1,1,1,4.91,49.5,1
5621,56.0,Male,Mobile,27.15,18,9,2,1,0,0,16.51,94.54,1
5622,26.0,Female,Mobile,15.68,9,0,4,1,1,1,14.49,7.76,1
5623,38.0,Female,Tablet,2.95,15,4,4,0,0,0,3.36,73.55,1
5624,29.0,Male,Desktop,5.1,16,12,8,1,0,1,3.42,6.92,1
5625,46.0,Female,Desktop,9.96,3,3,8,1,0,1,7.36,79.39,1
5626,50.0,Male,Mobile,2.26,1,7,8,1,1,1,2.02,58.13,1
5627,32.0,Male,Mobile,9.97,13,0,7,0,0,0,11.27,78.18,1
5628,19.0,Male,Mobile,2.74,14,7,8,1,0,1,2.22,37.15,1
5629,56.0,Female,Mobile,7.84,6,0,7,0,0,1,8.64,90.54,1
5630,35.0,Male,Mobile,8.7,5,7,7,1,1,0,7.39,30.27,1
5631,20.0,Male,Mobile,29.84,5,0,7,0,0,1,22.61,28.32,1
5632,24.0,Male,Mobile,7.83,4,8,7,0,1,1,10.61,96.06,1
5633,35.0,Female,Mobile,7.94,12,12,4,1,0,0,7.01,12.28,1
5634,55.0,Female,Mobile,20.92,14,8,9,0,0,1,29.67,59.26,1
5635,54.0,Female,Desktop,25.92,14,5,2,1,0,1,20.88,57.4,1
5636,50.0,Male,Desktop,12.22,11,0,3,0,1,0,12.74,23.67,1
5637,48.0,Female,Mobile,26.39,10,6,8,0,1,0,14.61,31.71,1
5638,28.0,Female,Mobile,10.86,10,6,6,0,1,0,12.82,28.66,1
5639,21.0,Male,Mobile,6.71,9,8,8,1,0,1,8.69,84.61,1
5640,35.0,Male,Mobile,10.56,2,0,6,0,0,0,15.54,38.96,1
5641,21.0,Female,Mobile,18.67,14,13,7,0,0,0,24.95,35.87,1
5642,51.0,Female,Desktop,11.65,7,14,2,0,1,0,9.47,63.67,1
5643,46.0,Male,Tablet,15.74,17,7,7,1,1,1,21.67,49.55,1
5644,41.0,Female,Desktop,7.87,8,13,3,1,1,0,8.59,42.6,1
5645,39.0,Male,Tablet,21.33,4,11,5,0,0,0,11.88,70.94,1
5646,19.0,Male,Desktop,11.08,5,12,0,0,1,0,6.35,49.5,1
5647,23.0,Female,Mobile,14.22,0,10,1,1,0,1,11.74,22.22,1
5648,59.0,Female,Tablet,17.17,7,7,6,1,0,0,21.37,74.18,1
5649,42.0,Female,Mobile,20.9,6,6,5,0,0,0,16.42,6.78,1
5650,38.0,Female,Desktop,15.74,17,11,9,1,0,1,10.88,99.97,1
5651,33.0,Male,Mobile,25.24,6,5,4,1,0,1,28.9,59.66,1
5652,48.0,Female,Mobile,21.93,19,0,6,1,1,0,21.23,21.63,1
5653,31.0,Female,Desktop,7.79,3,10,1,0,1,0,8.11,19.82,1
5654,56.0,Female,Mobile,29.27,9,9,9,0,0,1,24.34,27.37,1
5655,45.0,Male,Mobile,20.28,15,10,3,0,1,0,29.89,87.93,1
5656,49.0,Female,Mobile,14.12,8,7,4,0,0,0,9.54,49.5,1
5657,45.0,Female,Mobile,5.57,15,11,7,0,0,1,7.58,14.45,1
5658,26.0,Unknown,Tablet,16.46,1,4,5,1,1,0,19.39,60.0,1
5659,39.0,Male,Unknown,5.78,8,3,5,1,0,1,7.0,91.09,1
5660,49.0,Male,Mobile,13.46,4,4,4,0,1,1,17.98,73.31,1
5661,22.0,Male,Mobile,12.85,10,4,9,1,0,0,8.18,58.75,1
5662,40.0,Male,Desktop,21.88,16,13,0,1,1,1,26.15,20.86,1
5663,22.0,Female,Mobile,6.58,18,12,0,1,0,1,8.4,94.35,1
0,59.0,Male,Mobile,24.83,4,9,3,1,0,0,36.86,89.18,1
5665,49.0,Male,Mobile,10.46,8,2,8,0,1,0,13.05,32.12,1
5666,27.0,Male,Desktop,13.88,4,3,1,1,0,1,20.15,49.77,1
5667,56.0,Male,Mobile,23.4,10,3,5,0,0,1,31.58,8.18,1
5668,32.0,Male,Mobile,19.14,4,7,1,1,1,0,26.33,63.15,1
5669,24.0,Male,Mobile,9.93,16,4,8,1,1,0,14.07,5.44,1
5670,46.0,Male,Mobile,12.2,12,5,4,1,1,1,12.58,90.6,1
5671,20.0,Male,Mobile,9.87,10,9,8,0,0,0,11.95,88.04,1
5672,36.0,Female,Mobile,18.25,11,1,9,0,0,1,11.39,28.15,1
5673,27.0,Female,Mobile,10.65,2,8,4,1,1,0,9.12,74.2,0
5674,45.0,Female,Mobile,22.05,16,7,8,1,0,1,30.42,43.94,1
5675,46.0,Male,Mobile,17.81,19,7,1,1,1,1,26.32,84.54,1
5676,32.0,Male,Desktop,5.23,12,9,6,0,1,1,3.2,49.5,1
5677,52.0,Male,Desktop,10.0,4,4,7,0,0,0,10.86,50.57,1
5678,23.0,Female,Mobile,7.42,17,4,2,0,0,1,9.16,39.74,1
5679,29.0,Male,Mobile,12.32,12,0,0,1,0,0,12.52,26.04,1
5680,55.0,Male,Mobile,15.96,16,2,1,1,1,0,11.7,20.93,1
5681,30.0,Male,Desktop,15.7,3,12,9,0,0,1,8.5,67.65,1
5682,46.0,Female,Desktop,22.88,2,10,4,0,0,0,33.21,20.19,1
5683,36.0,Female,Mobile,6.49,7,1,8,0,1,0,4.78,63.22,1
5684,20.0,Male,Unknown,28.45,6,8,4,1,0,1,22.73,38.97,1
5685,25.0,Female,Desktop,10.94,1,14,0,1,1,1,12.5,24.26,1
5686,25.0,Male,Tablet,9.71,15,5,0,1,0,0,9.02,78.37,1
5687,37.0,Male,Mobile,20.87,12,7,1,0,1,1,19.27,36.39,1
5688,21.0,Female,Mobile,24.36,0,3,0,0,0,1,14.19,1.49,1
5689,38.0,Female,Mobile,11.98,8,4,7,1,0,1,17.87,85.11,1
5690,20.0,Female,Desktop,22.66,9,9,1,1,1,0,17.77,31.45,1
5691,25.0,Female,Desktop,26.63,1,4,7,1,0,1,16.24,82.23,1
5692,40.0,Male,Mobile,23.24,5,10,4,1,0,0,27.46,54.63,1
5693,33.0,Male,Mobile,1.99,0,9,0,1,0,1,2.49,88.13,1
5694,30.0,Female,Mobile,24.99,18,3,3,1,1,0,13.13,41.81,1
5695,20.0,Female,Mobile,23.46,8,10,1,0,0,1,18.05,16.95,1
5696,26.0,Male,Mobile,20.41,10,1,5,0,1,1,14.17,1.8,1
5697,31.0,Male,Mobile,23.04,8,13,4,0,0,0,29.69,77.85,1
5698,30.0,Male,Mobile,29.4,12,5,8,0,1,1,20.1,77.93,1
5699,24.0,Male,Desktop,13.5,16,3,0,1,1,1,9.93,19.56,1
5700,32.0,Female,Mobile,2.95,12,13,4,0,0,1,4.39,95.55,1
5701,24.0,Female,Mobile,14.37,3,10,9,0,1,1,17.27,94.91,1
5702,55.0,Female,Mobile,2.35,18,3,0,0,1,0,2.09,36.55,1
5703,51.0,Male,Desktop,9.53,5,9,8,1,1,1,11.95,14.76,1
5704,58.0,Male,Mobile,18.02,14,2,2,0,0,0,17.42,28.39,1
5705,39.0,Female,Tablet,9.98,16,7,3,0,1,0,7.11,92.93,1
5706,41.0,Female,Mobile,20.88,6,5,0,1,1,0,20.63,60.94,1
5707,54.0,Female,Unknown,24.84,16,8,1,1,0,1,31.6,91.44,1
5708,18.0,Male,Desktop,13.19,14,4,2,1,1,1,8.95,2.28,1
5709,27.0,Female,Mobile,27.1,5,5,9,0,0,0,26.71,99.09,1
5710,33.0,Male,Tablet,3.32,14,8,6,0,1,0,2.06,62.8,1
5711,25.0,Female,Mobile,25.36,11,3,6,1,0,0,34.05,18.57,0
5712,42.0,Female,Mobile,25.03,9,9,0,0,0,1,33.01,50.68,1
5713,29.0,Female,Mobile,10.34,7,6,8,0,1,0,12.13,82.01,1
5714,42.0,Male,Mobile,9.66,5,12,2,0,1,1,13.72,14.11,1
5715,34.0,Male,Desktop,9.85,15,9,2,0,1,0,8.86,60.86,1
5716,43.0,Male,Desktop,24.53,13,11,1,1,0,1,15.5,69.36,1
5717,31.0,Male,Mobile,25.12,12,9,2,0,0,0,37.07,41.28,1
5718,58.0,Male,Mobile,10.56,15,10,5,1,0,1,10.7,54.16,1
5719,53.0,Male,Mobile,18.19,0,10,9,0,0,1,17.74,83.73,1
5720,40.0,Female,Desktop,5.03,19,5,3,1,1,1,2.84,95.18,1
5721,23.0,Male,Mobile,15.74,10,5,1,0,0,0,15.62,55.42,1
5722,22.0,Female,Tablet,29.96,17,5,7,0,0,1,34.3,70.26,1
5723,42.0,Male,Mobile,5.61,16,13,0,0,1,0,5.46,32.28,1
5724,35.0,Female,Mobile,28.48,5,3,9,1,0,1,40.17,33.41,1
5725,30.0,Female,Desktop,24.9,4,9,7,0,1,1,30.94,88.84,1
5726,31.0,Male,Mobile,29.19,10,5,1,1,1,1,15.72,9.87,1
5727,39.0,Female,Mobile,6.21,6,11,8,0,1,1,6.47,20.55,1
5728,35.0,Male,Mobile,7.19,11,6,3,0,1,0,10.74,26.99,1
5729,45.0,Male,Mobile,1.49,11,12,3,0,0,0,1.04,9.44,1
5730,44.0,Male,Tablet,22.02,16,13,6,1,1,0,24.6,66.76,1
5731,49.0,Male,Mobile,19.68,14,1,2,1,1,1,15.22,90.63,1
5732,26.0,Female,Unknown,6.16,19,10,9,1,0,1,5.37,2.7,0
5733,57.0,Male,Mobile,23.94,4,8,2,0,0,0,12.78,25.23,1
5734,49.0,Female,Unknown,9.68,5,6,3,0,0,0,11.5,92.06,1
5735,37.0,Female,Desktop,4.91,19,2,9,0,0,0,6.21,46.56,1
5736,45.0,Female,Tablet,13.25,17,9,2,1,1,0,16.87,88.56,1
5737,50.0,Male,Desktop,3.64,18,9,9,1,0,0,5.35,94.4,1
5738,21.0,Female,Mobile,15.74,8,6,7,0,0,0,11.55,99.09,1
5739,51.0,Male,Mobile,11.77,4,9,8,0,1,0,8.33,39.57,1
5740,20.0,Female,Mobile,25.7,18,9,4,1,1,0,18.78,34.3,1
5741,43.0,Male,Desktop,23.98,11,13,2,1,1,1,30.41,74.86,1
5742,25.0,Male,Mobile,13.84,14,4,6,0,0,0,17.67,59.46,1
5743,23.0,Male,Mobile,22.01,13,8,2,1,0,1,13.71,65.92,1
5744,33.0,Male,Tablet,17.49,16,5,5,1,1,0,8.86,53.24,1
5745,41.0,Female,Mobile,10.88,12,10,3,1,0,0,9.81,51.41,1
5746,56.0,Female,Mobile,22.05,9,12,6,1,0,0,26.34,31.5,1
5747,47.0,Unknown,Mobile,20.82,7,6,5,1,0,0,28.45,59.56,1
5748,30.0,Female,Mobile,18.95,10,3,6,0,1,1,12.61,26.82,1
5749,22.0,Male,Mobile,18.92,17,1,3,0,0,0,24.89,35.57,1
5750,42.0,Male,Mobile,20.81,18,14,5,1,0,0,24.65,63.06,1
5751,37.0,Female,Mobile,12.15,7,0,9,0,1,0,8.09,63.66,1
5752,35.0,Male,Mobile,26.2,3,3,6,1,0,0,35.98,57.71,1
5753,35.0,Male,Desktop,5.71,15,8,9,0,1,0,8.18,67.47,1
5754,19.0,Male,Mobile,26.63,16,2,7,0,1,0,20.39,41.19,1
5755,27.0,Male,Unknown,10.93,17,6,9,0,0,1,7.09,59.44,1
5756,29.0,Male,Mobile,4.63,13,12,8,1,0,0,6.8,9.53,1
5757,30.0,Female,Mobile,18.4,3,13,2,0,0,1,9.62,48.37,1
5758,28.0,Female,Tablet,11.9,5,3,4,0,0,0,17.24,58.6,1
5759,36.0,Female,Mobile,24.65,9,2,9,1,0,0,17.65,42.22,1
5760,52.0,Male,Mobile,13.49,18,0,2,0,0,0,12.66,1.7,1
5761,56.0,Male,Desktop,20.39,11,13,4,0,1,0,16.48,70.1,1
5762,43.0,Male,Mobile,9.94,11,13,1,1,0,1,14.3,45.55,1
5763,31.0,Male,Mobile,7.07,16,4,2,0,0,0,6.03,15.57,1
5764,41.0,Male,Mobile,12.25,8,1,0,1,1,1,12.73,49.5,1
5765,58.0,Male,Desktop,18.6,2,10,7,0,0,0,11.05,94.24,1
5766,18.0,Female,Desktop,20.05,10,0,4,1,1,0,26.25,15.87,0
5767,39.0,Male,Mobile,17.77,6,9,2,1,0,1,23.11,70.72,1
5768,40.0,Female,Mobile,29.65,4,13,3,0,1,0,38.47,51.75,1
5769,36.0,Male,Mobile,15.74,5,3,2,1,0,0,24.96,28.93,1
5770,39.0,Female,Mobile,28.01,11,6,2,0,0,0,26.76,68.44,1
5771,29.0,Male,Mobile,4.42,12,11,8,1,0,1,5.9,44.78,1
5772,45.0,Female,Mobile,15.74,16,11,3,1,1,1,3.76,89.85,1
5773,45.0,Female,Mobile,10.02,14,1,5,0,1,1,7.87,70.36,1
5774,50.0,Male,Mobile,4.96,14,9,0,1,1,1,4.87,50.76,1
5775,36.0,Male,Tablet,16.25,15,5,7,1,1,0,11.42,45.19,1
5776,45.0,Female,Mobile,16.05,8,4,3,1,1,1,12.13,3.16,1
5777,54.0,Male,Mobile,17.68,5,2,7,1,0,1,13.06,16.09,1
5778,43.0,Male,Mobile,22.61,9,4,1,0,1,0,30.0,4.51,1
5779,52.0,Male,Tablet,29.17,16,14,8,1,0,1,21.9,6.34,1
5780,51.0,Female,Desktop,26.47,3,9,1,0,1,0,27.7,6.71,1
5781,52.0,Male,Unknown,4.43,12,6,2,1,0,0,5.0,1.41,1
5782,57.0,Female,Mobile,10.82,7,2,2,1,1,1,13.47,79.13,1
5783,39.0,Female,Desktop,8.42,17,7,4,0,0,0,4.45,47.86,1
5784,55.0,Male,Mobile,6.13,15,14,2,0,0,1,5.98,74.91,1
5785,30.0,Female,Mobile,16.8,15,6,7,0,1,0,13.32,16.77,1
0,40.0,Male,Mobile,17.04,12,3,9,1,0,1,22.73,84.12,1
5787,39.0,Male,Desktop,7.59,2,12,6,1,1,1,4.07,9.41,1
5788,33.0,Female,Desktop,21.65,8,14,0,0,0,0,15.31,32.21,1
5789,45.0,Female,Desktop,22.25,5,12,5,0,0,0,18.15,37.07,1
5790,52.0,Female,Unknown,1.61,3,4,1,1,1,1,0.93,23.57,1
5791,25.0,Female,Mobile,12.48,1,9,7,0,0,1,11.17,13.73,1
5792,39.0,Female,Mobile,26.81,16,10,9,0,0,1,33.35,62.81,1
5793,38.0,Male,Mobile,16.09,10,3,7,0,1,0,11.46,0.85,1
5794,43.0,Female,Desktop,11.08,10,1,6,1,1,1,13.9,79.16,1
5795,57.0,Male,Mobile,8.36,11,11,7,0,1,0,8.6,4.23,1
5796,38.0,Male,Desktop,8.06,12,14,0,0,1,0,6.81,96.4,1
5797,42.0,Female,Mobile,3.89,8,8,7,1,0,0,3.38,86.83,1
5798,58.0,Female,Mobile,24.7,5,0,0,0,1,1,15.22,41.46,1
5799,18.0,Female,Mobile,3.51,9,7,2,1,1,0,2.63,14.27,1
5800,23.0,Female,Mobile,9.48,11,3,3,0,1,1,11.67,87.06,1
5801,40.0,Female,Desktop,2.32,15,8,2,0,0,0,3.16,64.41,1
5802,40.0,Male,Mobile,23.66,17,2,1,1,1,0,18.11,50.48,1
5803,40.0,Male,Mobile,2.14,11,6,2,0,0,1,2.33,31.94,1
5804,49.0,Male,Mobile,9.94,13,14,8,0,1,0,5.32,56.13,1
5805,47.0,Female,Mobile,17.63,17,2,1,0,0,1,10.18,41.51,1
5806,30.0,Female,Mobile,12.88,7,14,4,1,0,1,18.86,46.54,1
5807,35.0,Male,Mobile,9.19,9,9,2,1,0,1,12.83,84.55,1
5808,40.0,Female,Desktop,8.98,18,11,8,0,1,0,5.22,95.25,1
5809,32.0,Female,Mobile,24.14,18,6,6,1,1,0,31.92,96.27,1
5810,50.0,Female,Mobile,29.25,10,1,9,1,1,1,17.62,90.79,1
5811,38.0,Male,Mobile,11.09,12,2,2,1,0,1,14.73,80.23,1
5812,56.0,Female,Mobile,2.14,18,7,1,1,1,0,3.02,45.37,1
5813,40.0,Male,Mobile,2.06,9,6,1,0,0,1,1.35,8.82,1
5814,44.0,Female,Mobile,23.02,9,10,4,0,1,1,14.9,63.06,1
5815,35.0,Female,Mobile,17.02,10,2,8,0,1,0,24.28,40.2,1
5816,41.0,Male,Desktop,23.72,1,7,1,0,1,0,19.01,68.71,1
5817,57.0,Female,Mobile,21.23,11,12,1,1,1,1,20.65,22.08,1
5818,59.0,Female,Desktop,27.32,14,8,7,0,1,1,21.98,76.47,1
5819,24.0,Female,Tablet,26.69,10,1,2,0,0,1,14.3,17.07,1
5820,37.0,Male,Mobile,23.86,14,1,2,0,0,1,16.97,80.86,1
5821,44.0,Female,Mobile,14.78,19,14,5,0,1,1,14.69,91.17,1
5822,23.0,Female,Mobile,9.94,10,6,5,0,0,0,13.42,90.03,1
5823,44.0,Female,Unknown,15.7,17,10,5,0,1,0,22.65,34.66,1
5824,26.0,Female,Desktop,15.56,2,7,4,1,1,1,13.27,38.98,1
5825,48.0,Female,Desktop,18.7,14,14,3,1,1,1,11.48,83.81,1
5826,38.0,Male,Mobile,6.4,18,4,8,0,1,1,8.38,69.22,1
5827,43.0,Unknown,Mobile,20.01,2,1,3,0,0,1,12.22,52.67,1
5828,57.0,Female,Mobile,14.24,19,13,0,0,0,0,18.22,96.06,1
0,30.0,Female,Mobile,18.99,8,9,7,1,0,1,22.58,51.63,1
5830,40.0,Male,Desktop,7.95,6,4,7,1,0,1,8.57,24.38,1
5831,37.0,Female,Mobile,13.6,7,2,2,0,0,0,19.58,67.99,1
5832,54.0,Female,Mobile,7.1,13,12,8,0,1,0,5.84,51.22,1
5833,45.0,Female,Desktop,26.38,2,8,6,1,1,0,15.65,20.39,1
5834,34.0,Female,Mobile,15.15,7,0,6,0,0,1,22.45,15.24,1
5835,45.0,Female,Mobile,7.52,1,8,4,0,0,1,7.08,35.51,1
5836,39.0,Female,Mobile,2.2,6,1,2,1,1,0,2.05,97.06,0
5837,19.0,Female,Mobile,20.6,16,0,9,0,1,1,12.14,14.58,1
5838,42.0,Female,Desktop,7.22,8,9,4,1,1,1,8.98,47.14,1
5839,58.0,Male,Desktop,29.7,13,5,2,0,0,1,36.24,32.69,1
5840,23.0,Male,Mobile,16.48,18,10,2,1,1,0,10.63,94.3,1
5841,28.0,Female,Tablet,9.38,14,5,0,1,0,0,6.88,37.75,1
5842,55.0,Female,Mobile,20.07,18,3,3,0,1,1,10.36,22.63,1
5843,23.0,Female,Desktop,8.98,0,12,0,1,1,0,12.48,47.82,1
5844,28.0,Female,Desktop,24.79,15,1,5,1,0,1,18.46,15.37,1
5845,31.0,Male,Mobile,9.94,5,12,5,1,1,0,14.18,37.94,1
5846,19.0,Male,Desktop,29.66,14,9,5,0,1,1,31.77,49.5,1
5847,57.0,Male,Mobile,18.55,16,11,4,0,1,0,17.17,59.93,1
5848,20.0,Male,Mobile,25.49,15,10,1,1,0,1,12.94,1.09,1
5849,39.0,Female,Desktop,3.11,11,2,4,0,0,1,1.84,49.79,1
5850,50.0,Female,Desktop,11.1,2,12,9,0,1,0,7.31,81.31,1
5851,41.0,Female,Desktop,22.39,18,5,2,0,0,1,13.56,56.28,1
5852,36.0,Male,Desktop,20.0,4,3,9,1,1,0,15.12,47.04,0
5853,35.0,Female,Mobile,6.63,15,4,1,0,0,0,4.34,41.51,1
5854,41.0,Female,Mobile,11.33,12,10,3,0,0,1,13.19,53.67,1
5855,52.0,Male,Tablet,8.64,3,8,9,0,0,1,6.89,7.4,0
5856,18.0,Male,Mobile,18.79,4,4,8,1,1,0,22.89,79.97,1
5857,53.0,Male,Desktop,10.99,16,9,6,0,0,1,6.98,85.65,1
5858,42.0,Male,Mobile,9.96,6,14,9,0,0,1,7.06,59.23,1
5859,51.0,Male,Desktop,7.01,2,10,8,0,0,1,9.03,97.9,1
5860,42.0,Female,Mobile,12.86,9,7,2,0,1,0,14.58,55.52,1
5861,33.0,Female,Tablet,6.67,12,1,1,1,1,0,3.98,2.72,1
5862,51.0,Male,Mobile,28.91,12,11,8,0,1,1,42.19,46.39,1
5863,46.0,Female,Tablet,5.48,14,13,5,1,1,0,6.92,39.99,1
5864,36.0,Female,Mobile,27.49,17,5,9,0,0,0,28.94,19.41,1
5865,40.0,Female,Mobile,13.43,9,10,0,1,1,0,11.32,53.44,1
5866,36.0,Female,Desktop,11.96,12,10,3,0,1,1,7.1,45.48,1
5867,42.0,Male,Desktop,7.71,10,5,9,1,1,1,14.3,17.12,1
5868,33.0,Female,Tablet,19.44,11,4,9,1,1,1,16.0,50.61,1
5869,26.0,Female,Mobile,20.88,2,14,5,1,1,1,12.08,83.44,1
5870,18.0,Female,Mobile,14.56,16,5,6,0,1,0,18.69,50.93,1
5871,59.0,Male,Mobile,2.62,1,13,9,1,0,0,2.4,21.74,1
5872,36.0,Female,Mobile,27.64,1,4,4,0,1,1,38.41,68.59,1
5873,50.0,Male,Tablet,29.43,2,1,7,1,0,1,19.36,86.98,1
5874,51.0,Male,Mobile,15.74,12,4,9,0,0,0,11.04,34.51,1
5875,33.0,Male,Mobile,18.8,18,0,0,0,1,1,14.65,7.11,1
5876,57.0,Male,Mobile,14.06,12,2,0,1,0,1,19.19,91.48,1
5877,35.0,Female,Mobile,10.33,1,13,3,0,0,1,10.41,68.22,1
5878,51.0,Male,Mobile,3.24,11,6,7,0,0,1,2.08,99.14,1
5879,42.0,Male,Mobile,14.23,2,3,7,1,0,1,12.2,69.45,1
5880,23.0,Male,Mobile,24.73,12,7,5,0,1,1,35.69,12.42,1
5881,38.0,Male,Mobile,1.49,2,2,4,0,0,0,1.57,43.31,1
5882,23.0,Male,Tablet,17.88,17,6,9,0,1,0,9.6,4.29,1
5883,49.0,Female,Mobile,26.54,6,13,9,1,1,1,14.81,34.15,1
5884,58.0,Male,Mobile,7.31,16,1,1,0,0,1,5.38,78.53,1
5885,56.0,Female,Tablet,6.31,19,13,4,1,0,0,7.08,55.56,1
5886,48.0,Female,Desktop,23.4,6,7,4,1,0,0,17.44,45.89,1
5887,59.0,Male,Tablet,8.4,7,14,1,1,0,1,11.34,49.5,1
5888,27.0,Female,Tablet,6.57,19,12,7,1,1,1,7.42,17.71,0
5889,47.0,Female,Mobile,11.96,17,2,9,0,0,1,9.58,53.86,1
5890,35.0,Female,Desktop,12.38,6,12,4,0,0,0,11.07,64.74,1
5891,41.0,Male,Mobile,26.35,15,5,4,0,1,1,23.06,92.58,1
5892,26.0,Male,Mobile,18.93,9,1,0,0,1,1,15.41,16.37,1
5893,48.0,Male,Desktop,12.77,2,6,0,0,1,0,14.43,70.67,1
5894,32.0,Male,Mobile,16.5,5,12,0,1,1,0,11.58,4.58,1
5895,21.0,Male,Desktop,28.66,5,3,7,1,0,1,22.7,56.73,1
5896,57.0,Male,Desktop,4.28,12,5,9,1,0,1,2.5,64.5,1
5897,26.0,Male,Mobile,7.02,10,1,1,0,1,0,6.15,83.99,1
5898,26.0,Female,Desktop,28.91,4,2,7,1,0,1,16.32,49.5,1
5899,43.0,Female,Mobile,28.76,12,14,5,0,1,1,14.89,69.67,1
5900,21.0,Male,Mobile,6.14,15,2,4,0,0,0,7.04,9.27,1
5901,34.0,Female,Desktop,5.21,10,3,5,0,1,1,3.45,22.26,1
5902,33.0,Male,Mobile,13.21,18,0,3,1,1,0,7.07,77.35,1
5903,32.0,Male,Desktop,2.44,5,12,2,1,1,1,1.39,89.27,1
5904,52.0,Male,Mobile,19.99,13,5,3,1,0,0,13.98,1.62,1
0,22.0,Female,Mobile,3.25,4,10,8,1,0,0,3.97,16.64,1
5906,22.0,Male,Desktop,2.68,9,5,7,1,0,0,1.37,21.02,1
5907,37.0,Male,Mobile,15.07,18,3,7,0,0,0,18.48,51.94,1
5908,32.0,Male,Mobile,28.78,3,7,0,1,0,1,31.57,15.42,1
5909,35.0,Male,Mobile,13.38,11,4,4,1,1,0,13.57,97.61,1
5910,19.0,Female,Desktop,11.34,4,9,5,1,1,1,15.98,38.79,1
5911,46.0,Male,Mobile,29.94,9,13,8,0,1,0,39.81,14.28,1
5912,30.0,Female,Desktop,16.43,12,3,9,1,1,0,15.1,77.42,1
5913,21.0,Female,Mobile,11.88,10,6,9,1,1,0,6.02,56.18,1
5914,39.0,Male,Desktop,12.19,10,9,5,0,1,1,14.76,91.41,1
5915,27.0,Male,Tablet,6.65,9,14,0,1,1,0,3.64,93.56,1
5916,48.0,Female,Mobile,15.85,10,9,0,0,1,1,12.33,85.59,1
5917,58.0,Female,Mobile,13.73,9,7,6,0,0,0,13.63,56.43,1
5918,25.0,Female,Desktop,8.85,1,1,2,1,0,1,5.3,22.26,1
5919,20.0,Female,Desktop,5.66,16,12,6,0,0,1,6.67,42.86,1
5920,26.0,Male,Mobile,10.03,14,0,4,1,0,1,8.24,48.25,1
5921,47.0,Female,Desktop,15.75,13,5,0,0,0,1,13.57,97.55,1
5922,28.0,Female,Desktop,2.69,6,1,7,1,1,1,3.09,25.26,1
5923,52.0,Female,Desktop,5.46,14,10,8,0,1,1,4.9,43.47,1
5924,54.0,Female,Desktop,28.48,8,7,5,0,1,0,20.64,56.23,1
5925,59.0,Male,Mobile,16.74,18,12,1,1,1,1,11.33,39.11,1
5926,30.0,Male,Tablet,2.84,1,4,8,1,0,0,3.48,12.06,1
5927,53.0,Male,Mobile,21.1,12,1,1,0,0,0,26.39,89.04,1
0,30.0,Female,Mobile,2.79,11,10,5,1,0,1,1.94,80.12,1
5929,29.0,Female,Mobile,22.43,13,11,9,0,0,1,18.37,25.65,1
5930,54.0,Male,Mobile,22.75,4,4,3,1,1,0,33.14,44.75,1
5931,27.0,Male,Mobile,19.88,6,1,5,1,1,0,29.51,73.53,1
5932,26.0,Female,Mobile,22.23,13,5,3,1,1,1,24.13,97.36,1
5933,24.0,Male,Mobile,3.55,13,7,2,1,1,0,4.46,16.75,1
5934,19.0,Female,Desktop,22.08,6,1,7,0,0,0,27.56,63.8,1
5935,40.0,Female,Mobile,4.96,4,5,4,0,1,1,4.44,81.76,1
5936,56.0,Female,Mobile,10.85,3,5,0,0,0,0,5.95,2.59,1
5937,57.0,Female,Mobile,28.34,15,0,7,0,1,1,35.16,81.1,1
5938,56.0,Female,Mobile,15.58,11,8,2,0,0,1,9.91,78.99,1
5939,38.0,Female,Mobile,29.06,2,14,3,0,1,0,22.97,92.35,1
5940,40.0,Male,Mobile,3.58,17,11,8,1,0,0,2.92,8.44,1
5941,46.0,Male,Tablet,14.85,2,7,2,1,0,0,12.61,12.43,1
5942,31.0,Male,Desktop,2.81,1,11,4,0,0,1,2.71,51.87,1
5943,43.0,Female,Desktop,15.74,5,13,7,0,0,0,19.31,87.16,1
5944,22.0,Male,Mobile,3.28,17,3,5,0,1,0,3.23,87.45,1
5945,48.0,Female,Mobile,6.09,1,6,2,0,0,1,4.04,70.01,1
5946,42.0,Female,Mobile,8.51,0,3,7,0,1,0,9.78,44.87,1
5947,48.0,Female,Desktop,22.71,3,7,4,0,1,0,29.3,23.11,1
5948,37.0,Female,Mobile,5.75,16,9,5,1,0,1,5.53,47.47,1
5949,34.0,Male,Mobile,25.55,16,1,2,1,0,1,34.19,21.71,1
5950,19.0,Male,Mobile,4.83,12,1,7,0,1,0,14.3,77.3,1
5951,42.0,Unknown,Mobile,2.02,9,2,3,0,1,1,2.16,42.15,1
5952,30.0,Female,Tablet,12.46,14,13,8,1,1,0,7.1,53.94,1
5953,56.0,Male,Desktop,29.4,12,3,4,1,0,1,19.02,68.09,1
5954,45.0,Male,Desktop,4.2,16,10,0,1,1,1,5.32,52.64,1
5955,59.0,Male,Mobile,3.95,17,12,8,1,0,1,2.96,75.53,1
5956,23.0,Female,Desktop,22.78,12,5,7,1,0,0,13.53,78.61,1
5957,20.0,Male,Desktop,10.05,4,14,4,0,0,1,10.74,24.27,1
5958,52.0,Female,Tablet,21.8,17,4,2,1,0,1,12.96,29.81,1
5959,35.0,Male,Mobile,6.8,1,9,8,1,0,1,8.05,5.93,1
5960,28.0,Female,Mobile,14.34,17,12,6,1,0,1,17.05,8.92,1
5961,37.0,Male,Desktop,8.69,11,9,7,1,1,0,8.28,82.95,1
5962,22.0,Male,Mobile,14.09,19,6,2,1,1,1,16.71,49.5,1
5963,36.0,Male,Desktop,23.3,18,5,5,1,1,0,30.28,83.47,1
5964,39.0,Female,Tablet,23.1,2,13,3,1,0,0,16.12,98.59,1
5965,36.0,Male,Mobile,15.96,9,14,2,1,1,1,18.35,24.28,1
5966,33.0,Male,Mobile,27.92,9,14,3,1,0,0,33.29,46.04,1
5967,41.0,Female,Mobile,8.65,12,3,1,1,1,1,6.01,53.71,1
5968,58.0,Female,Desktop,7.97,13,10,4,1,1,0,9.78,94.28,1
5969,21.0,Female,Desktop,18.8,16,9,7,0,1,1,22.93,17.86,1
5970,32.0,Female,Mobile,19.02,13,8,4,1,1,0,12.5,83.6,1
5971,42.0,Male,Mobile,15.74,14,6,1,1,0,0,1.92,95.78,1
0,52.0,Male,Mobile,18.63,7,0,6,0,1,1,26.85,55.44,1
5973,31.0,Female,Desktop,11.86,2,7,7,1,0,1,6.77,15.24,1
5974,36.0,Male,Mobile,22.68,0,3,3,1,0,0,16.53,33.38,1
5975,55.0,Female,Mobile,24.44,17,6,2,1,0,0,26.37,95.91,1
5976,53.0,Unknown,Desktop,17.01,5,10,7,0,0,1,24.98,16.82,1
5977,24.0,Female,Mobile,1.05,10,1,9,0,1,0,0.8,48.76,1
5978,47.0,Male,Mobile,19.45,18,11,1,0,1,0,25.61,18.99,1
5979,39.0,Female,Mobile,22.72,3,2,6,1,0,0,19.71,90.41,1
5980,42.0,Female,Mobile,8.22,13,0,9,0,1,1,7.01,59.04,1
5981,33.0,Male,Unknown,14.47,13,1,7,1,1,0,21.65,92.33,1
5982,57.0,Male,Tablet,29.01,10,10,4,0,0,1,38.21,94.62,1
5983,25.0,Male,Desktop,9.65,2,4,6,1,0,1,7.22,48.9,1
5984,35.0,Female,Desktop,7.47,16,1,8,0,1,0,5.12,93.71,1
5985,45.0,Male,Tablet,7.11,4,12,7,0,1,1,4.15,0.07,1
5986,33.0,Female,Mobile,17.21,19,5,4,1,1,1,16.91,19.21,0
5987,36.0,Male,Mobile,28.54,5,5,3,1,1,1,23.82,73.4,1
0,59.0,Male,Mobile,18.65,7,5,2,1,0,1,16.43,52.65,1
5989,34.0,Female,Desktop,9.8,9,11,5,1,1,1,9.13,49.5,1
5990,30.0,Female,Desktop,19.52,5,10,3,1,1,1,29.11,78.43,1
5991,24.0,Male,Mobile,19.12,8,13,3,0,0,1,9.61,66.41,1
5992,44.0,Female,Mobile,18.31,2,14,6,0,1,1,16.96,91.22,1
5993,27.0,Female,Mobile,5.62,7,2,9,1,0,0,3.18,33.72,1
5994,51.0,Male,Mobile,19.4,4,10,4,1,0,1,22.76,16.76,1
5995,53.0,Female,Desktop,13.47,15,2,0,0,1,0,7.41,54.71,1
5996,39.0,Male,Mobile,1.54,18,9,4,1,1,1,1.95,23.85,1
5997,23.0,Male,Tablet,16.65,2,6,5,0,0,1,22.77,23.24,1
5998,41.0,Female,Mobile,29.69,14,12,0,1,1,0,43.67,30.63,1
5999,35.0,Male,Desktop,11.14,10,12,2,1,1,0,6.92,67.51,1
6000,40.0,Female,Tablet,29.0,5,3,5,1,1,0,42.89,2.36,1
6001,23.0,Male,Tablet,3.79,12,5,6,0,1,0,14.3,85.0,1
6002,46.0,Female,Mobile,22.24,10,11,6,1,0,0,25.19,61.2,1
6003,42.0,Female,Mobile,4.32,18,7,6,1,0,0,2.16,30.45,1
6004,34.0,Female,Mobile,8.93,6,2,8,0,1,1,7.77,11.31,1
6005,41.0,Female,Mobile,17.55,12,8,1,1,1,0,14.97,49.5,1
6006,28.0,Female,Desktop,18.19,1,8,2,0,0,1,14.3,43.64,1
6007,43.0,Male,Tablet,23.48,7,14,6,1,1,0,14.85,43.53,1
6008,51.0,Male,Mobile,18.84,12,2,5,1,1,0,22.42,47.02,1
6009,45.0,Female,Mobile,18.21,7,5,0,0,1,1,19.95,41.39,1
6010,20.0,Male,Mobile,27.46,9,4,9,1,0,1,19.56,51.33,1
6011,28.0,Female,Desktop,14.11,15,3,6,1,1,0,20.93,63.07,1
6012,55.0,Female,Tablet,7.53,12,7,1,1,0,1,3.81,43.1,1
6013,31.0,Male,Mobile,5.69,13,9,3,0,0,0,4.76,97.28,1
6014,43.0,Male,Mobile,12.6,4,8,6,1,1,0,9.6,39.76,1
6015,38.0,Female,Desktop,21.67,10,14,3,1,0,1,22.97,21.44,1
6016,56.0,Female,Desktop,2.23,3,11,5,0,0,0,14.3,98.01,1
6017,47.0,Female,Mobile,4.74,5,8,8,1,1,1,5.49,29.61,1
6018,25.0,Female,Desktop,4.08,4,4,4,1,0,1,14.3,62.08,1
6019,37.0,Female,Tablet,17.97,19,4,2,1,0,1,24.5,49.5,1
6020,49.0,Female,Mobile,8.04,15,10,5,0,1,0,6.15,0.4,1
6021,39.0,Male,Mobile,5.82,7,2,3,1,0,0,3.55,28.28,1
6022,24.0,Female,Mobile,18.19,3,8,8,1,1,1,16.96,53.18,1
6023,26.0,Female,Mobile,23.08,16,0,1,0,0,0,32.28,45.59,1
6024,18.0,Male,Mobile,10.63,15,11,9,0,1,0,5.68,7.28,1
6025,46.0,Female,Mobile,17.77,18,2,4,0,1,1,20.0,44.71,1
6026,25.0,Female,Mobile,3.85,3,6,8,1,0,1,3.21,10.59,1
6027,21.0,Male,Mobile,28.12,14,6,9,0,0,0,31.57,24.99,1
6028,52.0,Female,Mobile,10.77,1,4,6,1,1,1,14.3,74.88,1
6029,20.0,Male,Mobile,29.93,7,5,4,1,1,0,43.91,17.86,1
6030,57.0,Female,Desktop,29.38,2,3,7,0,1,0,18.03,66.53,1
6031,24.0,Male,Desktop,23.59,10,7,1,1,1,1,15.52,97.29,1
6032,44.0,Male,Mobile,1.58,16,3,3,0,0,1,0.86,24.7,1
6033,18.0,Male,Mobile,16.76,12,9,5,0,0,0,21.7,25.95,1
6034,44.0,Female,Desktop,3.52,18,14,6,0,0,0,2.09,95.31,1
6035,33.0,Female,Mobile,26.96,6,5,7,0,0,0,20.94,66.51,1
6036,55.0,Male,Tablet,23.9,17,4,3,1,1,1,16.86,77.01,1
6037,24.0,Male,Mobile,29.2,8,11,8,1,0,1,24.92,79.15,1
6038,40.0,Female,Desktop,18.64,9,13,0,1,1,1,23.59,72.99,1
6039,58.0,Female,Mobile,16.14,19,9,1,0,0,1,14.3,97.68,1
6040,28.0,Female,Desktop,16.05,2,5,8,0,0,0,22.13,27.47,1
6041,59.0,Female,Desktop,12.21,7,2,6,1,0,0,16.38,51.84,1
6042,50.0,Female,Tablet,14.59,11,0,4,0,1,0,13.39,66.41,1
6043,53.0,Male,Tablet,19.43,13,2,2,1,0,0,25.29,70.73,1
6044,54.0,Female,Mobile,28.06,10,9,8,0,0,1,35.84,19.22,1
6045,58.0,Male,Mobile,18.28,15,6,6,0,0,1,13.66,87.55,1
6046,34.0,Unknown,Mobile,25.86,7,12,2,1,0,1,19.72,81.47,1
6047,52.0,Male,Mobile,26.02,6,0,4,1,1,0,25.99,26.42,1
6048,22.0,Male,Mobile,16.05,12,0,2,1,1,0,23.49,54.4,1
6049,49.0,Female,Desktop,11.08,3,0,2,0,0,1,14.3,29.47,1
6050,20.0,Male,Tablet,19.55,16,5,6,1,1,0,29.1,36.59,1
6051,52.0,Male,Mobile,13.93,9,3,8,1,1,0,9.18,53.36,1
6052,31.0,Male,Mobile,3.36,10,13,4,0,1,0,3.31,53.95,1
6053,48.0,Male,Mobile,15.74,13,5,3,0,0,0,9.62,53.21,1
6054,48.0,Female,Desktop,29.83,8,13,3,0,0,0,27.44,54.43,1
6055,34.0,Male,Mobile,2.41,6,13,2,0,1,1,3.51,63.61,1
6056,41.0,Female,Tablet,21.2,3,14,7,0,1,1,23.99,1.57,1
6057,40.0,Male,Desktop,25.39,12,0,9,1,0,0,20.25,13.98,1
6058,35.0,Female,Desktop,19.81,9,3,0,0,0,0,22.35,47.03,1
6059,31.0,Female,Mobile,17.52,9,3,2,1,1,0,16.68,70.84,1
6060,32.0,Female,Unknown,21.52,11,1,1,0,1,1,31.06,50.93,1
6061,32.0,Male,Tablet,13.45,6,0,6,0,1,0,11.47,62.89,1
6062,23.0,Female,Desktop,3.65,2,12,5,0,0,0,3.96,97.07,1
6063,44.0,Female,Tablet,15.74,7,7,0,0,0,0,39.01,73.01,1
6064,32.0,Male,Mobile,13.54,9,5,2,1,1,0,19.75,93.99,1
6065,53.0,Female,Desktop,20.3,19,3,3,1,1,1,26.37,1.9,1
6066,25.0,Male,Mobile,16.41,18,1,9,1,1,0,23.56,44.72,1
6067,32.0,Male,Desktop,2.59,12,11,6,0,0,1,2.5,35.45,1
6068,20.0,Female,Desktop,28.63,11,12,2,1,0,0,36.2,70.55,1
6069,30.0,Male,Desktop,23.98,10,4,3,1,1,0,14.26,92.94,1
6070,58.0,Male,Desktop,5.32,3,8,6,1,0,0,5.82,4.03,1
6071,51.0,Male,Mobile,29.47,12,6,3,1,0,0,15.13,5.73,1
6072,41.0,Female,Tablet,22.37,4,3,8,1,0,0,17.0,67.28,1
6073,57.0,Male,Tablet,14.7,10,14,5,0,0,0,17.13,34.61,1
6074,49.0,Male,Mobile,18.73,2,4,1,0,1,1,12.58,20.3,1
6075,49.0,Male,Tablet,4.1,12,7,0,0,0,0,2.87,95.47,1
6076,47.0,Female,Mobile,17.25,11,10,7,0,1,1,9.69,1.4,1
6077,30.0,Male,Desktop,3.14,14,12,2,1,1,1,3.92,27.4,1
6078,18.0,Female,Mobile,16.8,15,4,6,1,1,0,15.93,33.17,1
6079,51.0,Male,Tablet,17.03,14,11,3,1,0,1,23.64,78.28,1
6080,32.0,Female,Mobile,26.36,12,5,2,1,0,0,22.73,56.17,1
6081,31.0,Female,Mobile,22.03,2,12,8,0,1,0,20.6,32.84,1
6082,46.0,Female,Mobile,8.24,2,9,5,0,1,0,8.2,16.98,1
6083,51.0,Male,Mobile,26.76,1,5,5,1,1,0,36.42,21.79,1
6084,35.0,Male,Desktop,17.62,15,7,5,1,1,1,13.96,3.87,1
6085,24.0,Male,Mobile,18.59,0,12,2,1,0,1,10.25,83.69,1
6086,39.0,Female,Desktop,5.9,1,10,5,0,0,0,6.65,11.72,1
6087,48.0,Male,Tablet,25.88,1,0,3,1,0,1,34.31,82.3,1
6088,42.0,Male,Desktop,28.0,1,0,1,0,0,0,29.58,13.92,1
6089,55.0,Female,Desktop,23.47,11,3,2,0,1,0,19.26,90.59,1
6090,31.0,Male,Mobile,28.28,12,2,3,1,0,1,31.97,67.85,1
6091,25.0,Male,Mobile,9.77,15,1,0,0,1,0,14.57,35.2,1
6092,44.0,Female,Mobile,25.97,14,6,6,0,0,1,27.89,39.27,1
6093,19.0,Female,Mobile,15.18,1,12,4,1,0,1,12.37,28.46,1
6094,34.0,Male,Tablet,5.75,1,12,8,1,1,0,4.28,21.13,1
6095,54.0,Female,Mobile,20.4,6,6,5,0,1,1,30.56,91.11,1
6096,31.0,Male,Tablet,20.84,3,14,7,1,1,1,28.14,18.44,1
6097,42.0,Male,Mobile,9.32,14,7,8,1,0,0,7.26,17.59,1
6098,47.0,Unknown,Desktop,1.8,6,14,5,0,1,1,1.37,36.03,1
6099,46.0,Male,Mobile,6.8,0,9,6,0,1,1,8.86,98.43,1
0,37.0,Male,Mobile,12.59,15,14,5,0,0,1,18.79,46.49,0
6101,38.0,Female,Desktop,5.86,17,4,5,1,1,1,5.66,35.53,1
6102,39.0,Female,Mobile,6.63,9,14,1,0,1,0,4.82,99.86,1
6103,52.0,Male,Unknown,12.35,16,0,4,1,0,0,9.02,74.0,1
6104,54.0,Female,Mobile,28.89,1,5,5,0,1,1,37.48,94.46,1
6105,33.0,Female,Mobile,23.16,16,5,9,0,1,1,25.59,24.89,1
6106,34.0,Male,Tablet,10.27,19,10,4,0,1,0,11.64,75.42,1
6107,33.0,Female,Mobile,28.6,9,7,3,0,1,0,19.86,89.06,1
6108,19.0,Female,Unknown,19.72,17,12,5,1,0,1,12.43,52.94,1
6109,21.0,Male,Mobile,14.21,6,9,5,0,1,1,7.26,42.39,1
6110,38.0,Male,Desktop,14.58,14,14,7,0,1,0,20.63,29.6,1
6111,56.0,Male,Mobile,12.91,18,1,7,1,0,1,11.04,56.73,1
6112,51.0,Male,Mobile,7.76,14,10,9,1,0,1,9.76,19.21,1
6113,47.0,Male,Mobile,12.21,7,8,0,0,0,1,16.9,43.18,1
6114,23.0,Male,Mobile,16.31,10,10,1,1,1,1,14.3,68.25,1
6115,39.0,Male,Mobile,16.31,16,12,0,1,0,0,14.3,65.24,1
6116,56.0,Female,Desktop,23.09,7,5,9,0,1,0,12.44,69.99,1
6117,39.0,Male,Desktop,11.41,6,0,6,0,0,0,9.55,58.66,0
6118,22.0,Female,Mobile,21.79,6,0,7,0,1,0,17.9,0.26,1
6119,22.0,Female,Mobile,17.76,7,7,2,0,1,0,18.94,2.67,1
6120,37.0,Male,Mobile,28.89,17,9,2,1,0,0,36.52,58.03,1
6121,33.0,Female,Mobile,12.17,8,0,6,0,0,0,14.74,96.6,1
6122,58.0,Female,Mobile,27.14,2,7,7,0,0,0,37.18,19.44,1
6123,54.0,Female,Mobile,24.8,19,12,5,0,0,0,13.56,71.74,1
6124,57.0,Male,Tablet,19.49,7,6,7,0,1,1,21.54,43.32,1
6125,26.0,Female,Desktop,19.98,12,4,1,0,0,0,13.77,13.91,1
6126,22.0,Female,Mobile,3.45,3,14,6,1,1,1,5.08,3.33,1
6127,59.0,Male,Mobile,28.56,4,12,4,1,1,1,25.96,71.34,1
6128,19.0,Female,Desktop,4.1,11,5,5,0,0,0,4.61,14.39,1
6129,26.0,Female,Mobile,17.33,12,3,6,0,1,0,14.76,29.84,1
6130,53.0,Female,Desktop,10.57,19,8,8,1,0,1,7.61,40.14,1
6131,39.0,Unknown,Tablet,13.47,19,8,6,0,0,0,16.0,70.59,1
6132,39.0,Female,Mobile,18.7,11,12,0,1,0,0,26.91,38.76,1
6133,39.0,Male,Mobile,27.36,13,14,4,1,0,0,15.31,38.63,0
6134,51.0,Female,Desktop,14.27,1,9,3,1,1,0,18.91,79.42,1
6135,46.0,Male,Tablet,29.64,6,13,7,1,0,1,24.94,0.7,1
6136,55.0,Female,Mobile,18.19,16,0,6,0,1,0,11.29,75.39,1
6137,50.0,Male,Desktop,5.66,2,11,3,0,1,1,6.87,52.17,1
6138,35.0,Male,Mobile,6.51,14,8,2,0,0,0,3.79,54.17,1
6139,24.0,Male,Mobile,21.77,18,2,5,0,0,1,26.73,34.56,1
6140,18.0,Female,Desktop,2.46,17,11,0,0,1,1,2.3,9.25,1
6141,50.0,Female,Tablet,14.93,18,1,2,1,1,1,9.92,9.08,1
6142,18.0,Female,Desktop,5.3,19,3,4,1,0,0,3.48,34.08,1
6143,41.0,Female,Desktop,13.56,15,3,9,0,1,1,16.93,72.04,1
6144,21.0,Female,Mobile,22.75,2,8,0,1,0,0,30.22,89.16,1
6145,21.0,Male,Mobile,14.31,4,3,9,1,1,1,16.97,81.22,1
6146,35.0,Male,Mobile,5.74,1,4,9,1,1,1,7.01,79.79,1
6147,44.0,Male,Mobile,8.31,8,5,7,1,1,0,11.2,0.57,1
6148,49.0,Female,Desktop,11.66,14,3,6,0,0,1,10.83,19.16,1
6149,50.0,Female,Mobile,3.02,0,0,7,0,1,0,2.02,94.51,1
6150,45.0,Male,Desktop,17.95,14,12,1,1,0,0,15.75,87.02,1
6151,59.0,Female,Desktop,18.62,16,1,6,1,1,1,27.54,12.67,1
6152,58.0,Female,Unknown,2.8,10,2,3,0,1,0,2.66,63.62,1
6153,53.0,Male,Mobile,12.67,7,3,1,0,1,1,18.04,43.31,1
6154,23.0,Male,Desktop,13.01,16,4,8,0,0,0,15.65,0.77,1
6155,33.0,Female,Unknown,10.68,4,0,4,0,0,0,13.22,80.02,1
6156,51.0,Female,Desktop,17.17,12,9,6,1,0,1,11.85,94.31,1
6157,40.0,Male,Mobile,11.03,0,9,3,1,0,0,9.58,92.08,1
6158,59.0,Female,Mobile,13.08,2,2,9,1,1,0,16.12,38.43,1
6159,41.0,Male,Mobile,24.13,6,10,3,0,1,0,27.88,78.78,1
6160,30.0,Male,Mobile,5.7,15,0,2,1,1,0,7.77,49.8,1
6161,35.0,Male,Desktop,18.95,15,10,0,0,1,1,13.45,98.0,0
6162,30.0,Female,Desktop,15.66,16,10,1,1,1,1,19.55,96.33,1
6163,54.0,Male,Mobile,9.85,3,14,8,1,0,1,5.31,77.34,1
6164,56.0,Male,Mobile,22.1,1,7,0,0,0,0,17.68,47.13,1
6165,59.0,Female,Mobile,16.98,12,7,4,0,0,0,19.2,90.19,1
6166,34.0,Unknown,Tablet,14.84,15,12,1,1,1,1,21.96,22.4,1
6167,32.0,Female,Mobile,20.36,19,3,3,1,1,1,30.32,21.42,1
6168,35.0,Female,Desktop,24.27,6,14,6,1,0,1,22.79,55.82,1
6169,40.0,Female,Mobile,29.21,19,6,4,0,1,0,36.94,81.9,1
6170,47.0,Male,Desktop,19.25,17,14,0,0,0,1,21.18,6.21,1
6171,51.0,Male,Mobile,26.36,9,3,2,0,1,0,31.87,78.47,1
6172,21.0,Female,Mobile,1.03,13,13,9,0,0,0,1.27,94.93,1
6173,20.0,Female,Desktop,16.38,15,2,8,1,0,1,17.16,54.6,1
6174,24.0,Female,Mobile,7.22,16,6,0,0,0,0,9.49,21.36,1
6175,35.0,Male,Mobile,3.73,13,13,9,1,1,1,4.05,63.17,1
6176,59.0,Female,Mobile,16.43,2,5,3,0,0,1,9.87,19.68,1
6177,24.0,Female,Mobile,22.66,2,0,4,1,0,0,33.75,39.05,1
6178,57.0,Female,Mobile,15.74,11,8,9,0,0,0,10.42,69.96,1
6179,23.0,Male,Desktop,20.43,16,11,2,1,1,1,29.91,38.14,1
6180,39.0,Female,Tablet,15.2,17,1,2,0,0,1,12.05,48.44,1
6181,18.0,Male,Mobile,13.68,3,12,0,1,1,1,18.51,54.53,1
6182,21.0,Male,Mobile,9.42,1,2,5,0,0,1,11.21,33.94,1
6183,46.0,Female,Mobile,12.1,18,4,3,1,1,1,10.37,49.5,1
6184,38.0,Female,Mobile,11.14,14,14,7,0,1,1,16.02,51.09,1
6185,43.0,Female,Mobile,19.74,9,2,5,0,0,0,21.38,48.78,1
6186,31.0,Male,Desktop,4.36,9,2,2,0,0,0,5.8,42.65,1
6187,26.0,Male,Mobile,3.69,12,7,6,1,1,0,4.79,18.45,1
6188,29.0,Male,Mobile,20.14,3,13,2,0,1,1,11.0,5.23,1
6189,59.0,Female,Desktop,16.84,2,3,8,0,1,0,12.95,82.66,1
6190,23.0,Male,Tablet,13.48,1,12,7,0,0,0,13.11,53.23,1
6191,37.0,Female,Tablet,5.42,9,12,2,0,0,1,7.77,98.03,1
6192,41.0,Female,Desktop,12.92,13,9,1,0,1,0,7.27,97.78,1
6193,44.0,Female,Tablet,23.9,16,1,2,0,0,0,16.39,58.01,1
6194,55.0,Male,Mobile,26.8,19,4,3,0,0,1,30.14,49.01,1
6195,25.0,Male,Mobile,21.37,10,1,0,1,0,0,24.63,18.65,1
6196,18.0,Male,Mobile,2.74,5,0,8,1,1,1,1.82,37.93,1
6197,41.0,Female,Desktop,20.44,14,10,9,1,0,0,29.6,78.54,1
6198,24.0,Male,Unknown,7.99,15,11,1,1,0,0,5.41,96.32,1
6199,36.0,Male,Mobile,10.14,3,7,7,0,1,0,6.92,59.98,1
6200,39.0,Female,Desktop,6.68,9,14,6,0,1,0,7.59,61.69,1
6201,52.0,Female,Desktop,23.5,1,2,0,0,1,0,21.65,94.25,1
6202,47.0,Male,Tablet,19.81,1,13,5,0,0,0,10.42,12.69,1
6203,46.0,Female,Desktop,18.74,19,1,5,0,0,0,26.62,61.18,1
6204,39.0,Male,Tablet,20.37,6,2,8,0,0,1,11.72,58.54,1
6205,28.0,Female,Mobile,7.87,11,2,9,1,1,0,5.17,20.51,1
6206,37.0,Female,Mobile,13.89,18,0,7,0,1,1,19.41,77.38,1
6207,46.0,Male,Mobile,19.36,14,2,6,0,0,1,15.01,11.92,1
6208,58.0,Female,Mobile,19.46,16,2,6,0,0,0,25.64,6.32,1
6209,59.0,Female,Mobile,23.96,1,3,4,0,0,1,16.07,48.61,1
6210,51.0,Female,Desktop,9.33,10,12,1,0,1,0,5.11,29.97,1
6211,18.0,Male,Desktop,23.34,10,7,9,0,1,0,17.15,43.61,1
6212,48.0,Female,Desktop,13.77,13,8,4,0,0,0,17.1,11.26,1
6213,47.0,Female,Mobile,15.74,1,0,0,1,1,1,23.76,45.24,1
6214,35.0,Male,Mobile,14.22,3,0,9,1,1,0,11.53,43.96,1
6215,34.0,Male,Mobile,28.51,14,5,5,1,0,1,32.32,96.65,1
6216,55.0,Female,Mobile,6.2,16,0,1,1,0,1,7.22,72.26,1
6217,31.0,Female,Mobile,20.58,6,11,0,0,0,0,21.91,92.05,1
6218,40.0,Female,Mobile,17.72,1,4,0,1,0,0,25.44,78.12,1
6219,42.0,Male,Mobile,6.01,5,13,0,1,0,0,7.77,78.78,1
6220,32.0,Female,Desktop,2.91,0,11,3,0,0,1,3.83,86.57,1
6221,39.0,Male,Mobile,24.18,12,0,4,1,0,1,22.39,25.59,1
6222,20.0,Male,Tablet,5.57,1,12,4,0,0,0,6.59,42.67,1
6223,36.0,Female,Mobile,6.41,13,7,0,1,1,1,4.38,87.52,1
0,39.0,Female,Tablet,29.37,9,11,5,1,0,0,23.38,6.69,1
6225,52.0,Male,Mobile,21.8,8,4,2,1,1,0,21.85,5.51,1
6226,18.0,Female,Mobile,8.26,13,5,3,0,0,0,10.87,64.79,1
6227,38.0,Unknown,Mobile,18.14,2,3,4,0,1,1,15.18,90.96,1
6228,46.0,Male,Desktop,16.49,15,14,3,1,0,1,15.5,79.42,1
6229,23.0,Female,Mobile,25.49,14,12,3,1,1,0,37.15,79.9,1
6230,54.0,Male,Mobile,22.15,19,7,9,0,0,1,17.37,36.0,1
6231,18.0,Female,Desktop,25.12,9,11,0,0,0,1,28.09,59.17,1
6232,18.0,Male,Mobile,7.13,19,8,1,1,1,0,4.28,77.15,1
6233,44.0,Male,Mobile,19.57,14,8,1,1,1,1,17.84,79.37,1
6234,38.0,Female,Mobile,2.17,8,0,1,1,1,1,1.8,58.06,1
6235,33.0,Male,Desktop,3.0,5,13,9,1,0,1,1.54,80.04,1
6236,57.0,Male,Mobile,21.69,7,6,0,0,1,1,23.54,2.69,1
6237,43.0,Female,Mobile,1.71,4,3,9,1,1,1,1.42,49.5,1
0,33.0,Female,Mobile,17.81,8,12,7,0,0,0,13.39,87.06,1
6239,45.0,Female,Mobile,25.37,4,12,0,0,0,0,35.33,5.19,1
6240,18.0,Male,Desktop,12.02,1,9,7,0,0,0,14.3,41.93,1
6241,53.0,Male,Mobile,15.74,8,10,0,0,0,0,2.08,91.95,1
6242,27.0,Male,Mobile,21.7,7,7,9,0,1,0,31.45,51.28,1
6243,34.0,Female,Mobile,27.96,11,14,2,0,0,1,16.23,9.15,1
6244,40.0,Male,Mobile,21.8,16,6,8,0,0,1,31.36,96.65,1
6245,24.0,Male,Mobile,17.77,17,0,7,0,1,0,15.82,35.85,1
6246,24.0,Female,Mobile,7.67,5,0,1,0,0,1,9.9,51.62,1
6247,32.0,Male,Mobile,1.45,7,0,3,1,1,1,1.24,63.2,1
6248,51.0,Female,Tablet,21.15,10,1,7,0,1,1,19.36,83.24,1
6249,21.0,Female,Mobile,7.7,13,9,8,1,1,0,7.22,87.31,1
6250,31.0,Female,Mobile,25.89,15,1,6,0,1,0,37.46,65.31,1
6251,31.0,Male,Mobile,14.52,6,8,0,0,0,1,15.25,94.84,1
6252,33.0,Male,Mobile,16.39,2,4,7,1,0,0,11.75,21.9,1
6253,24.0,Male,Desktop,22.86,4,0,0,0,1,0,25.41,90.48,1
6254,49.0,Female,Mobile,23.6,14,6,8,0,1,1,32.79,19.01,1
6255,36.0,Female,Mobile,19.64,15,9,7,1,0,0,14.03,89.44,1
6256,19.0,Female,Desktop,28.21,14,1,3,1,1,1,23.63,21.59,1
6257,27.0,Male,Mobile,29.49,4,2,9,0,0,0,31.6,71.92,1
6258,34.0,Male,Mobile,28.46,6,3,3,0,0,1,42.33,81.7,1
6259,54.0,Male,Mobile,24.9,7,2,3,1,1,1,24.04,39.05,1
6260,29.0,Male,Mobile,21.46,13,2,5,0,0,0,23.27,11.35,1
6261,23.0,Male,Desktop,15.74,17,8,1,0,1,1,12.86,36.25,1
6262,39.0,Female,Mobile,4.01,17,11,3,0,1,1,5.05,6.16,1
6263,49.0,Male,Mobile,8.87,4,14,3,1,0,0,6.39,65.93,1
6264,58.0,Female,Mobile,1.16,19,3,7,0,1,1,0.96,69.72,1
6265,37.0,Female,Mobile,4.98,13,7,1,1,0,0,6.02,26.83,1
6266,18.0,Male,Tablet,13.74,9,0,7,0,0,0,16.66,65.16,1
6267,23.0,Female,Mobile,5.25,2,12,9,0,0,0,4.3,5.85,1
0,36.0,Male,Tablet,27.15,18,5,1,0,1,0,36.66,3.15,1
6269,35.0,Male,Mobile,24.37,17,0,8,1,0,0,31.55,40.8,1
6270,23.0,Female,Desktop,3.08,7,0,8,1,1,1,3.44,48.44,1
6271,50.0,Male,Mobile,8.22,17,4,5,1,0,1,5.58,1.86,1
6272,40.0,Male,Mobile,24.75,10,6,9,0,0,0,34.77,58.99,1
6273,40.0,Female,Desktop,24.29,14,12,4,0,1,1,24.96,83.28,1
6274,43.0,Female,Desktop,28.42,12,11,6,1,1,0,24.91,41.05,1
6275,30.0,Female,Mobile,29.93,12,0,7,1,0,1,42.72,74.71,1
6276,24.0,Female,Mobile,29.31,17,8,7,1,1,0,43.13,15.11,1
6277,32.0,Female,Mobile,12.89,19,11,2,0,1,1,15.69,52.96,1
6278,44.0,Female,Tablet,8.26,14,10,2,0,1,1,10.67,78.92,1
6279,43.0,Male,Mobile,22.99,17,0,4,1,1,1,17.17,68.2,1
6280,50.0,Male,Desktop,9.68,15,0,4,0,1,1,7.35,77.97,1
6281,32.0,Male,Desktop,24.39,6,14,1,0,1,1,26.08,72.11,1
6282,53.0,Female,Desktop,16.48,19,13,4,1,0,0,24.44,12.1,1
6283,44.0,Male,Mobile,24.02,6,1,0,0,1,1,29.86,10.27,1
6284,22.0,Female,Mobile,9.0,6,1,6,1,1,1,11.21,97.55,1
6285,19.0,Male,Tablet,15.73,4,8,6,1,1,0,11.92,48.23,1
6286,50.0,Female,Desktop,17.36,1,12,0,1,0,1,15.97,73.24,1
6287,33.0,Male,Desktop,28.35,19,13,2,1,1,1,23.89,68.15,1
6288,40.0,Female,Mobile,8.73,11,13,7,1,0,0,7.0,4.43,1
6289,55.0,Female,Desktop,28.16,7,3,8,0,1,0,14.3,49.66,1
6290,33.0,Female,Mobile,24.34,2,14,2,1,0,1,14.6,52.14,1
6291,31.0,Female,Mobile,22.2,4,5,5,1,0,0,14.77,80.86,1
6292,46.0,Male,Desktop,23.82,6,12,5,0,0,1,21.73,96.22,1
6293,43.0,Male,Mobile,18.56,5,9,5,0,0,1,14.9,28.94,1
6294,52.0,Female,Desktop,8.08,9,1,4,1,0,0,11.34,5.89,1
6295,32.0,Female,Mobile,6.5,11,14,5,1,1,1,4.55,47.53,1
6296,20.0,Female,Mobile,26.12,18,3,5,1,1,0,19.56,2.98,1
6297,40.0,Male,Mobile,22.03,17,0,9,1,1,0,14.94,38.54,1
6298,46.0,Female,Mobile,7.18,13,14,5,0,0,1,9.75,27.33,1
6299,51.0,Female,Mobile,18.84,17,2,7,1,0,0,13.23,24.3,1
6300,50.0,Male,Desktop,13.98,10,1,5,1,1,0,11.91,0.16,1
6301,58.0,Female,Desktop,5.6,18,13,2,1,1,1,6.55,25.06,1
6302,58.0,Female,Mobile,16.42,17,7,6,1,1,0,9.48,31.99,1
6303,40.0,Male,Mobile,9.16,12,4,5,0,1,0,12.06,91.1,1
6304,24.0,Female,Desktop,3.79,15,4,8,0,1,1,4.57,8.83,1
6305,20.0,Female,Desktop,14.54,19,7,3,1,1,1,11.07,76.7,1
6306,49.0,Male,Desktop,18.11,15,10,0,1,0,1,16.15,72.49,1
6307,48.0,Female,Desktop,2.36,13,14,5,1,1,0,2.64,32.63,1
6308,35.0,Male,Mobile,12.66,7,7,8,0,0,1,18.31,90.7,1
6309,24.0,Female,Mobile,8.47,11,12,7,1,1,1,9.56,65.53,1
6310,58.0,Female,Mobile,1.89,8,6,1,0,0,1,1.42,9.7,1
6311,18.0,Female,Mobile,4.64,16,4,2,0,1,0,4.56,20.4,1
6312,31.0,Female,Desktop,5.03,11,6,7,1,0,1,4.78,40.11,1
6313,49.0,Female,Mobile,6.3,5,12,8,0,0,0,6.51,96.73,1
6314,23.0,Male,Tablet,24.3,7,0,7,0,0,0,24.76,26.44,1
6315,56.0,Female,Desktop,15.74,16,2,9,1,0,0,11.88,42.82,1
6316,27.0,Female,Desktop,5.27,16,14,0,1,0,0,7.23,56.07,1
6317,24.0,Male,Tablet,3.91,17,2,2,0,0,1,3.25,35.55,1
6318,43.0,Male,Mobile,9.64,19,1,7,0,1,0,9.93,70.1,1
6319,51.0,Female,Desktop,24.14,15,5,0,0,0,1,18.37,66.09,1
6320,39.0,Male,Mobile,11.57,15,2,6,1,1,1,10.82,6.04,1
6321,53.0,Female,Mobile,5.64,15,0,3,0,0,1,6.66,42.87,1
6322,38.0,Male,Desktop,12.72,3,3,6,1,1,0,16.0,78.11,1
6323,34.0,Male,Mobile,17.1,12,2,3,0,1,1,22.34,49.5,1
6324,50.0,Female,Tablet,1.86,6,6,7,1,1,1,2.3,46.02,0
6325,27.0,Male,Desktop,19.2,5,3,5,0,1,1,18.56,72.99,1
6326,59.0,Female,Desktop,12.46,11,4,9,0,0,1,6.7,67.05,1
6327,29.0,Male,Mobile,1.28,12,13,9,1,0,0,1.31,83.76,1
6328,33.0,Male,Desktop,20.54,7,6,7,1,0,0,11.4,5.1,1
6329,58.0,Male,Mobile,21.66,9,3,0,0,0,0,31.76,53.53,1
6330,49.0,Female,Desktop,19.24,18,13,8,0,0,0,16.89,66.03,1
6331,32.0,Female,Mobile,10.92,14,5,8,0,1,1,10.96,67.54,1
6332,44.0,Male,Desktop,16.36,4,8,5,0,1,0,10.3,92.24,1
6333,45.0,Female,Mobile,12.23,8,14,8,0,0,1,18.29,41.16,1
6334,34.0,Female,Mobile,21.32,16,5,5,0,1,1,21.15,79.51,1
6335,19.0,Female,Mobile,17.92,4,4,5,1,1,0,14.31,78.6,1
6336,53.0,Male,Mobile,3.37,19,14,3,1,0,1,2.34,26.89,1
6337,24.0,Female,Desktop,19.65,6,14,2,1,0,1,22.6,26.83,1
6338,30.0,Male,Mobile,20.93,19,11,2,1,0,1,19.6,94.28,1
6339,32.0,Male,Mobile,11.75,15,13,1,1,0,0,9.6,32.44,1
6340,42.0,Male,Mobile,26.4,12,12,3,1,0,1,13.45,41.44,1
6341,40.0,Male,Mobile,25.45,12,0,8,0,0,0,13.65,60.4,1
6342,39.0,Male,Mobile,6.08,2,7,6,0,1,0,7.26,31.66,1
6343,43.0,Female,Desktop,27.22,9,4,2,1,0,0,26.69,66.18,1
6344,50.0,Female,Mobile,13.79,0,4,7,0,0,1,18.6,28.94,0
6345,28.0,Male,Mobile,21.99,1,2,8,1,1,1,27.57,52.73,1
6346,27.0,Female,Mobile,24.61,14,9,0,1,0,1,26.42,55.96,1
6347,42.0,Female,Mobile,15.65,13,11,0,1,0,1,16.6,80.06,1
6348,54.0,Female,Mobile,12.57,5,1,8,0,1,1,15.65,86.01,1
6349,55.0,Female,Mobile,27.55,7,0,8,0,0,1,34.19,68.16,1
6350,58.0,Female,Desktop,7.69,14,8,6,0,0,0,6.42,27.0,0
6351,41.0,Female,Mobile,8.45,16,4,2,1,0,0,5.11,46.39,1
6352,57.0,Female,Mobile,11.49,18,9,3,0,1,1,14.61,56.28,1
6353,50.0,Male,Mobile,25.92,14,11,6,1,0,0,18.74,29.78,1
6354,34.0,Male,Desktop,28.22,1,14,8,1,1,0,36.44,94.0,1
6355,41.0,Male,Tablet,7.38,6,3,7,0,0,0,8.25,10.86,1
6356,54.0,Female,Mobile,26.05,10,6,7,1,1,1,22.35,83.35,1
6357,19.0,Unknown,Tablet,8.49,6,12,0,1,1,0,11.48,42.64,1
6358,49.0,Male,Mobile,29.15,2,3,5,1,0,0,34.72,94.55,1
6359,41.0,Female,Mobile,18.32,7,0,5,1,0,0,19.15,53.25,1
6360,26.0,Female,Mobile,1.21,17,14,4,0,1,1,0.97,72.97,1
6361,21.0,Male,Mobile,1.99,14,1,0,0,1,0,2.96,73.45,0
6362,34.0,Male,Mobile,5.28,7,8,2,1,1,1,7.07,69.8,1
6363,34.0,Male,Mobile,6.44,9,7,3,0,0,1,4.1,4.94,1
6364,47.0,Female,Mobile,23.26,19,11,9,0,0,0,30.38,62.22,1
6365,57.0,Female,Mobile,7.46,11,14,6,0,1,0,4.63,89.48,1
6366,28.0,Female,Mobile,29.11,3,3,4,1,1,1,21.77,84.35,1
6367,38.0,Male,Mobile,19.45,4,7,1,0,0,0,14.3,91.49,1
6368,38.0,Male,Desktop,21.08,5,11,2,1,1,1,28.88,44.44,1
6369,35.0,Female,Mobile,7.32,4,12,0,0,0,1,8.1,45.46,1
6370,46.0,Male,Desktop,26.89,13,8,5,0,1,1,32.24,80.82,1
6371,39.0,Male,Desktop,20.37,9,14,7,0,0,1,12.01,30.35,1
6372,27.0,Female,Mobile,26.07,14,1,3,1,1,0,21.7,76.51,1
6373,34.0,Male,Mobile,28.74,16,3,1,0,0,1,23.64,50.44,1
6374,35.0,Male,Mobile,4.64,6,10,3,0,0,1,2.47,26.43,1
6375,39.0,Male,Mobile,3.8,10,5,9,0,1,1,4.58,64.37,1
6376,37.0,Female,Mobile,24.3,13,6,3,1,1,1,19.62,29.58,1
6377,54.0,Female,Mobile,26.12,3,4,4,0,1,1,29.6,67.18,0
6378,35.0,Male,Mobile,17.93,11,9,2,0,0,1,9.45,56.93,1
6379,34.0,Female,Desktop,11.61,3,11,8,0,1,0,5.82,72.22,1
6380,26.0,Female,Mobile,19.93,7,9,6,0,0,0,13.35,59.91,1
6381,31.0,Female,Desktop,9.86,10,12,8,0,0,0,11.86,49.5,1
6382,46.0,Male,Mobile,7.91,1,6,6,0,0,0,8.73,99.62,1
6383,48.0,Female,Desktop,15.16,4,13,9,0,0,0,10.63,46.78,1
6384,21.0,Male,Mobile,7.27,8,10,3,1,0,0,7.44,59.83,1
6385,35.0,Male,Mobile,15.03,17,14,4,1,0,1,16.82,10.19,1
6386,37.0,Female,Tablet,28.74,5,3,6,0,0,1,41.36,95.04,1
6387,26.0,Male,Desktop,25.35,17,7,5,1,0,1,32.0,49.5,1
6388,30.0,Female,Mobile,28.31,9,2,8,0,1,0,18.0,10.28,1
6389,32.0,Female,Mobile,24.38,8,12,2,0,1,0,18.78,40.0,1
6390,44.0,Male,Desktop,11.29,7,2,7,0,1,0,10.2,8.13,1
6391,32.0,Male,Desktop,24.55,5,4,9,1,1,0,14.86,49.72,1
6392,45.0,Female,Mobile,27.76,4,5,3,1,1,1,29.3,27.71,1
6393,54.0,Female,Mobile,28.46,3,2,8,1,0,1,40.05,34.03,1
6394,36.0,Female,Desktop,20.81,8,9,0,0,1,0,16.78,6.91,1
6395,43.0,Female,Mobile,7.13,5,14,4,1,1,1,10.59,76.24,1
6396,43.0,Male,Desktop,2.15,5,1,3,1,0,0,1.61,84.11,1
6397,42.0,Unknown,Mobile,5.27,17,4,4,0,0,1,5.12,14.01,1
6398,43.0,Male,Tablet,29.0,15,9,5,0,1,1,24.45,75.07,1
6399,43.0,Female,Desktop,14.4,8,5,0,0,1,0,11.64,12.86,1
6400,45.0,Male,Desktop,25.79,7,2,7,0,1,0,22.64,8.55,1
6401,35.0,Male,Mobile,14.49,0,6,2,0,1,1,7.71,11.41,1
6402,49.0,Male,Mobile,20.16,12,0,6,0,0,0,20.81,3.18,1
6403,20.0,Male,Mobile,1.7,4,14,6,0,1,1,2.11,37.61,1
6404,19.0,Female,Desktop,8.25,18,11,8,0,1,1,11.25,95.29,1
6405,50.0,Male,Desktop,13.65,4,12,6,1,0,1,11.25,89.93,1
6406,59.0,Male,Mobile,19.29,10,1,7,1,1,1,20.26,33.19,1
6407,36.0,Male,Desktop,5.97,3,13,3,0,0,1,8.31,79.46,1
6408,34.0,Male,Desktop,23.17,5,12,9,1,0,1,30.12,49.5,1
6409,50.0,Female,Mobile,11.57,12,9,3,0,0,1,11.15,15.21,1
6410,29.0,Female,Mobile,24.71,5,3,9,1,0,1,16.43,22.95,1
6411,20.0,Male,Desktop,3.84,0,2,7,1,0,0,4.06,69.05,1
6412,43.0,Female,Mobile,20.71,4,6,3,1,1,1,30.85,26.4,1
6413,52.0,Female,Desktop,9.51,6,7,3,0,1,1,11.96,93.82,1
6414,25.0,Female,Mobile,24.07,10,2,9,0,0,1,32.45,23.07,1
6415,53.0,Female,Tablet,12.66,6,5,2,0,1,0,8.72,79.91,1
6416,24.0,Male,Mobile,20.3,1,0,2,0,0,1,28.5,75.81,1
6417,53.0,Female,Mobile,28.09,16,4,3,0,0,0,14.44,50.38,1
6418,33.0,Female,Mobile,1.6,11,1,1,0,1,0,2.18,26.33,1
6419,41.0,Male,Mobile,1.32,0,0,2,1,1,0,0.98,3.39,1
6420,18.0,Male,Mobile,23.34,18,12,1,1,1,1,26.2,82.84,1
6421,42.0,Male,Mobile,19.75,6,6,5,0,1,1,15.66,37.78,1
6422,27.0,Male,Tablet,9.5,17,9,2,0,1,1,6.04,34.01,1
6423,33.0,Female,Tablet,15.34,12,3,1,1,0,1,11.46,4.45,1
6424,33.0,Male,Mobile,2.22,17,4,8,1,1,0,2.16,15.13,1
6425,25.0,Female,Desktop,6.58,18,1,7,1,1,1,9.34,36.79,1
6426,46.0,Female,Mobile,13.31,10,7,4,0,1,0,11.83,69.08,1
6427,56.0,Male,Desktop,25.19,12,14,8,0,1,0,14.0,20.73,1
6428,45.0,Male,Desktop,14.91,4,10,4,1,1,1,7.81,16.36,1
6429,23.0,Female,Mobile,18.0,10,12,4,1,1,1,12.78,26.23,1
6430,33.0,Female,Desktop,15.74,5,9,3,1,0,0,14.54,28.34,1
6431,37.0,Male,Desktop,15.74,4,13,2,1,0,0,8.68,41.0,1
6432,33.0,Male,Mobile,21.32,16,2,9,1,0,1,18.85,36.09,1
6433,39.0,Male,Tablet,25.99,5,6,8,1,0,1,38.26,7.39,1
6434,58.0,Female,Tablet,6.88,19,10,3,1,0,1,5.55,61.79,1
6435,31.0,Female,Mobile,11.34,6,0,6,0,1,0,12.46,13.05,1
6436,43.0,Male,Desktop,29.41,7,9,4,0,0,0,38.79,86.84,1
6437,39.0,Female,Tablet,29.51,10,0,6,1,1,0,29.89,85.95,1
6438,31.0,Male,Mobile,7.47,7,13,7,1,0,0,8.94,7.24,1
6439,24.0,Female,Mobile,2.93,14,6,7,1,0,1,4.32,41.31,1
6440,50.0,Female,Mobile,15.74,10,0,9,1,1,1,7.3,47.69,1
0,43.0,Male,Desktop,12.53,11,11,5,1,1,1,7.19,99.59,1
6442,37.0,Male,Desktop,13.79,14,8,4,0,0,1,12.83,25.13,1
6443,20.0,Male,Mobile,18.95,12,8,1,1,0,1,19.72,63.6,1
6444,21.0,Female,Tablet,27.09,4,7,7,1,0,1,29.26,45.71,1
6445,43.0,Female,Desktop,10.58,13,7,4,1,1,0,13.1,76.86,1
6446,28.0,Male,Desktop,25.65,3,14,7,1,0,1,35.86,24.84,1
6447,19.0,Unknown,Mobile,3.71,13,3,5,0,1,0,3.71,68.09,1
6448,31.0,Male,Mobile,2.21,19,3,7,0,1,1,1.42,12.99,1
0,47.0,Female,Desktop,15.62,15,4,0,0,1,1,14.11,1.51,1
6450,29.0,Male,Mobile,2.73,19,8,8,0,1,1,1.79,1.82,1
6451,43.0,Female,Desktop,12.38,4,2,8,0,1,0,8.45,49.27,1
6452,50.0,Female,Desktop,27.01,6,3,2,0,1,0,13.55,77.07,1
6453,30.0,Female,Mobile,8.0,15,9,4,0,0,0,11.44,57.76,1
6454,31.0,Female,Desktop,21.47,4,4,6,1,1,1,26.74,3.63,1
6455,41.0,Male,Mobile,9.77,6,6,7,0,0,0,5.86,55.21,1
6456,51.0,Female,Mobile,2.3,2,4,6,0,1,1,3.27,11.33,1
6457,43.0,Male,Mobile,17.14,4,8,2,0,0,1,23.49,96.54,1
6458,38.0,Male,Mobile,25.21,0,5,6,0,1,1,35.54,35.26,1
6459,45.0,Male,Mobile,12.87,15,2,0,0,1,0,7.69,50.34,1
6460,53.0,Male,Desktop,18.9,12,5,4,0,0,0,10.96,33.87,1
6461,57.0,Female,Desktop,27.1,8,5,8,1,1,0,15.39,46.71,1
6462,19.0,Male,Mobile,23.9,12,14,1,1,0,1,35.06,95.85,1
6463,59.0,Female,Desktop,6.62,9,11,2,1,1,0,7.68,26.05,1
6464,26.0,Female,Mobile,22.27,7,9,8,1,0,1,15.1,71.81,1
6465,40.0,Female,Mobile,15.55,8,0,2,1,0,1,22.22,75.53,1
6466,32.0,Female,Desktop,22.63,10,6,7,0,1,0,21.34,19.06,1
6467,30.0,Male,Desktop,15.34,11,2,5,1,1,1,19.72,72.91,1
6468,40.0,Female,Desktop,4.71,2,0,6,0,0,1,5.35,64.8,1
6469,34.0,Male,Mobile,17.53,4,0,0,1,1,1,20.15,29.1,1
6470,19.0,Female,Desktop,15.27,9,4,9,1,0,0,14.35,52.27,1
6471,37.0,Female,Desktop,16.02,8,13,6,1,0,1,14.34,59.0,1
6472,37.0,Male,Tablet,26.49,5,9,9,1,0,1,17.53,83.66,1
6473,20.0,Female,Mobile,26.95,14,9,9,1,0,0,15.38,12.48,1
6474,29.0,Female,Mobile,14.15,2,1,2,1,1,0,20.21,97.2,1
6475,57.0,Female,Desktop,14.22,0,1,4,0,1,1,20.43,76.92,0
6476,19.0,Female,Tablet,15.94,8,11,5,1,0,0,18.19,53.5,1
6477,53.0,Female,Mobile,16.07,2,3,8,1,1,0,14.27,77.62,1
6478,31.0,Male,Mobile,28.56,15,9,3,1,0,1,15.0,73.32,1
6479,33.0,Female,Mobile,19.83,2,0,7,1,0,1,18.79,46.01,1
6480,36.0,Female,Mobile,9.05,11,10,7,0,0,1,10.49,33.61,1
6481,51.0,Male,Mobile,16.41,14,11,9,0,1,0,13.13,98.86,1
6482,23.0,Female,Mobile,19.19,10,11,5,1,0,0,16.17,88.44,1
6483,30.0,Male,Mobile,19.55,7,14,7,1,0,1,19.01,95.09,1
6484,53.0,Female,Unknown,17.97,14,14,4,0,0,1,17.88,4.85,1
6485,39.0,Female,Mobile,6.15,13,6,0,1,1,0,7.64,81.52,1
6486,35.0,Male,Mobile,15.74,2,7,3,1,1,1,1.97,89.12,1
6487,29.0,Female,Mobile,10.8,10,10,5,1,1,1,14.53,47.69,1
6488,47.0,Female,Tablet,13.4,1,0,8,0,1,0,13.17,89.09,1
6489,57.0,Male,Mobile,2.79,1,6,3,0,0,0,1.48,10.09,0
6490,24.0,Male,Desktop,24.63,3,8,5,0,1,1,14.3,6.05,1
6491,49.0,Female,Mobile,10.98,11,6,9,0,0,1,13.38,29.16,1
6492,36.0,Male,Tablet,27.5,19,3,4,1,1,1,26.18,2.62,1
6493,23.0,Female,Mobile,5.48,9,8,8,0,0,0,5.27,68.4,1
6494,37.0,Male,Mobile,2.65,13,8,9,1,0,1,3.92,92.7,1
6495,44.0,Female,Mobile,14.99,4,2,5,0,1,1,16.06,29.51,1
6496,54.0,Male,Desktop,6.48,6,9,2,0,1,0,4.0,65.96,1
6497,24.0,Male,Mobile,28.18,2,13,1,1,0,0,26.31,46.8,1
6498,22.0,Male,Unknown,1.3,9,7,2,1,0,0,1.38,25.51,1
6499,28.0,Male,Mobile,12.97,18,0,5,0,0,0,6.97,91.86,1
6500,32.0,Male,Desktop,15.74,4,1,9,0,1,0,24.11,95.79,1
0,20.0,Male,Mobile,12.15,1,7,7,1,1,1,17.83,13.48,1
6502,22.0,Male,Mobile,3.7,1,12,7,0,1,0,4.63,76.7,1
6503,40.0,Male,Mobile,9.78,17,7,4,0,1,1,8.53,18.88,1
6504,54.0,Male,Mobile,15.44,19,5,0,0,0,0,11.77,48.82,1
6505,26.0,Female,Desktop,6.37,3,7,0,0,1,1,4.99,36.1,1
6506,32.0,Male,Mobile,14.53,17,13,6,1,1,0,19.3,24.4,1
6507,20.0,Female,Mobile,25.25,3,13,1,1,1,0,22.77,67.58,1
6508,46.0,Male,Desktop,26.31,4,7,3,0,0,0,35.34,85.54,1
6509,23.0,Female,Desktop,2.43,13,1,9,0,1,1,3.42,78.12,1
6510,34.0,Female,Mobile,5.67,15,2,4,1,1,1,5.47,72.23,1
6511,43.0,Male,Desktop,8.98,12,0,7,1,0,0,12.98,6.63,1
6512,38.0,Male,Unknown,18.25,3,2,9,0,0,1,14.6,9.74,1
6513,25.0,Female,Mobile,11.47,8,12,8,1,1,1,8.72,46.48,1
6514,38.0,Female,Tablet,25.48,1,14,0,0,1,1,15.47,55.58,1
6515,28.0,Male,Tablet,21.78,18,14,8,0,1,0,16.24,72.34,1
6516,55.0,Male,Mobile,3.91,13,10,4,1,1,0,4.98,35.59,1
6517,25.0,Male,Mobile,19.11,7,1,3,1,1,0,17.27,2.29,1
6518,59.0,Female,Mobile,4.28,13,5,9,0,1,1,2.77,3.61,1
6519,41.0,Male,Unknown,8.4,17,1,4,0,0,1,5.1,85.48,1
6520,52.0,Male,Mobile,6.16,13,13,8,0,1,1,6.1,12.86,1
6521,31.0,Male,Mobile,6.02,13,1,7,0,0,0,6.26,93.69,1
6522,31.0,Male,Tablet,18.88,11,14,9,1,0,0,24.44,33.26,1
6523,27.0,Male,Desktop,17.34,14,10,4,1,1,1,21.06,58.37,0
6524,29.0,Female,Mobile,6.1,10,1,9,1,0,0,4.07,16.86,1
6525,55.0,Female,Mobile,29.72,8,3,4,1,0,1,23.09,45.4,1
6526,51.0,Male,Mobile,13.23,6,13,0,0,0,0,15.79,87.58,1
6527,58.0,Male,Mobile,3.82,19,6,8,0,0,1,2.6,98.41,1
6528,27.0,Female,Mobile,4.5,19,14,2,1,0,0,5.86,76.65,1
6529,34.0,Male,Desktop,17.93,12,5,0,0,1,1,20.75,76.46,1
6530,34.0,Female,Mobile,29.39,0,4,4,0,1,0,30.46,88.53,1
6531,20.0,Male,Desktop,17.59,18,3,9,1,0,1,20.13,24.49,1
6532,48.0,Female,Desktop,28.52,18,1,2,0,0,0,17.1,73.63,1
6533,18.0,Female,Mobile,13.88,3,10,5,0,1,1,14.55,55.83,1
6534,29.0,Male,Mobile,13.64,9,7,6,0,1,1,12.98,26.17,1
6535,56.0,Female,Desktop,15.5,6,12,3,1,1,1,15.7,5.55,1
6536,21.0,Male,Tablet,21.23,1,11,3,0,1,0,17.78,20.08,1
6537,59.0,Female,Desktop,11.66,10,1,1,1,0,0,11.29,65.02,1
6538,30.0,Male,Mobile,26.05,8,14,1,1,0,0,36.03,56.98,1
6539,51.0,Male,Mobile,1.85,17,14,6,0,1,1,1.56,6.93,1
6540,59.0,Male,Mobile,13.75,3,10,4,1,0,1,7.49,56.23,1
6541,38.0,Female,Tablet,15.82,3,7,4,1,0,0,11.97,39.06,1
6542,39.0,Male,Desktop,18.6,3,9,1,0,1,1,17.75,1.49,1
6543,21.0,Male,Desktop,9.01,7,13,6,1,1,0,9.31,90.95,1
6544,35.0,Male,Mobile,13.4,11,3,1,0,0,1,12.42,25.84,1
6545,22.0,Female,Desktop,15.05,18,11,4,1,1,1,19.97,55.34,1
6546,36.0,Male,Mobile,20.92,5,4,4,1,0,0,29.61,58.91,1
6547,19.0,Female,Mobile,23.43,2,14,2,0,1,1,23.12,49.88,1
6548,29.0,Female,Mobile,22.4,14,10,1,1,0,1,12.9,23.96,1
6549,34.0,Female,Tablet,10.91,1,0,2,0,1,1,10.05,40.74,1
6550,27.0,Male,Desktop,29.98,4,1,4,0,0,1,20.42,29.03,1
6551,51.0,Male,Mobile,25.61,14,10,5,1,1,1,20.07,43.36,1
6552,23.0,Female,Desktop,8.54,15,7,3,0,1,1,11.38,8.27,1
6553,25.0,Male,Mobile,6.66,17,0,6,0,0,1,6.9,16.59,1
6554,28.0,Male,Mobile,10.11,3,2,1,1,1,0,13.43,13.75,1
6555,29.0,Female,Mobile,14.12,4,1,5,1,0,0,20.98,59.5,1
6556,26.0,Female,Mobile,25.67,18,9,8,0,1,1,26.83,65.59,1
6557,19.0,Male,Mobile,23.57,1,4,9,0,0,0,33.29,91.4,1
6558,25.0,Female,Mobile,25.69,5,11,0,0,1,1,30.4,26.22,1
6559,28.0,Male,Desktop,8.89,18,3,3,0,1,1,5.35,39.35,1
6560,53.0,Female,Mobile,18.21,13,3,8,0,0,0,16.71,62.24,1
6561,27.0,Male,Desktop,9.21,14,12,5,0,0,1,10.67,97.18,1
0,38.0,Male,Mobile,4.16,3,0,3,1,0,0,5.01,39.15,1
6563,37.0,Female,Desktop,20.84,6,10,0,0,1,0,28.36,28.96,1
6564,25.0,Male,Desktop,5.15,11,3,8,0,0,1,5.86,38.78,1
6565,53.0,Male,Desktop,20.36,9,3,9,1,1,0,12.01,30.93,1
6566,46.0,Female,Mobile,19.79,19,5,2,0,0,1,12.71,8.51,1
6567,59.0,Male,Desktop,24.5,7,1,5,1,0,0,20.29,34.6,1
0,29.0,Male,Mobile,5.05,0,12,0,1,1,0,4.01,58.53,1
6569,31.0,Male,Desktop,23.72,7,12,5,0,1,1,17.12,18.28,1
6570,38.0,Female,Mobile,29.98,5,14,2,0,0,0,33.5,83.37,1
6571,39.0,Female,Mobile,25.68,4,3,2,0,0,0,23.87,73.54,1
6572,38.0,Female,Mobile,22.8,17,13,6,1,1,1,27.02,55.86,1
6573,47.0,Female,Desktop,15.74,5,6,8,1,1,0,17.92,73.75,1
6574,56.0,Female,Mobile,13.23,17,6,5,1,0,0,10.24,31.67,1
6575,37.0,Male,Tablet,22.18,17,0,0,0,1,1,23.3,20.01,1
6576,41.0,Male,Tablet,22.0,17,9,8,1,1,0,13.13,84.23,1
6577,40.0,Male,Desktop,19.31,1,0,4,1,0,1,28.75,81.88,1
6578,24.0,Female,Mobile,24.09,2,8,1,0,1,1,27.84,73.6,1
6579,26.0,Male,Desktop,14.01,19,6,2,1,0,1,8.72,25.63,1
6580,18.0,Female,Mobile,4.52,9,10,4,1,1,0,5.07,34.37,1
6581,43.0,Male,Mobile,17.21,15,5,1,1,0,1,9.89,49.5,1
6582,55.0,Female,Tablet,8.69,19,13,2,1,1,0,8.74,18.42,1
6583,55.0,Male,Tablet,12.15,5,1,7,0,0,0,9.61,76.0,1
6584,39.0,Male,Tablet,1.51,13,5,5,1,1,0,1.81,18.47,1
6585,27.0,Female,Mobile,12.1,4,4,1,1,1,1,11.94,22.18,1
6586,23.0,Male,Mobile,24.46,13,8,1,0,0,1,31.45,4.82,1
6587,34.0,Male,Mobile,16.74,6,11,0,1,1,0,12.22,66.33,1
6588,55.0,Female,Mobile,1.28,12,0,6,0,0,1,1.48,92.9,1
6589,41.0,Male,Mobile,14.63,9,4,5,0,1,1,17.38,48.38,1
6590,27.0,Male,Mobile,9.45,15,2,5,1,1,0,9.24,89.78,1
6591,25.0,Unknown,Desktop,14.85,15,8,4,1,0,1,20.17,84.1,1
6592,38.0,Female,Desktop,12.74,17,11,2,1,1,1,8.24,79.47,1
6593,23.0,Female,Desktop,28.03,5,0,7,0,0,0,35.27,16.76,1
6594,38.0,Female,Desktop,2.19,5,5,2,1,0,0,1.38,37.73,1
6595,56.0,Female,Mobile,20.82,5,2,4,1,0,0,13.68,66.38,1
6596,41.0,Male,Mobile,25.68,14,0,7,0,0,1,18.01,34.44,1
6597,50.0,Female,Desktop,28.82,2,10,2,1,0,1,33.46,71.09,1
6598,35.0,Female,Mobile,6.15,9,14,4,0,0,0,7.0,28.73,1
6599,45.0,Male,Mobile,16.41,14,2,5,0,1,1,15.52,39.26,1
6600,49.0,Male,Mobile,2.26,15,14,0,0,1,1,1.84,73.15,1
6601,29.0,Male,Mobile,15.48,4,1,1,1,0,1,17.23,11.79,1
6602,59.0,Male,Desktop,4.64,6,9,6,0,0,1,2.99,78.68,1
6603,44.0,Male,Desktop,25.3,14,11,8,1,1,1,28.56,71.26,1
6604,27.0,Female,Tablet,4.3,5,11,9,1,0,1,2.2,44.96,1
6605,59.0,Male,Mobile,15.89,11,11,3,1,0,0,10.24,43.75,1
6606,49.0,Female,Mobile,16.11,14,7,4,0,1,0,19.46,90.67,1
0,59.0,Male,Desktop,29.18,7,2,3,0,0,0,40.09,71.63,1
6608,43.0,Female,Mobile,19.99,14,10,2,0,0,0,11.51,62.02,1
6609,42.0,Male,Mobile,9.35,13,6,9,0,1,1,10.65,86.42,1
6610,28.0,Female,Tablet,7.98,18,9,1,1,0,0,4.48,33.16,1
6611,40.0,Female,Desktop,4.72,2,5,2,0,0,1,6.51,28.67,1
6612,51.0,Female,Tablet,22.94,9,14,1,0,0,1,20.45,20.98,1
6613,57.0,Female,Mobile,21.03,11,6,7,0,1,1,26.1,52.02,1
6614,40.0,Female,Mobile,18.69,11,10,0,0,0,1,14.3,98.81,1
6615,46.0,Female,Desktop,2.18,6,6,4,1,1,0,2.97,92.85,1
6616,48.0,Female,Mobile,23.12,1,9,0,1,0,1,21.48,45.53,1
6617,24.0,Female,Desktop,19.61,5,0,4,0,0,1,13.9,11.13,1
6618,57.0,Female,Mobile,28.95,14,3,2,1,1,1,31.05,87.46,1
6619,50.0,Female,Desktop,18.03,16,3,8,0,0,1,14.21,92.26,1
6620,38.0,Male,Desktop,9.81,9,4,0,0,0,1,7.72,17.14,1
6621,19.0,Female,Mobile,12.06,0,13,9,0,1,0,7.41,88.35,1
6622,35.0,Female,Mobile,6.1,8,9,0,0,1,1,4.35,44.63,1
6623,50.0,Male,Desktop,15.74,8,4,0,1,1,0,28.5,1.17,1
6624,54.0,Female,Desktop,15.74,16,7,2,0,0,0,22.03,94.31,1
6625,51.0,Female,Mobile,6.82,18,3,6,0,0,1,5.83,4.28,1
6626,37.0,Male,Desktop,5.6,8,12,9,1,0,1,8.0,3.46,1
6627,52.0,Male,Mobile,3.23,9,0,4,0,0,1,14.3,96.35,1
6628,35.0,Female,Mobile,27.45,5,14,1,0,1,0,14.3,21.46,1
6629,41.0,Male,Mobile,7.76,2,4,6,1,1,1,14.3,55.56,1
6630,25.0,Female,Tablet,10.98,14,0,6,1,0,0,7.51,94.27,1
6631,47.0,Female,Mobile,9.13,18,11,2,1,1,0,10.73,94.0,1
6632,27.0,Female,Mobile,13.0,13,2,5,1,1,1,13.82,17.41,1
6633,40.0,Male,Desktop,21.71,12,14,4,0,1,1,32.15,51.35,1
6634,28.0,Female,Mobile,26.25,15,7,0,0,1,1,13.48,0.7,0
6635,19.0,Female,Mobile,6.3,15,9,0,0,0,1,8.67,9.04,1
6636,43.0,Male,Mobile,20.91,1,14,1,0,1,0,10.75,94.81,1
6637,53.0,Female,Desktop,11.22,7,4,6,1,1,0,10.38,41.52,1
6638,50.0,Female,Mobile,29.44,13,6,2,1,1,0,41.7,15.02,1
6639,30.0,Female,Desktop,9.67,18,13,8,0,1,0,11.2,63.14,1
6640,57.0,Female,Desktop,1.21,1,0,2,1,0,0,1.31,17.33,1
6641,42.0,Female,Desktop,15.95,11,5,9,1,0,1,12.98,98.01,1
6642,21.0,Female,Desktop,5.37,13,11,3,0,0,0,7.87,67.08,1
6643,59.0,Male,Mobile,2.29,9,13,7,0,0,1,1.53,36.87,1
6644,36.0,Female,Mobile,21.25,16,7,3,1,0,0,16.36,38.12,1
6645,35.0,Female,Desktop,22.24,11,5,6,1,1,0,21.19,91.69,1
6646,54.0,Male,Tablet,14.36,3,3,0,1,1,0,8.99,89.5,1
6647,47.0,Female,Mobile,20.63,17,10,5,0,1,1,19.05,49.5,1
6648,36.0,Female,Mobile,16.61,2,7,7,0,0,0,8.96,45.36,1
6649,40.0,Male,Mobile,19.26,9,14,3,1,0,0,27.43,85.07,1
0,33.0,Male,Mobile,18.3,9,7,5,1,1,0,15.05,48.48,1
6651,18.0,Male,Mobile,20.31,16,13,9,0,0,0,23.03,63.3,0
6652,29.0,Male,Mobile,6.79,1,13,1,1,1,0,9.31,50.74,1
6653,41.0,Male,Mobile,8.79,17,5,8,1,1,0,11.59,60.82,1
6654,51.0,Male,Mobile,13.76,10,7,8,1,0,0,18.9,50.95,1
6655,25.0,Male,Mobile,13.94,5,11,9,1,1,0,17.01,15.48,1
6656,35.0,Female,Desktop,23.46,8,5,9,0,1,0,16.28,10.84,1
6657,22.0,Female,Desktop,11.65,13,14,5,0,1,0,10.1,94.11,1
6658,43.0,Female,Tablet,5.71,5,3,5,1,0,1,5.78,50.97,1
6659,47.0,Male,Mobile,8.29,4,10,9,0,0,0,6.94,94.19,1
6660,30.0,Female,Mobile,7.23,8,11,6,0,0,0,10.52,68.58,1
6661,36.0,Male,Tablet,22.22,7,0,3,1,1,1,29.04,8.9,1
6662,46.0,Female,Desktop,14.64,5,14,6,0,0,0,19.02,20.16,1
6663,20.0,Female,Mobile,21.55,10,8,9,1,1,0,18.56,76.77,1
6664,43.0,Female,Mobile,13.07,17,7,0,1,1,1,16.4,17.78,1
6665,57.0,Female,Mobile,26.8,6,14,6,0,0,1,29.86,0.77,1
6666,29.0,Male,Mobile,29.52,10,13,0,1,0,1,25.84,11.18,1
6667,19.0,Male,Mobile,20.43,16,6,7,0,1,1,16.51,47.67,1
6668,28.0,Female,Tablet,26.05,10,4,9,0,0,1,33.57,16.33,1
0,45.0,Male,Mobile,15.73,4,12,5,1,0,0,17.25,4.5,1
6670,35.0,Male,Desktop,28.1,2,6,0,1,1,0,15.09,74.36,0
6671,30.0,Female,Desktop,25.12,1,0,0,0,0,0,13.11,97.21,1
6672,54.0,Male,Desktop,29.76,3,7,3,1,1,0,39.94,97.85,1
6673,39.0,Male,Desktop,19.07,13,4,6,0,0,0,11.25,90.0,1
6674,29.0,Male,Tablet,23.6,12,6,4,1,0,1,24.06,1.92,1
6675,19.0,Male,Mobile,16.74,1,6,4,1,1,0,18.56,24.01,1
6676,54.0,Female,Tablet,8.51,10,7,7,1,1,0,12.05,13.77,1
6677,24.0,Female,Desktop,11.29,6,6,1,1,1,1,11.45,64.02,1
6678,43.0,Male,Mobile,26.93,9,5,3,1,1,0,18.69,84.96,1
6679,43.0,Female,Desktop,2.62,1,11,3,0,0,1,1.99,57.19,1
6680,41.0,Female,Desktop,18.15,12,5,7,1,0,0,14.3,34.67,1
6681,29.0,Female,Tablet,11.8,5,4,5,1,0,0,8.52,91.19,1
6682,33.0,Male,Mobile,12.21,1,4,9,0,1,1,16.06,50.52,1
6683,40.0,Male,Mobile,26.65,2,3,8,1,0,1,33.5,17.47,1
6684,57.0,Female,Mobile,25.76,14,6,9,0,1,1,14.99,53.34,1
6685,26.0,Female,Mobile,18.37,2,12,8,0,1,0,18.0,1.81,1
6686,49.0,Male,Mobile,8.91,5,11,3,0,1,0,7.14,3.85,1
6687,32.0,Female,Mobile,14.79,10,10,9,0,0,1,17.01,62.76,1
6688,54.0,Male,Desktop,12.84,6,13,6,0,0,1,18.76,72.33,0
6689,30.0,Female,Mobile,11.25,5,2,2,0,1,1,12.72,13.83,1
6690,22.0,Male,Mobile,3.98,2,4,0,0,1,0,4.96,53.34,1
6691,28.0,Male,Mobile,16.75,9,14,0,0,1,0,15.04,77.26,1
6692,27.0,Male,Mobile,9.75,10,2,4,0,0,1,5.19,88.23,1
6693,30.0,Male,Mobile,20.16,8,7,5,0,1,0,18.51,47.4,1
6694,58.0,Female,Mobile,10.26,6,14,4,0,1,0,10.37,12.22,0
6695,32.0,Male,Mobile,13.5,5,4,6,0,1,1,13.4,6.92,1
6696,59.0,Female,Mobile,2.52,18,14,3,1,0,0,1.85,85.66,1
6697,24.0,Male,Mobile,29.78,18,10,4,1,0,1,29.04,7.76,1
6698,57.0,Male,Mobile,15.72,2,12,0,1,1,1,19.15,81.78,1
6699,45.0,Female,Mobile,1.7,12,9,8,0,1,1,1.38,43.69,1
6700,49.0,Female,Mobile,16.7,8,5,1,0,1,1,18.94,43.64,1
6701,52.0,Female,Mobile,26.24,4,0,0,1,0,0,17.14,51.86,1
6702,32.0,Male,Desktop,23.4,4,13,3,0,0,0,18.21,13.58,1
6703,53.0,Male,Desktop,21.33,9,10,5,0,1,0,29.52,74.25,1
6704,38.0,Female,Mobile,5.04,9,3,9,1,0,1,5.68,30.0,1
6705,23.0,Male,Mobile,20.07,12,8,7,0,1,1,11.76,59.78,1
6706,18.0,Female,Desktop,23.22,14,14,3,1,0,0,17.75,0.53,1
6707,21.0,Male,Mobile,17.6,3,14,0,1,1,1,26.29,28.15,1
6708,28.0,Male,Desktop,26.89,6,4,8,0,0,1,20.71,4.05,1
6709,43.0,Male,Tablet,9.03,15,14,2,0,1,1,9.76,31.36,1
6710,54.0,Female,Desktop,8.02,19,0,5,0,1,1,8.42,12.62,1
0,40.0,Unknown,Desktop,26.22,4,14,9,1,1,0,23.66,7.0,1
6712,46.0,Female,Desktop,19.14,1,3,7,0,0,1,10.22,84.8,1
6713,38.0,Female,Desktop,1.04,9,11,4,0,1,1,0.82,36.49,1
6714,44.0,Male,Desktop,11.24,16,5,6,0,1,1,16.34,82.53,1
6715,56.0,Female,Desktop,25.88,9,6,9,1,1,1,13.44,89.27,1
6716,57.0,Female,Desktop,1.79,12,6,8,0,1,0,2.18,50.61,1
6717,30.0,Male,Mobile,1.09,14,7,0,0,0,1,1.52,56.78,1
6718,40.0,Female,Mobile,9.16,15,4,7,1,0,1,11.56,64.66,0
6719,33.0,Female,Desktop,27.51,16,5,1,0,1,0,22.65,64.47,1
0,47.0,Male,Mobile,27.14,8,10,0,0,0,1,27.7,53.02,1
6721,21.0,Male,Desktop,16.04,10,10,3,1,1,1,21.94,59.43,1
6722,57.0,Male,Tablet,17.04,14,1,5,0,0,0,25.14,44.11,1
6723,33.0,Female,Desktop,10.63,17,13,7,0,1,1,6.35,91.61,1
6724,48.0,Female,Tablet,8.07,3,11,0,0,1,1,5.04,72.13,1
6725,59.0,Male,Desktop,24.64,4,9,0,1,1,1,35.87,31.49,1
6726,42.0,Female,Mobile,4.08,16,11,9,1,1,0,5.6,33.5,1
6727,29.0,Male,Desktop,15.13,14,1,1,1,1,0,10.76,45.52,1
6728,43.0,Male,Mobile,19.4,14,13,8,1,1,1,28.52,3.17,1
6729,54.0,Male,Mobile,4.01,16,2,3,0,0,1,2.84,99.14,1
6730,50.0,Female,Mobile,16.07,8,0,6,1,0,0,9.46,46.78,1
6731,45.0,Female,Mobile,17.75,18,5,2,0,0,1,20.98,77.51,1
6732,26.0,Male,Mobile,22.53,7,5,0,0,1,1,23.43,15.82,1
6733,29.0,Male,Mobile,7.81,3,2,0,0,0,1,5.78,60.92,1
6734,22.0,Female,Desktop,9.51,6,0,8,0,1,0,13.58,38.17,1
6735,45.0,Male,Desktop,17.52,16,2,3,1,0,0,15.84,88.99,1
6736,52.0,Female,Mobile,29.51,4,3,2,0,1,1,26.64,93.25,1
6737,22.0,Male,Mobile,7.31,19,8,4,0,0,1,8.27,62.48,1
6738,51.0,Male,Desktop,29.59,2,9,0,1,1,0,21.62,49.5,1
6739,51.0,Female,Desktop,21.72,4,7,2,1,0,1,23.61,46.66,1
6740,30.0,Female,Tablet,24.96,2,12,3,0,1,1,21.57,1.69,1
6741,56.0,Female,Mobile,3.6,7,3,5,1,0,0,4.3,51.8,1
6742,59.0,Female,Desktop,9.71,15,6,8,0,1,0,7.26,50.14,1
6743,31.0,Female,Mobile,2.67,17,12,2,0,0,1,1.83,41.73,1
6744,28.0,Male,Desktop,11.77,14,12,3,1,0,1,8.83,33.7,1
6745,59.0,Male,Mobile,29.46,11,8,4,0,0,1,42.3,57.9,1
6746,55.0,Unknown,Mobile,4.05,17,1,0,1,0,1,5.46,17.68,1
6747,21.0,Female,Mobile,17.31,5,2,8,0,0,0,23.0,2.63,1
6748,50.0,Male,Mobile,1.18,14,0,2,0,0,0,1.51,78.67,1
6749,24.0,Male,Mobile,21.67,17,7,2,0,1,1,24.64,78.56,1
6750,58.0,Female,Desktop,6.72,2,1,6,0,0,1,4.02,57.94,1
6751,25.0,Unknown,Desktop,4.76,7,6,8,1,0,1,3.93,83.01,1
6752,54.0,Male,Mobile,10.77,4,6,0,1,0,0,11.44,51.29,1
6753,27.0,Female,Mobile,23.36,8,10,0,1,1,1,14.15,0.65,1
6754,32.0,Unknown,Mobile,4.09,1,2,1,0,0,1,2.17,14.83,1
6755,55.0,Male,Tablet,7.67,10,1,5,0,0,0,4.55,45.96,1
6756,32.0,Female,Mobile,1.25,1,2,2,0,1,0,0.76,86.23,0
6757,22.0,Male,Mobile,29.08,1,11,7,1,1,1,17.73,22.56,1
6758,46.0,Male,Mobile,18.17,4,7,4,1,0,0,12.54,3.4,1
6759,36.0,Male,Desktop,21.88,17,11,2,1,0,0,21.86,41.25,1
6760,27.0,Female,Mobile,19.89,5,8,7,1,0,0,15.62,6.67,1
6761,29.0,Male,Mobile,5.19,14,10,7,1,0,0,14.3,55.04,1
6762,21.0,Unknown,Desktop,18.25,6,7,1,0,0,1,25.11,5.56,1
6763,48.0,Male,Desktop,4.81,7,10,4,1,1,0,6.83,1.66,1
6764,35.0,Male,Desktop,12.64,8,1,2,0,0,0,12.28,94.32,1
0,33.0,Male,Mobile,17.5,18,11,6,1,1,1,22.3,66.53,1
6766,57.0,Male,Mobile,17.21,4,12,1,0,0,0,18.78,11.95,1
6767,53.0,Male,Tablet,4.45,3,8,8,0,0,1,2.87,55.62,1
6768,42.0,Female,Desktop,2.0,4,5,1,1,0,0,2.27,25.84,1
6769,40.0,Female,Mobile,24.15,16,11,1,0,1,1,32.29,76.11,1
6770,29.0,Male,Mobile,22.05,13,1,5,0,1,0,18.7,81.42,1
6771,51.0,Female,Mobile,3.37,11,8,2,0,0,1,4.2,50.76,1
6772,53.0,Female,Mobile,4.7,11,4,2,0,0,0,5.99,40.95,1
6773,54.0,Male,Desktop,26.88,5,14,9,0,1,1,30.74,31.72,1
6774,20.0,Female,Tablet,23.3,1,5,1,0,1,1,32.23,3.28,1
6775,26.0,Female,Mobile,29.89,14,0,4,0,0,0,19.27,56.07,1
6776,35.0,Female,Mobile,8.37,19,11,4,0,0,1,11.24,50.89,1
6777,52.0,Female,Desktop,15.15,5,12,6,0,0,1,16.83,21.3,1
6778,51.0,Male,Mobile,7.86,6,13,7,1,1,0,10.66,53.21,1
6779,58.0,Female,Tablet,19.06,19,1,7,1,1,1,19.68,46.76,1
6780,31.0,Male,Desktop,4.35,12,0,2,0,0,0,3.6,26.07,1
6781,21.0,Male,Tablet,4.69,14,3,5,1,1,1,6.55,74.31,1
6782,46.0,Female,Mobile,3.08,17,1,4,0,0,0,4.24,24.59,1
6783,58.0,Male,Mobile,21.11,7,12,3,1,0,0,16.21,45.1,1
6784,32.0,Unknown,Mobile,15.33,1,0,9,1,1,1,19.07,53.34,1
6785,45.0,Male,Mobile,18.91,17,2,5,1,0,0,11.18,81.13,1
6786,59.0,Female,Mobile,26.5,6,3,3,1,0,0,15.53,42.05,1
6787,33.0,Female,Tablet,22.47,4,3,7,1,0,1,22.73,20.7,1
6788,29.0,Male,Desktop,14.39,14,2,8,0,1,1,7.71,1.48,1
6789,22.0,Female,Desktop,29.55,8,1,0,0,0,0,27.59,25.21,1
6790,51.0,Female,Mobile,14.23,18,11,0,0,1,0,18.37,75.05,1
6791,59.0,Female,Desktop,4.26,13,7,3,0,1,1,5.92,82.05,1
6792,18.0,Female,Desktop,29.79,8,9,5,0,0,1,22.48,60.07,1
6793,56.0,Male,Mobile,1.66,16,12,7,0,1,1,0.96,94.83,1
6794,49.0,Male,Tablet,16.95,5,10,0,1,0,0,19.16,52.22,1
6795,43.0,Male,Mobile,9.96,3,1,2,0,1,0,7.62,47.93,1
6796,34.0,Female,Mobile,15.6,13,4,3,0,1,1,8.17,83.28,1
6797,44.0,Male,Mobile,17.2,15,6,9,1,0,0,10.86,16.7,1
6798,41.0,Female,Desktop,7.96,4,8,1,1,0,0,11.45,1.51,1
6799,52.0,Female,Desktop,17.15,3,11,8,1,1,1,23.58,88.18,1
6800,59.0,Female,Mobile,15.74,2,2,2,1,1,1,30.49,53.41,1
6801,56.0,Male,Unknown,15.74,4,0,3,0,0,0,7.33,74.49,1
6802,43.0,Male,Unknown,12.12,6,14,3,0,0,0,14.72,62.89,1
6803,55.0,Male,Mobile,8.78,4,0,0,1,1,1,12.79,66.39,1
6804,40.0,Male,Mobile,24.8,17,0,4,0,1,1,26.48,58.73,1
6805,39.0,Female,Mobile,22.02,7,7,4,0,0,1,18.34,72.52,1
6806,21.0,Male,Mobile,26.26,18,1,1,0,0,0,34.12,11.35,1
6807,26.0,Male,Desktop,5.93,10,6,0,1,1,1,5.52,25.09,1
6808,21.0,Male,Mobile,3.13,17,11,0,1,0,0,3.37,47.91,1
0,24.0,Male,Desktop,4.46,4,2,4,1,1,0,4.64,71.65,1
6810,40.0,Female,Mobile,5.67,19,5,6,0,0,1,4.07,30.85,1
6811,19.0,Male,Mobile,16.46,7,5,9,0,1,0,8.24,80.72,1
6812,41.0,Male,Mobile,29.16,13,3,9,1,0,1,43.71,6.53,1
6813,57.0,Male,Mobile,11.36,3,7,1,1,1,1,10.42,79.09,1
6814,48.0,Female,Mobile,28.8,8,0,7,0,1,1,22.57,69.91,1
6815,48.0,Male,Desktop,2.11,11,11,4,1,0,1,2.67,6.53,1
6816,57.0,Male,Tablet,27.88,16,4,4,1,1,1,30.46,3.16,1
6817,51.0,Male,Mobile,6.25,0,6,8,0,0,0,8.63,83.99,1
6818,41.0,Female,Mobile,27.46,9,12,1,0,0,0,35.18,14.48,1
6819,43.0,Female,Tablet,2.63,10,4,9,0,0,1,2.06,25.33,1
6820,33.0,Male,Mobile,28.5,0,12,0,0,0,0,31.13,89.63,1
6821,30.0,Male,Desktop,6.82,3,11,4,0,0,0,6.84,34.29,1
6822,32.0,Female,Tablet,9.78,0,3,0,1,1,0,14.23,53.04,1
6823,44.0,Female,Tablet,15.24,6,5,4,1,0,0,11.27,3.1,1
6824,39.0,Female,Mobile,12.04,8,2,4,1,0,1,9.44,56.9,1
6825,33.0,Female,Mobile,20.36,14,5,7,0,0,0,28.92,71.35,1
6826,47.0,Female,Mobile,29.27,8,5,5,0,1,1,28.04,56.51,1
6827,47.0,Male,Desktop,18.59,11,10,5,0,0,1,17.8,80.87,1
6828,53.0,Unknown,Tablet,21.92,10,10,4,0,0,1,29.99,77.66,1
6829,20.0,Male,Desktop,3.55,10,5,4,0,1,0,2.83,47.91,1
6830,39.0,Male,Desktop,19.21,11,13,7,1,0,0,22.99,64.51,1
6831,39.0,Female,Desktop,14.16,1,13,0,1,0,0,17.3,27.66,1
6832,29.0,Female,Desktop,26.69,15,10,8,1,1,0,25.15,35.86,1
6833,38.0,Female,Desktop,12.26,5,2,5,0,1,0,10.22,62.19,1
6834,21.0,Female,Desktop,20.7,14,12,8,1,1,0,25.81,49.5,1
6835,48.0,Female,Unknown,7.62,8,7,1,0,1,1,5.76,8.54,1
6836,48.0,Male,Mobile,8.52,17,3,2,0,0,0,11.24,81.92,1
6837,40.0,Male,Desktop,11.91,4,10,0,1,1,0,10.91,63.72,1
6838,37.0,Male,Mobile,9.82,4,1,4,0,1,0,5.09,32.74,1
6839,32.0,Male,Mobile,8.36,18,6,1,1,1,1,8.94,22.64,1
6840,40.0,Male,Desktop,2.44,19,10,0,0,1,1,1.69,60.31,1
6841,45.0,Female,Desktop,15.74,3,7,8,0,0,1,24.43,69.59,1
6842,33.0,Female,Tablet,2.86,9,10,8,1,0,0,3.74,92.84,1
6843,54.0,Female,Mobile,26.73,7,3,5,0,0,0,18.44,18.5,1
6844,38.0,Female,Desktop,4.64,2,5,7,1,0,1,3.29,50.29,1
6845,32.0,Female,Mobile,2.89,9,7,8,1,0,1,2.81,95.52,1
6846,34.0,Male,Tablet,17.33,6,4,4,1,0,1,16.92,90.95,1
6847,54.0,Male,Mobile,15.57,6,8,1,1,1,1,14.85,47.79,1
6848,30.0,Male,Desktop,15.25,16,5,3,1,0,1,18.22,55.2,1
6849,36.0,Female,Desktop,17.66,2,5,2,1,1,0,13.58,91.65,1
6850,47.0,Female,Mobile,9.32,16,11,9,1,0,0,7.09,3.21,1
6851,35.0,Unknown,Tablet,20.23,3,12,6,1,0,0,10.57,97.62,1
6852,31.0,Female,Unknown,15.57,16,1,9,1,1,0,13.73,97.7,1
6853,53.0,Male,Mobile,10.71,12,14,9,0,0,1,7.45,94.44,1
6854,53.0,Female,Mobile,24.97,3,6,9,0,0,0,27.26,96.55,1
6855,37.0,Male,Unknown,22.1,11,8,7,0,1,1,15.05,30.41,1
6856,36.0,Female,Mobile,12.41,11,14,4,1,0,1,17.31,3.71,1
6857,24.0,Male,Desktop,25.58,16,4,1,0,0,1,34.51,28.43,1
6858,21.0,Female,Tablet,27.69,5,13,8,0,0,0,35.03,34.57,1
6859,51.0,Female,Mobile,16.57,8,4,0,0,1,0,21.68,35.25,1
6860,19.0,Male,Mobile,7.23,11,11,4,1,1,1,10.55,68.05,1
6861,22.0,Male,Mobile,27.56,11,12,2,0,0,0,22.59,86.36,1
6862,27.0,Female,Mobile,6.49,18,10,7,1,1,0,9.6,22.2,1
6863,49.0,Male,Mobile,2.4,19,4,7,0,1,1,3.34,44.73,0
6864,59.0,Female,Mobile,10.5,10,0,0,1,1,0,9.05,37.85,1
6865,58.0,Female,Mobile,22.08,4,4,3,1,0,0,30.12,76.46,1
6866,30.0,Male,Desktop,27.77,10,9,9,0,1,0,38.8,31.79,1
6867,56.0,Female,Desktop,19.48,14,7,7,1,0,1,10.44,5.62,1
6868,22.0,Female,Mobile,28.6,6,14,8,1,1,0,39.35,33.38,1
6869,27.0,Male,Desktop,3.68,5,2,8,0,0,0,3.43,35.4,1
6870,27.0,Female,Desktop,2.76,15,8,1,0,0,0,3.62,82.24,1
6871,55.0,Female,Desktop,18.52,5,8,8,1,1,0,11.32,54.79,1
6872,44.0,Female,Mobile,29.02,6,0,7,1,1,1,19.51,52.35,1
6873,38.0,Female,Desktop,15.58,19,3,8,0,0,1,23.04,59.88,1
6874,25.0,Male,Desktop,2.49,17,14,8,1,0,0,2.28,56.15,1
6875,18.0,Male,Mobile,7.42,14,3,2,0,1,1,9.63,68.17,1
6876,45.0,Male,Mobile,8.1,11,10,4,1,1,0,10.13,90.39,1
6877,56.0,Female,Tablet,10.8,14,0,2,1,0,1,13.89,87.64,1
6878,31.0,Male,Desktop,2.26,5,13,5,0,1,0,2.86,49.53,1
6879,38.0,Male,Tablet,27.24,13,9,9,0,1,1,38.52,84.68,1
6880,47.0,Male,Desktop,15.95,12,4,4,1,1,0,17.43,86.3,1
6881,38.0,Female,Desktop,20.46,19,4,1,1,0,0,18.93,78.95,1
6882,26.0,Male,Mobile,2.95,10,4,2,0,0,0,4.2,4.21,1
6883,34.0,Male,Mobile,2.57,13,11,6,1,0,1,2.2,66.21,1
6884,22.0,Female,Tablet,18.01,15,0,9,0,0,1,20.36,31.32,1
6885,48.0,Female,Mobile,26.73,13,0,9,0,1,0,36.22,87.33,1
6886,57.0,Female,Mobile,16.33,0,9,4,0,1,0,23.12,28.4,1
6887,55.0,Female,Desktop,26.46,9,11,2,0,0,0,38.35,91.86,1
6888,36.0,Female,Desktop,24.52,19,1,3,0,0,1,28.44,61.51,1
6889,53.0,Female,Mobile,3.2,7,0,5,0,0,0,3.9,64.51,1
6890,50.0,Male,Mobile,15.74,15,12,7,1,0,1,6.84,88.77,1
6891,30.0,Male,Mobile,20.07,17,14,6,0,0,1,15.75,98.54,0
6892,31.0,Female,Unknown,13.86,14,7,2,1,1,0,7.15,30.9,1
6893,50.0,Female,Desktop,9.43,14,11,1,1,0,0,6.81,8.89,1
6894,46.0,Male,Mobile,13.14,9,11,2,0,1,0,19.45,72.33,1
6895,53.0,Female,Desktop,13.91,16,3,4,0,1,1,18.17,7.02,1
6896,27.0,Female,Desktop,27.41,2,5,6,1,1,0,26.84,53.39,1
6897,48.0,Male,Desktop,4.0,14,7,7,0,0,0,3.37,34.53,1
6898,23.0,Female,Mobile,9.11,4,13,5,0,0,1,5.14,39.0,1
6899,18.0,Female,Mobile,16.59,3,4,1,1,0,1,8.46,23.55,0
6900,24.0,Male,Mobile,21.25,3,5,1,1,0,0,26.67,69.93,1
6901,44.0,Male,Mobile,19.29,11,3,9,0,0,0,28.66,57.19,1
6902,38.0,Male,Desktop,28.31,5,5,4,0,1,1,21.34,95.24,1
6903,45.0,Male,Mobile,24.07,16,5,4,1,1,1,18.64,35.55,1
6904,33.0,Male,Desktop,17.16,19,2,0,1,0,0,24.62,39.43,1
6905,40.0,Female,Mobile,15.74,0,3,0,0,0,1,7.97,16.5,1
6906,37.0,Female,Mobile,14.08,11,5,8,0,1,1,9.49,61.17,1
6907,55.0,Female,Tablet,21.11,12,7,6,0,1,0,11.52,9.5,1
6908,42.0,Female,Mobile,25.3,8,12,7,1,0,0,26.91,96.82,1
6909,45.0,Female,Mobile,28.83,14,13,4,1,0,1,27.46,91.01,1
6910,22.0,Male,Mobile,18.56,17,13,2,0,0,0,17.3,69.97,1
6911,38.0,Female,Mobile,16.28,15,6,2,1,0,1,23.92,31.73,1
6912,35.0,Female,Desktop,1.51,15,3,2,1,1,1,1.15,35.62,0
6913,23.0,Unknown,Mobile,3.09,0,13,0,1,0,0,3.05,8.71,1
6914,46.0,Female,Mobile,5.53,9,2,2,0,1,1,3.94,24.7,1
6915,36.0,Female,Unknown,2.59,12,10,1,1,0,1,2.13,35.3,1
6916,50.0,Male,Tablet,12.63,19,14,7,0,1,0,15.99,44.79,1
6917,18.0,Female,Mobile,10.77,0,7,9,1,0,0,7.51,46.43,1
6918,20.0,Female,Mobile,19.48,11,5,9,0,0,1,22.92,88.51,1
6919,59.0,Female,Mobile,16.53,6,11,5,0,1,1,10.41,44.98,1
6920,38.0,Female,Mobile,18.28,0,7,4,0,1,0,12.62,95.74,1
6921,52.0,Female,Mobile,14.69,11,8,0,1,1,0,7.68,8.38,1
6922,58.0,Female,Mobile,9.05,3,8,1,0,1,0,10.23,21.1,1
6923,57.0,Male,Mobile,28.63,0,9,1,1,0,0,42.67,38.8,1
6924,20.0,Female,Mobile,3.51,6,10,6,1,1,1,4.06,88.82,1
6925,42.0,Male,Mobile,28.23,9,8,6,1,0,1,40.18,12.22,1
6926,55.0,Male,Tablet,10.03,9,9,5,1,0,0,10.29,35.51,1
6927,37.0,Unknown,Desktop,15.87,6,0,7,1,0,1,18.73,11.22,1
6928,51.0,Female,Mobile,4.16,5,11,3,0,0,1,5.93,77.4,1
6929,38.0,Female,Unknown,3.06,1,13,0,0,0,0,1.79,28.25,1
6930,40.0,Male,Desktop,13.46,3,2,7,1,0,1,14.77,43.44,1
6931,23.0,Female,Desktop,22.51,3,8,2,0,1,1,14.3,81.74,1
6932,30.0,Female,Mobile,8.81,12,3,2,1,0,1,4.7,16.78,1
6933,40.0,Female,Desktop,17.31,4,9,8,0,0,0,11.36,94.72,1
6934,26.0,Male,Mobile,9.08,16,11,0,1,1,0,9.56,39.39,1
6935,34.0,Male,Mobile,12.27,11,1,4,0,0,1,12.24,33.04,1
6936,19.0,Female,Tablet,27.29,8,0,9,1,1,0,23.03,19.08,1
6937,36.0,Male,Desktop,25.82,9,13,0,1,0,0,30.93,46.75,1
6938,36.0,Female,Desktop,15.96,14,4,2,0,0,1,13.73,98.07,1
6939,24.0,Male,Mobile,7.91,15,13,4,1,1,0,10.04,49.1,1
6940,59.0,Female,Mobile,6.6,19,3,3,0,1,0,8.64,45.21,1
6941,59.0,Male,Desktop,15.74,9,4,3,0,0,1,32.82,49.5,1
6942,37.0,Female,Mobile,6.88,17,10,0,0,1,1,5.36,28.77,1
6943,26.0,Unknown,Mobile,24.44,9,4,5,0,0,0,31.84,22.79,1
6944,34.0,Male,Mobile,11.7,3,7,9,1,1,0,8.8,3.9,1
6945,44.0,Male,Mobile,29.58,16,5,3,1,1,1,23.75,44.6,1
6946,19.0,Male,Mobile,11.68,13,2,0,1,0,1,12.95,13.56,1
6947,53.0,Male,Desktop,11.19,17,14,9,1,1,1,13.31,50.3,1
6948,36.0,Male,Tablet,19.49,4,8,5,1,0,0,16.98,45.46,1
6949,34.0,Female,Mobile,28.88,9,7,4,0,0,0,31.52,22.27,1
6950,22.0,Female,Desktop,29.31,9,8,4,0,1,1,21.92,79.83,0
6951,39.0,Male,Mobile,21.51,18,3,1,1,1,1,27.85,92.68,0
6952,35.0,Female,Tablet,22.88,14,12,0,1,0,0,34.14,13.41,1
6953,24.0,Female,Mobile,17.34,3,7,6,0,1,0,20.78,9.74,1
6954,34.0,Male,Desktop,22.92,4,10,4,1,0,0,18.78,34.48,1
6955,56.0,Female,Desktop,25.93,1,2,2,1,1,0,22.01,61.04,1
6956,53.0,Unknown,Mobile,15.1,18,4,5,0,1,0,8.01,63.2,1
6957,57.0,Male,Mobile,18.98,4,13,2,1,1,0,21.77,62.5,1
6958,21.0,Male,Tablet,16.58,10,6,5,0,1,1,18.24,57.57,1
6959,55.0,Female,Mobile,17.31,4,0,5,0,1,1,25.18,38.58,1
6960,42.0,Male,Desktop,26.81,17,13,8,0,0,0,24.19,78.2,1
6961,22.0,Female,Tablet,11.31,8,0,7,1,0,1,16.21,95.32,1
6962,47.0,Male,Mobile,7.04,19,2,0,1,1,1,8.87,58.96,1
6963,29.0,Male,Desktop,14.23,9,3,6,1,0,1,11.21,21.94,1
6964,21.0,Male,Tablet,7.03,16,14,8,1,0,0,3.63,56.18,1
6965,41.0,Male,Desktop,15.45,15,0,1,0,0,1,18.95,75.55,1
6966,39.0,Female,Mobile,27.2,16,7,8,0,0,1,27.1,82.97,1
6967,26.0,Male,Mobile,18.91,12,1,5,1,0,0,27.64,71.83,1
6968,21.0,Male,Mobile,25.81,18,10,2,1,1,0,13.48,89.05,1
6969,41.0,Female,Desktop,5.82,7,4,7,0,1,1,5.95,95.2,1
6970,31.0,Female,Desktop,27.13,16,0,6,0,1,1,34.97,49.2,1
6971,22.0,Female,Desktop,18.45,19,13,7,0,0,1,23.8,54.1,1
6972,35.0,Female,Mobile,1.92,6,5,7,0,0,0,2.25,33.75,1
6973,59.0,Male,Mobile,19.36,6,10,6,1,1,1,17.32,65.89,1
6974,39.0,Female,Desktop,28.59,6,5,0,0,1,0,16.22,59.57,1
6975,29.0,Male,Desktop,3.3,15,5,0,0,0,0,2.65,17.87,1
6976,35.0,Female,Tablet,17.89,2,0,9,1,0,0,20.59,69.44,1
6977,34.0,Male,Desktop,27.55,9,0,9,0,0,1,35.02,80.5,1
6978,47.0,Female,Desktop,1.28,8,2,7,0,0,1,1.69,18.1,1
6979,41.0,Male,Desktop,19.3,7,2,4,1,0,1,24.59,16.42,1
6980,28.0,Male,Desktop,14.77,16,7,1,0,0,0,12.17,63.91,1
6981,52.0,Female,Mobile,11.06,15,5,1,1,1,0,13.21,11.62,1
6982,40.0,Male,Tablet,19.2,9,1,1,0,1,1,28.21,80.96,1
6983,34.0,Male,Desktop,2.53,15,12,8,1,1,1,1.61,64.3,1
6984,18.0,Male,Mobile,22.84,2,13,4,1,1,0,28.12,3.24,1
6985,32.0,Male,Mobile,1.13,14,0,2,1,0,1,1.03,77.04,1
6986,49.0,Female,Mobile,9.9,11,3,5,0,0,1,7.18,50.99,1
6987,26.0,Male,Mobile,15.61,3,0,8,1,1,0,12.8,49.62,1
6988,32.0,Male,Mobile,11.93,2,4,8,1,0,0,7.95,31.19,1
6989,45.0,Female,Mobile,9.92,18,11,8,0,1,1,13.05,28.35,1
6990,41.0,Female,Mobile,25.09,14,10,9,1,1,0,22.27,50.03,1
6991,52.0,Female,Mobile,28.11,5,7,3,1,1,0,40.41,0.31,1
6992,39.0,Male,Desktop,26.34,12,9,4,1,1,1,38.62,79.51,1
6993,44.0,Male,Mobile,16.15,14,1,0,1,1,0,23.67,78.4,1
6994,36.0,Female,Mobile,26.64,6,7,9,0,0,1,17.47,73.56,1
6995,29.0,Male,Mobile,27.7,8,12,5,1,0,0,23.44,60.25,1
6996,37.0,Female,Mobile,12.87,7,7,1,1,1,1,10.43,29.56,1
6997,18.0,Male,Mobile,9.22,7,5,6,1,1,0,13.12,65.8,0
6998,38.0,Female,Desktop,3.85,12,7,3,0,0,0,2.26,12.91,1
6999,18.0,Male,Desktop,14.89,7,12,3,0,1,0,16.21,26.34,1
7000,27.0,Female,Mobile,28.44,12,1,8,1,0,1,28.02,4.52,1
7001,49.0,Male,Desktop,17.27,16,6,0,1,0,0,25.5,85.95,1
7002,56.0,Female,Mobile,20.36,7,11,5,0,1,0,29.79,82.84,1
7003,39.0,Male,Tablet,4.27,8,7,1,1,0,0,3.95,45.09,1
7004,35.0,Male,Tablet,5.16,1,3,5,0,1,0,4.86,43.76,1
7005,49.0,Male,Mobile,14.47,13,13,6,1,0,1,12.8,92.6,1
7006,44.0,Female,Desktop,28.59,19,8,2,0,0,0,36.86,67.52,1
7007,45.0,Male,Desktop,11.46,1,10,3,1,1,0,6.88,70.93,1
7008,35.0,Male,Desktop,26.45,18,5,1,1,0,0,16.3,35.93,1
7009,56.0,Male,Desktop,4.49,7,11,6,0,1,0,5.41,29.16,1
7010,46.0,Female,Tablet,18.89,17,2,8,1,1,1,9.76,11.44,1
7011,35.0,Male,Mobile,18.42,15,12,4,0,1,0,21.57,7.25,1
0,25.0,Female,Desktop,25.94,19,3,4,1,1,1,16.31,90.55,1
7013,48.0,Male,Desktop,1.1,4,11,8,1,1,1,1.41,90.64,1
7014,51.0,Female,Desktop,6.51,17,3,7,0,0,1,8.07,22.7,1
7015,24.0,Female,Desktop,7.37,7,0,0,0,0,0,5.03,3.74,1
7016,53.0,Male,Mobile,28.55,16,13,1,0,0,1,35.89,34.64,1
7017,35.0,Female,Mobile,5.46,17,12,6,1,1,0,7.04,95.19,1
7018,55.0,Female,Mobile,2.07,15,9,2,1,0,1,2.95,30.51,1
7019,26.0,Male,Mobile,16.5,9,0,5,1,0,0,20.2,86.52,1
7020,26.0,Female,Mobile,16.33,13,0,0,1,1,0,22.33,81.64,1
7021,25.0,Female,Tablet,25.48,7,3,7,1,1,0,28.98,94.44,1
7022,52.0,Female,Desktop,28.52,19,0,1,1,1,1,32.1,49.67,1
7023,35.0,Female,Desktop,16.62,11,13,0,0,1,0,19.53,92.2,1
7024,22.0,Male,Unknown,27.97,8,5,0,1,0,1,25.35,74.18,1
0,31.0,Female,Desktop,22.03,17,13,7,0,0,0,16.05,86.8,1
7026,45.0,Female,Desktop,8.67,4,1,9,1,0,0,7.92,73.33,1
7027,47.0,Male,Desktop,27.92,4,0,4,0,0,0,30.53,46.12,1
7028,21.0,Male,Mobile,20.36,18,6,8,0,0,1,24.23,91.91,1
7029,56.0,Female,Mobile,13.01,17,5,2,1,1,1,12.45,80.05,1
7030,37.0,Male,Desktop,20.73,3,0,7,0,0,0,17.21,64.11,1
7031,42.0,Male,Mobile,12.64,9,11,3,1,1,0,9.44,48.3,1
7032,45.0,Male,Unknown,4.31,6,12,6,0,0,0,14.3,9.46,1
7033,29.0,Unknown,Desktop,21.85,2,13,9,0,1,0,21.33,81.55,1
7034,19.0,Male,Tablet,24.9,12,9,9,0,0,0,30.04,41.64,1
7035,31.0,Male,Desktop,22.14,15,11,7,0,0,0,29.44,35.94,1
7036,39.0,Male,Tablet,7.64,9,8,2,0,1,1,6.46,23.06,1
7037,48.0,Male,Desktop,28.74,2,5,2,0,1,0,31.93,54.16,1
7038,40.0,Male,Mobile,1.73,12,1,0,0,1,1,1.69,82.99,1
7039,37.0,Female,Mobile,10.65,16,6,7,1,1,1,14.3,28.96,1
7040,55.0,Female,Mobile,8.54,7,2,1,1,0,0,11.81,92.07,1
7041,21.0,Female,Mobile,2.4,1,13,6,1,0,0,3.32,39.69,1
7042,32.0,Female,Mobile,12.77,7,14,6,1,1,1,13.78,96.94,1
7043,41.0,Female,Mobile,19.07,3,6,6,0,0,1,17.87,67.66,1
7044,42.0,Male,Unknown,26.59,5,13,3,0,1,1,30.63,36.72,1
7045,18.0,Male,Mobile,29.7,3,8,6,1,0,0,19.59,98.36,1
7046,24.0,Female,Mobile,24.43,15,4,9,1,1,0,33.79,59.43,1
7047,48.0,Female,Desktop,14.59,6,0,7,0,1,1,11.25,76.86,1
7048,29.0,Male,Desktop,21.99,15,4,8,1,0,1,29.18,45.18,1
7049,59.0,Female,Tablet,25.47,3,7,6,0,0,0,20.34,11.93,1
0,22.0,Male,Desktop,14.49,1,7,5,1,0,1,14.81,96.4,1
7051,59.0,Female,Mobile,23.77,2,2,4,0,1,0,30.24,32.17,1
7052,55.0,Male,Mobile,15.0,4,3,9,1,0,0,13.41,91.79,1
7053,29.0,Female,Mobile,12.21,14,11,9,1,0,1,10.48,90.76,1
7054,56.0,Male,Mobile,16.26,14,7,6,1,1,0,22.57,9.5,1
7055,35.0,Female,Mobile,20.6,10,7,9,0,0,0,11.72,11.47,1
7056,19.0,Female,Tablet,22.08,11,6,1,1,0,1,29.62,61.2,0
7057,27.0,Male,Mobile,11.35,4,5,4,1,0,0,16.21,3.59,1
7058,32.0,Male,Mobile,17.57,15,3,7,0,1,0,18.68,42.12,1
7059,47.0,Female,Mobile,27.39,4,9,5,0,1,1,32.76,52.78,1
7060,34.0,Female,Desktop,29.31,16,12,5,1,0,0,39.9,19.68,1
7061,21.0,Male,Mobile,7.59,2,8,0,0,0,0,7.1,77.02,1
7062,24.0,Male,Mobile,6.59,13,1,1,0,0,0,14.3,43.16,1
7063,58.0,Male,Mobile,20.62,8,1,2,0,1,1,14.3,42.31,1
7064,48.0,Female,Mobile,13.03,0,0,6,0,0,0,10.51,23.44,1
7065,56.0,Female,Mobile,1.7,8,10,9,0,1,1,2.52,88.78,1
7066,51.0,Male,Mobile,11.06,4,14,5,1,0,0,5.87,1.12,1
7067,23.0,Female,Mobile,24.4,5,11,4,0,1,1,20.0,0.69,1
7068,55.0,Female,Desktop,24.13,0,2,8,1,0,1,23.13,99.55,1
7069,51.0,Male,Mobile,15.35,19,2,9,0,0,0,12.45,2.11,1
0,32.0,Female,Desktop,14.7,10,3,6,0,0,1,11.5,15.51,1
7071,31.0,Male,Mobile,17.81,3,2,8,1,1,0,15.51,88.29,1
7072,23.0,Male,Mobile,7.36,13,9,2,1,1,0,6.61,61.57,1
7073,54.0,Female,Mobile,16.26,9,5,7,1,1,1,9.29,62.5,1
7074,49.0,Female,Mobile,1.32,17,8,8,1,1,0,1.68,47.57,1
7075,20.0,Male,Mobile,14.79,10,7,1,1,0,1,9.88,15.06,1
7076,20.0,Male,Mobile,10.75,12,5,3,1,1,0,5.82,36.71,1
7077,39.0,Male,Desktop,20.57,13,0,1,1,0,1,22.43,71.79,1
7078,39.0,Female,Desktop,19.51,10,7,6,1,0,1,22.8,48.54,0
7079,27.0,Male,Desktop,12.04,19,9,3,0,1,0,15.17,72.98,1
7080,20.0,Male,Mobile,1.21,19,5,5,1,0,0,0.71,0.73,1
7081,29.0,Male,Desktop,8.32,0,1,7,1,0,0,5.59,65.58,1
7082,46.0,Male,Mobile,19.37,5,4,5,1,0,0,13.22,59.29,1
7083,34.0,Female,Desktop,3.1,8,3,3,0,0,1,3.39,97.44,1
7084,24.0,Female,Mobile,4.12,5,11,5,1,0,0,5.73,90.7,1
7085,30.0,Male,Mobile,19.76,15,5,0,0,1,1,23.84,60.03,1
0,19.0,Female,Desktop,22.92,4,1,5,0,1,1,18.67,57.62,1
7087,21.0,Female,Desktop,10.32,13,3,9,0,1,0,13.96,9.26,1
7088,27.0,Female,Mobile,15.2,17,12,7,0,0,0,17.78,94.11,1
7089,56.0,Male,Mobile,28.43,5,7,0,0,0,1,33.79,70.69,1
7090,41.0,Female,Mobile,28.42,1,13,8,0,1,1,41.42,50.22,1
7091,34.0,Female,Tablet,9.92,15,0,5,0,0,0,14.39,85.74,1
7092,23.0,Male,Mobile,24.49,10,2,5,0,1,0,21.69,73.07,1
0,36.0,Male,Tablet,18.22,11,14,3,1,0,1,20.69,56.36,1
7094,22.0,Female,Mobile,29.29,18,3,0,0,0,0,20.56,53.91,1
7095,49.0,Female,Mobile,14.85,13,1,4,0,1,0,13.54,92.63,1
7096,27.0,Male,Desktop,23.47,16,11,0,1,0,1,18.15,79.91,1
7097,26.0,Male,Mobile,23.28,19,1,6,1,0,1,20.19,40.31,1
7098,44.0,Male,Mobile,15.43,12,5,7,1,1,0,18.14,62.88,1
7099,30.0,Male,Mobile,24.07,14,5,5,1,1,1,17.1,19.64,1
7100,36.0,Female,Desktop,8.57,2,2,6,1,1,0,5.83,93.33,1
7101,38.0,Male,Desktop,4.55,10,7,6,1,1,0,4.0,69.53,1
7102,41.0,Female,Desktop,13.33,4,11,3,1,1,1,7.97,96.0,1
7103,55.0,Female,Desktop,28.37,1,2,3,1,1,1,37.28,29.2,1
7104,21.0,Female,Desktop,15.52,17,1,0,1,0,0,22.64,31.52,1
7105,41.0,Male,Mobile,19.42,11,4,1,0,0,0,25.27,83.21,1
7106,52.0,Male,Mobile,19.1,7,12,2,1,1,0,19.7,26.18,1
7107,20.0,Female,Desktop,4.84,17,6,4,0,0,0,5.68,35.76,1
7108,21.0,Female,Tablet,12.32,17,0,9,1,0,1,16.08,88.43,1
7109,54.0,Female,Mobile,21.5,9,1,8,1,1,0,14.3,51.78,1
7110,57.0,Female,Mobile,29.19,10,1,4,0,0,0,26.8,30.04,1
7111,52.0,Female,Mobile,5.87,6,7,5,0,0,0,3.78,40.93,1
7112,48.0,Male,Mobile,12.9,17,9,6,1,0,1,7.62,71.19,1
7113,42.0,Male,Mobile,3.76,16,5,3,0,1,0,4.73,15.87,1
7114,57.0,Male,Desktop,8.03,7,13,7,0,0,0,10.91,96.22,1
7115,30.0,Female,Mobile,11.93,19,12,5,0,1,0,6.96,49.29,1
7116,21.0,Female,Desktop,16.68,4,12,0,1,1,0,11.32,76.49,1
7117,31.0,Male,Desktop,7.69,17,14,5,0,0,0,5.54,70.2,1
7118,30.0,Male,Tablet,7.6,9,14,1,0,0,1,10.31,68.07,1
7119,44.0,Female,Mobile,23.56,11,12,3,0,1,0,33.3,42.0,1
7120,23.0,Male,Mobile,28.92,1,3,3,0,1,1,36.58,4.23,1
7121,34.0,Male,Mobile,10.38,7,3,9,1,1,1,13.46,74.14,1
7122,53.0,Male,Mobile,20.95,5,4,9,0,0,0,17.65,95.38,1
7123,57.0,Female,Mobile,8.48,5,2,4,0,1,0,7.7,50.5,1
7124,52.0,Female,Desktop,27.91,1,11,9,0,1,1,21.78,95.38,1
7125,34.0,Male,Mobile,20.51,6,13,1,1,1,1,29.91,53.49,1
7126,58.0,Female,Tablet,24.28,13,3,5,0,1,1,29.81,16.74,1
7127,19.0,Male,Desktop,2.43,15,11,2,0,1,1,2.04,23.95,1
7128,30.0,Male,Desktop,15.74,0,3,8,0,0,1,11.67,86.47,1
7129,19.0,Female,Desktop,16.3,17,6,5,0,0,0,11.33,49.5,1
7130,45.0,Female,Mobile,9.5,13,6,2,0,0,0,6.69,41.44,1
7131,43.0,Female,Desktop,15.74,11,0,2,0,1,0,9.6,79.94,1
7132,39.0,Male,Mobile,17.82,4,11,4,1,1,1,25.0,64.17,1
7133,20.0,Male,Desktop,21.49,7,2,5,1,0,0,14.3,87.23,1
7134,52.0,Male,Mobile,1.96,19,14,3,1,0,0,1.12,97.09,1
7135,29.0,Female,Mobile,17.45,7,8,4,0,0,1,21.1,65.12,1
7136,41.0,Male,Mobile,5.94,14,5,2,1,1,0,3.97,97.07,1
0,22.0,Male,Mobile,5.07,16,5,9,1,1,1,4.11,47.04,1
7138,37.0,Male,Mobile,19.07,9,3,3,0,0,1,19.91,84.0,1
7139,56.0,Male,Mobile,10.02,2,9,7,0,0,1,13.44,90.64,1
7140,56.0,Female,Desktop,13.79,16,8,7,0,1,0,10.16,4.52,1
7141,30.0,Female,Mobile,11.44,5,14,0,0,1,1,15.72,86.51,1
7142,58.0,Female,Mobile,19.8,12,13,3,1,1,0,24.45,40.87,1
7143,29.0,Male,Mobile,14.63,15,11,1,0,0,1,17.18,39.82,1
7144,30.0,Male,Mobile,28.94,3,2,3,1,0,0,18.32,78.16,1
7145,27.0,Male,Mobile,11.22,9,7,4,0,1,1,10.93,24.63,1
7146,50.0,Female,Desktop,22.47,7,12,0,0,0,0,17.42,3.15,1
7147,57.0,Female,Mobile,8.46,4,5,4,1,0,1,9.21,27.12,1
7148,33.0,Female,Mobile,15.75,9,11,6,1,1,0,18.48,64.84,1
7149,52.0,Female,Mobile,17.02,15,1,4,1,1,0,9.62,95.34,1
7150,20.0,Female,Mobile,10.54,7,2,6,1,0,0,12.06,39.57,1
7151,22.0,Male,Mobile,14.68,11,13,8,1,1,1,14.65,79.75,1
7152,43.0,Female,Desktop,9.1,19,0,7,0,0,1,12.18,20.05,1
7153,28.0,Female,Mobile,1.17,11,2,0,0,0,0,1.51,85.19,0
7154,24.0,Female,Mobile,7.25,1,3,9,1,1,0,6.62,76.54,1
7155,27.0,Male,Desktop,21.3,13,14,9,0,0,0,31.44,44.81,1
7156,59.0,Female,Mobile,23.36,13,13,1,0,0,1,25.39,89.49,1
7157,51.0,Female,Desktop,9.13,2,5,5,0,1,0,13.36,3.79,1
7158,20.0,Female,Mobile,12.83,17,9,4,0,1,1,15.64,78.59,1
7159,25.0,Male,Mobile,2.08,19,13,0,1,1,0,1.89,3.52,1
7160,48.0,Male,Desktop,7.87,15,6,1,0,1,1,5.77,86.5,1
7161,28.0,Female,Mobile,23.6,19,2,2,1,0,0,22.78,17.68,1
7162,24.0,Female,Desktop,18.57,10,13,9,1,0,1,26.67,3.83,1
7163,19.0,Female,Mobile,6.97,10,10,4,1,0,1,4.39,30.88,1
7164,23.0,Female,Desktop,8.47,9,12,6,1,0,0,8.13,17.87,1
7165,58.0,Male,Desktop,24.69,19,6,5,1,0,0,20.91,65.18,1
7166,49.0,Female,Desktop,7.06,11,12,2,1,1,0,9.65,47.24,1
7167,37.0,Male,Desktop,10.69,6,3,5,0,1,0,13.94,12.97,1
7168,51.0,Female,Desktop,20.27,2,0,3,0,1,0,21.33,91.61,1
0,33.0,Male,Mobile,17.27,10,0,2,1,0,1,15.8,36.78,1
7170,42.0,Male,Mobile,15.74,15,7,3,1,1,1,17.02,28.28,1
7171,29.0,Female,Mobile,27.09,5,9,7,1,0,1,39.36,69.81,1
7172,24.0,Male,Unknown,7.37,18,6,0,1,1,0,4.43,39.35,1
7173,56.0,Female,Desktop,22.5,7,3,2,1,1,1,31.47,14.55,1
7174,34.0,Male,Mobile,5.61,3,0,9,1,1,0,4.46,58.24,1
7175,28.0,Male,Mobile,18.86,16,5,7,0,1,1,9.51,3.04,1
7176,23.0,Female,Desktop,26.25,17,10,9,0,1,1,32.58,62.72,1
7177,40.0,Female,Unknown,14.28,2,11,8,0,0,0,18.4,86.76,1
7178,44.0,Male,Mobile,22.0,16,10,2,0,0,0,17.7,26.2,1
7179,23.0,Male,Mobile,24.79,1,9,8,0,0,0,31.69,85.23,1
7180,55.0,Female,Mobile,4.94,14,6,9,1,0,1,6.41,24.5,1
7181,19.0,Female,Desktop,21.47,16,5,9,0,0,1,25.23,20.25,1
7182,39.0,Female,Mobile,27.68,9,11,3,1,0,1,14.91,71.54,1
7183,37.0,Male,Mobile,17.71,17,5,3,0,1,0,20.67,6.55,1
7184,42.0,Female,Desktop,6.4,8,7,6,0,1,1,9.17,4.06,1
7185,32.0,Female,Mobile,4.68,9,13,5,0,1,1,5.24,45.6,1
7186,46.0,Male,Desktop,8.53,2,14,9,1,0,1,7.39,3.41,1
7187,25.0,Female,Desktop,15.74,13,5,2,0,0,0,4.25,49.67,1
7188,54.0,Female,Unknown,15.89,1,1,7,0,0,1,23.73,64.94,1
7189,50.0,Female,Mobile,3.02,7,6,4,1,1,1,2.94,22.82,1
7190,39.0,Female,Mobile,7.48,18,12,1,0,1,1,10.03,89.89,1
7191,22.0,Male,Desktop,13.76,5,9,9,1,1,1,8.79,20.03,1
7192,56.0,Female,Mobile,14.74,7,13,2,0,1,0,8.2,23.75,1
7193,35.0,Unknown,Mobile,17.4,12,12,6,1,1,1,15.49,91.31,1
7194,55.0,Female,Desktop,21.46,17,3,9,1,1,0,13.69,68.75,1
7195,54.0,Female,Mobile,2.37,5,10,8,1,0,1,1.97,52.86,1
7196,47.0,Female,Mobile,3.34,12,10,0,0,0,0,4.06,33.02,1
7197,48.0,Female,Desktop,2.76,19,2,5,1,1,1,2.61,76.91,1
7198,27.0,Male,Mobile,13.27,13,7,8,0,1,0,10.9,58.83,1
7199,32.0,Male,Desktop,2.21,16,9,6,0,0,1,3.08,34.19,1
7200,59.0,Male,Desktop,22.64,19,11,2,0,1,1,11.53,82.6,1
7201,35.0,Female,Mobile,7.47,10,11,6,1,0,1,9.82,79.46,1
7202,40.0,Female,Tablet,28.24,12,4,1,0,1,1,31.66,94.09,1
7203,50.0,Female,Mobile,15.11,7,3,9,1,1,0,8.26,99.49,1
7204,33.0,Male,Tablet,13.94,14,10,1,1,1,0,7.45,1.15,1
7205,55.0,Female,Mobile,23.64,10,3,0,0,1,0,15.88,32.01,0
7206,52.0,Male,Mobile,21.68,8,4,2,1,0,1,32.03,19.26,1
7207,51.0,Female,Mobile,18.61,15,11,0,1,0,0,10.9,21.36,1
7208,45.0,Female,Mobile,28.12,16,3,7,1,1,1,34.84,86.48,1
7209,19.0,Male,Desktop,13.25,8,2,7,0,0,0,11.95,97.49,1
7210,47.0,Male,Desktop,24.45,4,3,3,1,1,1,18.01,94.01,1
7211,30.0,Male,Desktop,12.02,17,9,0,1,0,1,12.92,69.65,1
7212,58.0,Male,Mobile,25.31,4,14,1,0,0,1,21.97,55.5,1
7213,33.0,Male,Mobile,8.52,11,12,1,1,1,1,6.9,63.8,1
7214,22.0,Male,Desktop,9.39,13,12,1,1,0,1,6.95,85.57,1
7215,45.0,Female,Mobile,20.66,6,4,8,1,1,0,19.79,0.7,1
7216,56.0,Male,Desktop,7.17,14,11,6,0,0,1,4.8,42.83,1
7217,37.0,Female,Desktop,7.65,7,0,8,1,1,0,10.34,50.66,1
7218,41.0,Female,Mobile,9.85,12,6,9,1,0,0,10.75,92.35,1
7219,44.0,Female,Desktop,20.69,1,13,9,0,1,1,11.65,17.21,1
7220,47.0,Female,Desktop,26.79,10,13,1,1,0,1,25.64,74.44,1
7221,44.0,Female,Desktop,20.56,1,4,4,1,1,0,23.22,92.4,1
0,43.0,Male,Mobile,25.01,16,8,0,1,1,0,34.05,76.4,1
7223,24.0,Male,Mobile,16.76,7,13,1,1,0,1,8.77,1.03,1
7224,59.0,Male,Mobile,3.0,6,5,3,0,0,0,2.87,65.94,1
7225,55.0,Female,Mobile,3.91,18,10,9,0,0,0,4.71,20.95,1
7226,22.0,Male,Mobile,17.08,4,0,0,0,1,0,11.89,60.51,0
7227,40.0,Female,Desktop,10.51,16,8,7,1,1,1,7.58,57.12,1
7228,45.0,Female,Desktop,7.4,1,4,5,1,0,0,7.32,95.7,1
7229,51.0,Female,Mobile,14.52,2,14,0,1,0,1,20.1,19.03,1
7230,32.0,Female,Mobile,20.33,16,14,8,1,0,0,18.26,5.05,1
7231,49.0,Male,Tablet,12.16,9,8,0,0,1,0,11.97,61.13,1
7232,43.0,Male,Mobile,24.27,15,0,3,0,0,1,27.56,34.39,1
7233,48.0,Male,Desktop,22.42,16,13,4,1,1,1,18.18,75.02,1
7234,36.0,Male,Tablet,22.31,9,1,8,0,1,1,30.5,99.32,1
7235,26.0,Male,Desktop,29.57,7,0,1,0,1,1,43.23,40.14,1
7236,46.0,Female,Tablet,9.56,10,11,8,0,1,0,11.0,15.18,1
7237,56.0,Male,Desktop,15.74,7,4,0,0,1,0,22.43,55.41,1
7238,21.0,Female,Mobile,25.81,13,13,3,0,1,0,30.29,34.62,1
7239,20.0,Female,Mobile,17.81,2,5,6,1,1,0,12.36,79.47,1
7240,39.0,Female,Mobile,23.9,12,4,3,1,1,0,29.45,53.43,1
7241,28.0,Male,Mobile,13.02,13,0,7,0,1,0,11.03,90.82,1
7242,50.0,Female,Desktop,18.12,3,3,6,0,0,0,27.06,83.82,1
7243,55.0,Female,Mobile,2.61,11,5,5,0,0,1,3.27,91.41,1
7244,28.0,Male,Desktop,29.59,8,3,4,0,1,0,32.07,29.91,1
7245,44.0,Female,Mobile,24.2,11,3,9,1,0,1,34.18,90.28,1
7246,50.0,Female,Mobile,26.2,18,4,2,0,0,0,38.52,86.64,1
7247,38.0,Female,Tablet,21.13,7,7,7,0,0,0,27.85,62.7,1
7248,56.0,Male,Mobile,6.4,12,0,3,0,1,0,14.3,91.04,1
7249,48.0,Female,Desktop,1.9,6,6,7,1,1,0,1.07,5.42,1
7250,39.0,Female,Unknown,26.08,10,7,0,0,0,1,31.45,78.56,1
7251,19.0,Male,Mobile,12.49,15,5,1,0,1,0,10.44,14.55,1
7252,44.0,Male,Mobile,8.65,15,5,1,0,1,0,12.37,34.09,1
7253,53.0,Female,Mobile,17.29,19,14,5,0,0,0,19.22,72.96,1
7254,28.0,Male,Desktop,13.21,6,14,4,0,1,0,11.5,20.97,1
7255,35.0,Male,Desktop,19.9,19,13,9,0,0,0,16.7,23.12,1
7256,18.0,Male,Mobile,15.03,15,1,9,1,0,0,15.85,21.2,1
7257,52.0,Male,Desktop,21.22,18,12,6,1,0,1,21.04,45.62,1
7258,52.0,Male,Mobile,25.75,2,12,1,0,0,1,22.94,8.1,1
7259,48.0,Male,Desktop,6.67,7,9,8,1,1,1,4.73,88.65,1
7260,45.0,Male,Desktop,10.55,5,4,1,0,1,1,13.68,72.97,1
7261,39.0,Female,Desktop,13.67,3,0,0,1,1,1,12.76,51.35,1
7262,18.0,Male,Desktop,28.9,6,8,1,0,1,1,17.31,8.42,1
7263,42.0,Male,Mobile,11.59,6,6,2,0,1,1,6.78,12.43,1
7264,55.0,Male,Tablet,12.05,1,1,5,1,1,0,8.89,9.85,1
7265,37.0,Female,Mobile,19.95,19,5,6,1,1,1,20.99,1.47,1
7266,20.0,Male,Desktop,13.16,12,9,5,0,1,1,8.53,66.71,1
7267,19.0,Male,Mobile,28.59,5,8,0,0,1,1,20.44,51.01,1
7268,35.0,Female,Unknown,26.94,7,11,8,0,1,1,26.99,38.21,1
7269,27.0,Male,Desktop,15.89,8,4,7,1,0,0,11.41,34.75,1
0,22.0,Female,Desktop,19.7,19,2,1,1,0,1,26.75,46.14,1
7271,26.0,Female,Mobile,2.68,6,10,0,1,1,1,2.92,47.5,1
7272,19.0,Male,Desktop,21.18,15,9,6,0,1,1,12.41,13.91,1
7273,51.0,Female,Desktop,21.51,6,10,2,1,1,1,13.76,53.15,1
7274,55.0,Male,Desktop,11.42,9,3,2,1,0,0,7.94,4.8,1
7275,48.0,Male,Mobile,7.37,4,2,9,0,1,0,8.33,93.86,1
7276,27.0,Female,Mobile,27.54,16,0,8,1,0,1,16.68,71.42,1
7277,29.0,Female,Mobile,13.37,10,9,1,1,1,0,7.26,0.95,1
7278,53.0,Unknown,Mobile,19.96,1,13,4,0,0,1,24.52,28.88,1
7279,38.0,Male,Mobile,1.97,11,10,3,1,1,0,1.93,98.27,1
7280,23.0,Female,Mobile,13.01,17,12,0,0,0,0,17.55,4.85,1
7281,20.0,Male,Mobile,24.7,18,14,5,1,1,0,31.93,14.67,1
7282,27.0,Male,Mobile,12.24,15,6,5,0,0,0,9.47,47.71,1
7283,22.0,Male,Mobile,18.49,6,7,0,0,1,1,12.8,35.34,1
7284,43.0,Female,Tablet,7.09,16,1,6,0,1,0,7.21,98.52,1
7285,38.0,Male,Mobile,13.08,2,7,5,0,1,1,7.59,53.96,1
7286,43.0,Male,Unknown,27.9,3,11,3,1,0,1,31.61,94.12,1
7287,55.0,Male,Mobile,17.43,17,8,6,0,0,0,8.93,37.68,0
7288,39.0,Female,Desktop,27.16,8,6,2,0,0,0,35.39,27.21,1
7289,25.0,Female,Tablet,27.16,15,0,9,0,0,0,37.77,28.84,1
7290,22.0,Female,Mobile,28.38,13,0,0,1,1,1,42.46,63.66,1
7291,32.0,Male,Mobile,26.97,19,3,5,0,1,1,22.77,60.4,1
7292,33.0,Female,Tablet,1.1,1,6,9,0,1,0,1.17,55.36,1
7293,18.0,Male,Mobile,28.09,12,5,5,1,0,1,38.29,18.91,1
7294,33.0,Female,Mobile,4.99,18,10,2,1,1,0,4.8,26.34,1
7295,54.0,Male,Mobile,2.16,18,13,9,0,0,0,1.79,28.91,1
7296,20.0,Female,Mobile,2.61,3,7,4,1,0,0,1.43,86.62,1
7297,48.0,Male,Tablet,11.12,18,5,0,0,0,0,9.94,81.73,1
7298,30.0,Male,Mobile,19.0,17,9,5,0,1,1,11.0,20.5,1
7299,33.0,Female,Tablet,12.67,11,5,6,1,0,0,10.93,14.64,1
7300,39.0,Male,Tablet,1.74,5,9,4,0,0,1,1.47,10.21,1
7301,19.0,Female,Mobile,14.82,7,5,4,1,0,1,17.0,6.76,1
7302,44.0,Female,Mobile,13.82,18,6,5,0,0,1,11.97,98.46,1
7303,55.0,Male,Mobile,22.95,7,4,6,0,0,0,20.29,49.5,1
7304,43.0,Male,Mobile,9.11,18,11,3,1,1,1,7.16,1.69,1
7305,55.0,Female,Mobile,7.31,2,10,6,0,0,0,8.1,0.66,1
7306,42.0,Unknown,Desktop,8.42,6,8,4,1,0,1,7.49,68.99,1
7307,28.0,Female,Mobile,9.81,8,6,6,0,0,0,14.3,31.13,1
7308,25.0,Male,Tablet,18.38,17,0,0,0,0,0,25.58,9.9,1
7309,25.0,Unknown,Mobile,14.67,4,10,9,1,1,1,10.81,46.4,1
7310,50.0,Male,Desktop,10.77,17,11,1,0,0,1,9.74,1.88,1
7311,24.0,Male,Unknown,11.86,16,11,1,1,0,1,13.46,42.49,1
7312,55.0,Female,Mobile,11.76,15,13,6,1,0,0,6.07,23.76,1
7313,38.0,Female,Mobile,29.2,15,8,8,0,0,0,21.24,26.49,1
0,25.0,Unknown,Mobile,7.76,8,10,6,1,0,0,6.09,28.62,1
7315,38.0,Male,Mobile,24.72,0,5,5,1,1,1,22.31,30.77,1
7316,37.0,Male,Mobile,21.54,19,10,2,1,1,0,29.93,2.0,1
7317,25.0,Male,Mobile,1.16,1,7,4,1,0,0,0.69,57.02,1
7318,48.0,Female,Mobile,29.8,13,8,9,1,1,0,16.86,54.79,1
7319,46.0,Male,Tablet,22.94,6,10,1,1,1,0,26.71,65.08,1
7320,26.0,Female,Mobile,20.79,10,10,8,1,1,1,17.97,15.99,1
7321,32.0,Female,Mobile,12.75,1,13,5,0,0,0,8.64,99.48,1
7322,47.0,Female,Mobile,17.1,12,1,8,1,1,1,14.3,13.58,1
7323,43.0,Male,Mobile,8.34,19,1,8,1,1,0,6.2,81.16,1
7324,27.0,Male,Mobile,2.03,15,4,6,0,1,0,2.16,22.04,1
7325,46.0,Female,Tablet,25.24,5,13,4,1,1,0,22.94,43.9,1
7326,33.0,Female,Mobile,27.0,2,4,3,1,1,1,23.25,32.42,1
7327,53.0,Female,Mobile,5.71,19,11,0,1,1,0,6.97,30.77,1
7328,37.0,Female,Mobile,23.82,14,9,8,1,0,1,26.52,48.65,1
7329,54.0,Male,Mobile,22.49,9,9,5,0,0,0,22.8,23.96,1
7330,39.0,Female,Mobile,6.17,1,1,1,0,1,1,3.88,54.69,1
7331,24.0,Male,Desktop,13.23,13,9,6,1,1,0,14.36,25.07,1
7332,40.0,Male,Mobile,13.26,17,3,5,1,0,1,15.82,97.29,1
7333,58.0,Male,Unknown,23.04,2,8,3,1,1,1,30.29,23.94,1
7334,57.0,Unknown,Desktop,25.29,14,3,5,1,0,0,20.22,76.46,1
7335,46.0,Female,Mobile,3.75,6,0,5,0,1,0,2.87,46.97,1
7336,33.0,Male,Mobile,17.33,6,4,4,1,0,1,21.64,3.79,1
7337,55.0,Female,Tablet,23.09,18,1,0,1,0,0,14.3,15.27,1
7338,45.0,Male,Unknown,23.8,19,13,0,0,1,0,21.56,92.86,1
7339,55.0,Female,Desktop,5.29,9,5,6,0,1,0,3.49,82.03,1
7340,48.0,Female,Mobile,16.24,15,0,1,0,1,0,15.17,14.41,1
7341,31.0,Female,Mobile,25.87,7,6,9,1,0,1,31.72,5.11,1
7342,50.0,Female,Mobile,10.24,6,6,9,1,0,0,9.73,15.27,1
7343,26.0,Female,Mobile,13.33,5,14,0,0,0,0,18.3,58.39,1
7344,44.0,Male,Mobile,24.33,19,3,7,1,0,1,12.27,63.36,1
7345,41.0,Female,Mobile,3.59,1,8,6,1,0,0,2.44,37.89,1
7346,30.0,Male,Desktop,25.93,7,2,5,0,1,0,28.9,28.09,1
7347,43.0,Female,Desktop,10.02,18,4,9,0,0,1,11.74,20.69,1
7348,46.0,Male,Mobile,1.04,8,4,4,1,0,0,0.81,43.89,1
7349,45.0,Male,Mobile,7.79,12,7,5,1,1,1,11.23,2.26,1
7350,45.0,Male,Unknown,3.6,10,9,0,0,1,0,2.99,0.87,1
7351,25.0,Female,Desktop,3.68,6,9,8,1,0,1,3.35,79.78,1
7352,40.0,Male,Mobile,21.09,16,3,0,1,0,1,31.14,53.04,1
7353,46.0,Female,Desktop,7.21,19,0,3,1,1,0,7.06,78.12,1
7354,22.0,Female,Mobile,28.11,18,10,2,1,1,1,31.28,11.39,1
7355,59.0,Male,Mobile,15.98,13,4,3,1,0,0,16.62,81.53,1
7356,24.0,Male,Mobile,14.34,7,0,0,0,0,1,14.3,92.27,1
7357,59.0,Female,Desktop,13.59,0,2,9,1,1,1,20.27,53.34,1
7358,53.0,Female,Tablet,21.09,16,5,3,1,1,0,11.79,10.54,1
7359,58.0,Female,Tablet,14.12,10,0,3,1,1,0,20.95,12.32,1
7360,44.0,Female,Mobile,4.73,15,9,2,0,0,1,4.58,19.42,1
7361,19.0,Female,Tablet,26.52,14,13,7,1,0,0,18.29,18.53,1
7362,42.0,Female,Mobile,13.42,12,13,6,1,0,1,8.95,94.49,1
7363,26.0,Male,Mobile,3.15,15,12,8,0,1,1,3.64,80.03,1
7364,44.0,Female,Mobile,16.35,8,2,1,1,0,1,19.8,31.81,1
7365,18.0,Female,Mobile,19.77,7,6,9,0,0,0,27.65,81.66,1
7366,40.0,Male,Desktop,8.99,9,1,2,1,1,1,6.62,77.21,1
7367,27.0,Male,Mobile,24.21,14,5,5,0,0,0,22.59,35.53,1
7368,59.0,Unknown,Tablet,20.42,7,6,1,0,0,1,30.04,3.0,1
7369,42.0,Female,Mobile,19.86,12,11,1,0,1,1,18.43,0.87,1
7370,20.0,Male,Mobile,13.2,14,11,9,1,1,0,12.67,32.56,1
7371,23.0,Male,Tablet,28.9,11,1,1,1,1,0,22.79,4.54,1
7372,23.0,Female,Mobile,8.95,19,10,1,0,0,0,12.27,12.11,1
7373,19.0,Female,Desktop,17.75,6,10,4,0,0,1,15.36,25.44,1
7374,35.0,Female,Desktop,9.96,3,4,0,1,0,1,11.31,17.9,1
7375,40.0,Female,Mobile,22.6,6,9,6,0,0,0,15.43,14.48,1
7376,19.0,Male,Desktop,2.39,9,11,0,0,1,0,2.67,26.21,1
7377,29.0,Female,Mobile,2.33,2,9,0,1,0,0,3.34,73.69,1
7378,39.0,Male,Desktop,24.51,6,0,4,0,1,1,31.3,44.44,1
7379,54.0,Female,Mobile,13.59,14,2,6,1,0,1,7.71,66.32,1
7380,37.0,Male,Mobile,10.89,19,13,2,1,1,1,12.35,92.88,1
7381,56.0,Female,Mobile,18.62,4,0,6,0,1,0,19.71,0.14,1
7382,41.0,Female,Mobile,21.36,14,11,8,0,0,1,17.91,95.12,1
7383,37.0,Unknown,Desktop,6.83,10,2,3,1,0,0,9.17,27.91,1
7384,18.0,Male,Tablet,6.38,6,3,4,0,1,0,8.24,28.75,1
7385,18.0,Male,Desktop,28.79,11,11,7,0,1,0,33.07,62.94,1
7386,34.0,Male,Mobile,18.1,13,11,8,0,0,1,22.52,36.09,1
7387,18.0,Female,Tablet,12.31,18,4,4,0,1,1,8.53,8.05,1
7388,47.0,Male,Mobile,24.24,14,3,4,0,0,1,34.43,71.14,1
7389,58.0,Female,Mobile,16.23,11,3,1,0,0,0,18.96,18.32,1
7390,20.0,Female,Mobile,8.01,5,8,8,1,0,1,7.75,92.94,0
7391,28.0,Female,Mobile,7.0,8,8,5,1,0,1,4.85,98.79,1
7392,41.0,Male,Desktop,12.51,4,8,4,1,1,0,14.8,18.12,1
7393,39.0,Female,Mobile,25.94,12,10,4,0,1,0,15.48,75.37,1
7394,43.0,Male,Mobile,2.78,6,4,3,0,1,0,2.28,99.18,1
0,30.0,Female,Desktop,7.34,8,10,0,1,1,1,7.88,95.53,1
7396,18.0,Female,Tablet,15.74,4,12,5,0,1,0,30.83,56.49,1
7397,41.0,Female,Desktop,4.53,10,4,0,1,1,0,2.34,31.2,1
7398,27.0,Male,Mobile,19.26,11,1,9,1,0,1,9.8,1.17,1
7399,52.0,Male,Desktop,7.19,15,5,1,0,0,0,4.4,89.82,1
7400,41.0,Female,Mobile,18.57,5,1,6,0,1,0,23.55,3.56,1
7401,45.0,Male,Mobile,12.11,3,9,0,0,0,1,12.92,57.64,1
7402,53.0,Male,Tablet,3.95,15,12,7,0,0,0,4.38,18.61,1
7403,33.0,Female,Tablet,17.89,2,4,7,0,1,1,19.74,24.2,1
7404,57.0,Female,Desktop,20.81,2,0,6,0,0,0,11.17,2.34,1
7405,33.0,Male,Mobile,20.73,0,12,6,0,0,1,13.94,3.69,1
7406,34.0,Female,Desktop,19.47,14,14,0,0,0,0,23.91,35.02,1
7407,32.0,Female,Tablet,15.51,9,11,0,0,0,0,17.77,49.5,1
7408,33.0,Male,Mobile,16.06,5,11,8,0,0,1,15.18,56.58,1
7409,32.0,Male,Unknown,19.43,12,4,4,1,0,1,10.11,53.83,0
7410,51.0,Female,Desktop,21.02,10,3,4,0,1,1,19.27,62.03,1
7411,28.0,Male,Mobile,19.99,1,4,6,1,0,0,14.95,53.53,1
7412,18.0,Male,Tablet,18.02,19,6,9,1,1,0,21.57,30.42,1
0,32.0,Female,Mobile,5.52,11,9,7,1,0,0,7.31,88.0,1
7414,43.0,Female,Desktop,7.11,17,12,5,0,0,1,7.14,47.56,1
7415,21.0,Female,Desktop,8.55,3,0,4,1,1,0,7.73,75.27,1
7416,22.0,Female,Mobile,27.67,1,14,0,1,0,1,21.39,91.2,1
7417,52.0,Male,Desktop,23.02,17,0,9,0,1,0,13.64,0.37,1
7418,30.0,Male,Mobile,15.74,6,3,9,0,0,1,14.85,47.81,1
7419,39.0,Female,Mobile,8.31,13,6,0,0,1,1,9.79,60.46,1
7420,28.0,Female,Mobile,4.22,4,0,8,0,1,1,4.92,50.24,1
7421,35.0,Female,Mobile,27.06,5,3,5,0,0,1,24.7,90.24,1
7422,51.0,Female,Desktop,26.89,15,14,2,0,0,0,39.42,94.0,1
7423,39.0,Male,Tablet,4.21,14,14,9,0,1,1,6.06,13.43,1
7424,58.0,Male,Mobile,24.12,19,13,6,1,1,0,33.18,30.25,1
7425,59.0,Female,Mobile,13.95,15,5,3,1,0,0,13.05,26.39,1
7426,40.0,Female,Mobile,10.4,12,5,2,0,0,1,12.96,49.68,1
7427,24.0,Male,Desktop,22.43,18,0,6,1,0,1,32.05,38.21,1
7428,56.0,Male,Tablet,18.82,14,6,5,0,1,0,23.29,35.92,1
7429,39.0,Male,Desktop,23.62,10,13,3,0,0,0,19.27,53.39,1
7430,29.0,Male,Desktop,3.16,8,4,9,0,1,0,1.79,49.01,1
7431,24.0,Female,Mobile,10.24,4,5,7,1,1,1,14.93,46.54,1
7432,43.0,Male,Mobile,10.26,18,0,1,1,0,0,15.31,11.32,1
7433,50.0,Male,Desktop,10.56,0,6,5,0,1,0,12.6,53.93,1
7434,54.0,Male,Desktop,15.57,4,3,2,1,1,0,12.7,5.9,1
7435,32.0,Female,Desktop,9.21,11,2,7,1,1,0,12.57,61.63,1
7436,19.0,Female,Desktop,13.89,5,11,7,1,0,0,20.19,62.34,1
7437,58.0,Male,Desktop,11.67,10,10,0,1,1,0,11.75,26.06,1
7438,24.0,Male,Desktop,22.32,6,12,1,0,0,1,18.12,13.53,1
7439,49.0,Female,Tablet,18.5,4,14,3,0,0,1,14.3,79.83,1
7440,21.0,Female,Tablet,19.96,18,3,0,1,1,1,11.45,77.04,1
7441,37.0,Male,Mobile,7.11,17,8,2,0,0,1,7.58,94.6,1
7442,53.0,Female,Mobile,10.44,0,4,3,0,0,1,9.18,44.63,1
7443,49.0,Male,Mobile,1.61,9,11,9,0,0,0,2.23,31.56,1
7444,45.0,Female,Desktop,4.14,3,4,0,1,0,1,3.21,30.26,1
7445,30.0,Male,Mobile,8.69,9,7,4,0,0,0,4.42,18.02,1
7446,18.0,Male,Mobile,2.9,4,14,9,1,1,1,3.59,34.97,1
7447,39.0,Female,Mobile,18.48,19,6,0,1,0,1,9.38,12.78,1
7448,47.0,Male,Desktop,29.95,9,2,7,0,0,1,31.33,87.2,1
7449,53.0,Female,Mobile,3.92,6,12,7,0,0,1,2.67,34.69,1
7450,42.0,Unknown,Mobile,24.82,11,14,1,1,1,0,27.56,54.73,1
7451,33.0,Female,Mobile,4.45,15,0,0,1,0,0,3.11,6.66,1
7452,36.0,Male,Desktop,20.43,6,11,5,0,0,1,20.47,28.07,1
7453,18.0,Male,Mobile,19.65,10,10,0,1,1,0,16.41,22.35,1
7454,22.0,Male,Mobile,27.18,18,12,5,1,0,1,18.55,88.7,1
7455,39.0,Female,Desktop,4.3,16,1,6,1,1,0,4.76,18.0,1
7456,41.0,Male,Mobile,10.15,4,2,8,1,0,1,5.91,79.55,1
7457,54.0,Male,Mobile,3.63,13,10,9,1,0,0,5.23,28.27,1
7458,53.0,Male,Desktop,15.74,5,0,9,0,0,0,16.37,21.12,1
7459,53.0,Male,Mobile,27.44,19,0,0,1,1,1,38.85,0.97,1
7460,21.0,Female,Unknown,23.66,18,7,6,1,1,1,12.83,29.16,1
7461,39.0,Male,Mobile,21.96,17,12,3,1,1,0,11.03,7.03,1
7462,35.0,Female,Mobile,16.46,16,7,8,0,0,0,14.12,36.21,1
7463,33.0,Female,Desktop,26.62,1,1,3,0,1,1,29.73,5.29,1
7464,58.0,Female,Desktop,14.03,1,7,1,0,1,1,10.44,6.42,1
7465,35.0,Female,Mobile,5.34,14,10,0,0,1,1,5.6,35.45,1
7466,39.0,Male,Mobile,25.29,2,12,6,0,0,1,27.97,44.8,1
7467,19.0,Male,Desktop,9.11,15,13,6,0,1,0,5.94,33.24,0
7468,38.0,Male,Desktop,2.56,3,1,2,1,1,0,3.25,2.37,1
7469,53.0,Female,Mobile,4.66,13,12,4,1,1,1,6.69,17.81,1
7470,56.0,Male,Unknown,18.66,19,10,9,1,1,0,21.27,93.9,1
7471,56.0,Female,Mobile,18.61,1,4,6,0,0,1,26.94,57.17,1
7472,46.0,Male,Mobile,8.55,13,0,7,0,1,0,6.38,85.4,1
7473,43.0,Male,Unknown,22.09,15,8,8,0,1,0,11.85,5.13,1
7474,38.0,Male,Mobile,23.44,16,3,9,0,0,0,17.52,49.5,1
7475,34.0,Female,Mobile,27.69,11,9,9,0,1,0,31.79,78.18,1
7476,33.0,Male,Mobile,17.96,3,13,0,0,1,1,19.71,38.45,1
7477,48.0,Female,Mobile,23.6,8,10,8,1,0,1,18.11,36.91,1
7478,26.0,Female,Mobile,22.84,6,1,5,0,0,0,20.74,23.82,1
7479,48.0,Female,Mobile,8.48,5,0,5,0,1,0,7.36,16.05,1
7480,31.0,Male,Mobile,10.0,0,5,6,0,0,1,14.5,82.85,1
7481,54.0,Male,Desktop,14.88,9,10,8,0,1,1,12.12,6.14,1
7482,19.0,Female,Mobile,1.55,5,7,6,0,0,1,1.07,49.84,1
7483,31.0,Unknown,Desktop,9.62,10,3,6,1,1,0,10.25,49.5,1
7484,50.0,Female,Mobile,14.74,6,0,2,1,0,1,9.21,27.54,1
7485,52.0,Female,Mobile,4.13,0,0,9,1,0,1,4.16,76.07,1
7486,56.0,Female,Mobile,4.66,4,5,8,1,0,1,5.53,87.9,1
7487,37.0,Male,Tablet,14.43,12,1,3,0,1,0,20.83,19.5,1
7488,19.0,Male,Mobile,22.2,6,14,5,1,0,0,30.91,7.7,1
7489,58.0,Male,Mobile,25.18,1,4,6,1,1,1,33.77,37.51,1
7490,36.0,Female,Desktop,15.74,18,14,8,0,1,1,15.05,44.01,1
7491,54.0,Female,Tablet,14.77,2,1,9,0,0,0,20.59,5.31,1
7492,35.0,Male,Tablet,12.14,5,8,2,0,1,0,14.77,47.0,1
7493,33.0,Male,Mobile,6.6,16,1,1,1,1,0,6.21,95.11,1
7494,21.0,Female,Mobile,5.25,12,4,1,1,1,1,5.59,38.56,1
7495,29.0,Female,Desktop,23.96,12,3,1,1,1,1,22.43,90.0,1
7496,46.0,Female,Mobile,14.49,11,10,8,0,1,0,10.1,84.86,1
7497,24.0,Male,Desktop,23.92,19,0,7,0,1,0,22.76,43.66,1
7498,31.0,Female,Desktop,21.42,7,9,8,0,0,0,28.0,70.65,1
7499,29.0,Female,Desktop,6.62,2,8,8,0,1,0,5.07,20.91,1
7500,52.0,Female,Mobile,15.8,6,2,0,1,1,0,18.02,13.51,1
7501,22.0,Male,Mobile,13.88,4,9,9,0,0,1,14.62,0.21,1
7502,34.0,Female,Desktop,13.29,2,7,9,0,0,1,18.87,7.33,1
7503,59.0,Male,Mobile,16.73,17,3,8,0,0,1,20.85,62.83,1
7504,49.0,Female,Mobile,29.48,8,10,0,0,1,0,14.3,88.54,1
7505,27.0,Female,Mobile,24.57,5,12,4,1,0,0,26.09,97.78,1
7506,34.0,Male,Mobile,27.21,10,12,3,0,0,1,38.4,48.25,1
7507,22.0,Female,Mobile,1.86,16,8,7,0,0,0,1.35,14.05,1
7508,59.0,Male,Desktop,5.07,2,4,4,1,1,0,4.94,0.01,1
7509,26.0,Female,Mobile,3.46,19,1,8,0,1,0,14.3,98.49,1
7510,50.0,Male,Mobile,8.63,7,7,0,1,0,0,7.93,81.78,1
7511,53.0,Female,Unknown,13.81,2,12,7,0,1,1,7.71,52.37,1
7512,53.0,Male,Mobile,19.62,13,0,5,0,0,1,27.0,24.56,1
7513,35.0,Male,Tablet,15.52,4,13,0,1,1,1,22.94,51.77,1
7514,26.0,Female,Desktop,27.19,16,1,1,0,0,0,29.03,83.85,1
7515,46.0,Male,Mobile,28.26,10,5,3,1,1,1,29.79,55.6,1
7516,31.0,Female,Desktop,5.74,17,0,4,0,0,1,8.36,99.55,1
7517,42.0,Male,Mobile,25.73,14,7,0,1,0,0,22.98,10.67,1
7518,32.0,Female,Tablet,14.97,12,8,9,1,0,1,16.78,98.25,1
7519,23.0,Female,Mobile,14.15,13,6,6,1,1,1,18.92,58.46,1
7520,59.0,Female,Mobile,23.76,8,12,3,1,1,0,23.9,56.79,1
7521,46.0,Female,Mobile,3.7,17,12,0,0,0,0,2.67,35.91,1
7522,32.0,Male,Desktop,26.59,18,8,5,1,1,1,34.9,4.09,1
7523,46.0,Female,Mobile,20.46,10,1,8,0,1,1,15.78,76.04,1
7524,21.0,Female,Desktop,26.38,13,10,8,0,0,0,35.45,27.59,1
7525,35.0,Female,Mobile,29.84,0,0,3,0,0,1,43.11,35.0,1
0,56.0,Female,Tablet,15.74,17,6,6,0,0,0,16.76,53.37,1
7527,39.0,Female,Mobile,3.7,6,3,9,1,1,0,2.03,5.7,1
7528,39.0,Male,Tablet,5.83,12,9,0,1,1,1,8.49,1.08,1
7529,31.0,Female,Mobile,10.38,13,7,0,0,0,1,13.82,10.49,1
7530,20.0,Male,Mobile,4.0,4,2,8,1,0,1,2.47,73.53,1
7531,59.0,Male,Tablet,24.64,15,6,0,1,1,0,27.83,19.05,1
0,55.0,Female,Tablet,9.61,16,6,8,0,0,1,7.84,51.43,1
7533,59.0,Female,Desktop,29.3,19,10,5,0,1,0,24.33,18.59,1
7534,35.0,Male,Mobile,21.38,15,14,9,0,0,1,23.1,28.47,1
7535,37.0,Male,Mobile,6.03,6,9,6,1,0,0,7.31,3.79,1
7536,42.0,Male,Mobile,14.81,6,8,3,0,0,0,7.57,36.65,1
7537,55.0,Female,Mobile,14.54,5,10,8,1,0,0,9.49,13.64,1
7538,30.0,Male,Mobile,15.28,2,3,5,0,0,0,21.43,55.81,1
7539,21.0,Male,Mobile,16.54,2,13,5,1,1,0,16.46,49.5,1
7540,31.0,Female,Desktop,1.9,5,9,9,1,0,0,1.88,87.84,1
7541,50.0,Male,Desktop,20.9,3,12,5,1,0,1,28.01,93.34,1
7542,45.0,Female,Mobile,15.13,6,13,3,0,1,0,9.52,12.39,1
7543,54.0,Male,Mobile,23.94,11,0,6,0,0,0,29.06,51.65,1
7544,25.0,Female,Mobile,24.65,5,6,1,1,0,1,24.8,11.48,1
7545,51.0,Male,Desktop,7.69,18,9,1,0,0,1,9.55,30.65,1
7546,22.0,Female,Mobile,2.4,14,11,5,1,0,0,2.83,23.13,1
7547,22.0,Female,Desktop,21.39,10,13,8,1,0,0,24.95,1.25,1
7548,48.0,Male,Unknown,29.36,3,5,2,1,1,0,39.81,93.18,1
0,26.0,Female,Mobile,13.95,16,10,6,1,1,1,14.66,78.17,1
7550,59.0,Male,Desktop,8.53,16,0,8,1,0,0,7.74,51.9,1
7551,49.0,Female,Desktop,5.54,11,8,8,1,1,0,3.87,34.49,1
7552,50.0,Female,Mobile,9.34,4,9,2,1,0,0,7.88,41.16,1
7553,20.0,Female,Mobile,10.51,11,7,0,1,1,0,14.4,20.52,1
7554,47.0,Female,Tablet,13.29,8,9,1,0,0,1,11.13,49.5,1
7555,29.0,Female,Mobile,20.01,16,3,7,0,0,1,29.72,28.55,1
7556,46.0,Female,Desktop,8.92,8,14,6,0,0,0,9.88,7.47,1
7557,20.0,Female,Desktop,2.48,9,14,0,1,1,1,3.26,56.45,1
7558,43.0,Male,Desktop,11.83,14,4,2,0,1,0,11.75,74.88,1
7559,47.0,Male,Mobile,25.81,8,7,7,1,1,0,29.8,97.14,1
7560,26.0,Female,Mobile,15.45,16,1,0,1,1,1,23.01,62.15,1
7561,43.0,Female,Tablet,28.98,2,5,4,0,1,0,28.99,18.44,1
7562,19.0,Female,Unknown,15.61,19,9,2,1,1,1,11.92,39.11,1
7563,20.0,Male,Mobile,9.0,19,1,6,0,0,1,10.35,31.67,1
7564,21.0,Female,Desktop,15.74,19,14,4,0,0,0,9.38,1.95,1
7565,42.0,Male,Mobile,21.14,18,11,0,0,1,1,10.93,49.5,1
7566,30.0,Female,Desktop,16.56,13,10,4,1,0,1,24.72,79.96,1
7567,56.0,Female,Desktop,18.52,17,7,2,0,0,1,19.35,40.53,1
7568,52.0,Female,Desktop,22.9,1,4,1,1,0,1,29.76,85.18,1
7569,40.0,Female,Desktop,22.05,5,11,2,1,1,0,13.63,74.29,1
7570,26.0,Female,Mobile,2.26,13,9,9,1,1,0,1.79,71.94,1
7571,19.0,Male,Mobile,24.27,6,2,3,0,1,1,35.85,38.1,1
7572,58.0,Female,Unknown,15.74,10,1,0,1,0,1,12.96,5.34,1
7573,48.0,Male,Mobile,15.74,9,3,3,1,1,1,11.27,88.24,1
7574,19.0,Male,Tablet,16.59,6,7,8,0,0,1,12.95,63.83,1
7575,49.0,Female,Desktop,18.76,1,0,0,0,0,1,18.17,9.05,0
7576,35.0,Female,Mobile,5.34,18,9,6,1,0,1,3.52,8.16,1
7577,30.0,Female,Desktop,13.11,7,14,7,0,0,1,13.23,61.43,1
7578,22.0,Male,Mobile,10.73,10,2,8,1,0,0,8.57,42.22,1
7579,59.0,Male,Mobile,11.16,12,12,6,0,0,0,14.68,19.07,1
7580,27.0,Male,Desktop,3.65,15,0,8,0,1,0,3.25,23.94,1
7581,42.0,Female,Desktop,5.64,17,1,9,0,0,0,7.29,38.57,1
7582,51.0,Male,Mobile,5.69,3,9,2,0,0,0,6.5,75.02,1
7583,54.0,Male,Mobile,11.82,15,10,0,1,0,1,16.73,19.7,1
7584,47.0,Male,Mobile,15.74,1,14,1,0,0,1,35.31,70.23,1
7585,24.0,Female,Mobile,6.97,11,6,9,0,1,1,9.77,17.9,1
7586,23.0,Male,Mobile,13.07,6,0,0,1,0,0,13.41,76.37,1
7587,20.0,Male,Mobile,10.04,16,8,1,1,1,0,14.19,90.03,1
7588,30.0,Female,Desktop,23.83,12,7,8,0,0,1,15.6,44.28,1
7589,20.0,Female,Tablet,2.45,15,0,4,0,1,1,1.43,64.13,1
7590,43.0,Female,Mobile,6.7,18,9,3,1,1,0,6.87,26.64,1
7591,41.0,Male,Mobile,7.11,10,0,1,0,1,0,9.43,92.76,0
7592,23.0,Male,Desktop,29.8,12,1,2,0,0,1,21.22,42.59,1
7593,59.0,Male,Desktop,17.55,19,1,8,1,1,1,25.77,49.67,1
7594,29.0,Female,Tablet,5.03,5,5,2,0,0,1,3.45,26.15,1
7595,53.0,Male,Unknown,8.89,18,0,7,1,1,0,14.3,19.4,1
7596,19.0,Female,Mobile,5.87,19,3,0,1,1,1,8.31,22.74,1
7597,28.0,Female,Mobile,4.61,12,6,4,0,0,1,6.76,47.58,1
7598,56.0,Male,Desktop,24.12,1,12,1,1,1,0,28.01,13.76,1
7599,51.0,Male,Mobile,15.38,2,12,3,0,0,0,16.52,38.79,1
7600,43.0,Male,Mobile,19.31,3,11,1,0,0,1,11.41,38.2,1
7601,35.0,Female,Mobile,10.61,12,0,2,0,0,0,5.52,43.32,1
0,38.0,Female,Mobile,17.06,14,9,4,0,1,1,25.35,42.2,1
7603,53.0,Male,Desktop,8.47,7,2,1,0,1,0,6.56,27.44,1
7604,57.0,Female,Mobile,9.93,4,3,8,1,1,1,5.68,36.68,1
7605,39.0,Male,Desktop,19.91,12,4,7,1,1,1,20.68,90.24,1
7606,47.0,Male,Mobile,5.36,8,4,4,1,1,0,4.36,3.75,1
7607,47.0,Male,Mobile,18.9,1,1,0,0,0,1,16.21,49.5,1
7608,25.0,Female,Mobile,25.71,5,12,4,1,1,1,21.95,92.88,1
7609,51.0,Female,Mobile,4.49,1,4,3,0,0,0,3.36,27.1,1
7610,26.0,Male,Unknown,27.03,15,9,8,0,1,0,39.67,30.42,1
7611,37.0,Male,Desktop,3.3,13,0,1,1,1,0,2.53,34.41,1
7612,57.0,Female,Desktop,11.12,13,6,6,1,0,0,11.75,10.34,1
7613,42.0,Male,Mobile,18.7,4,13,1,1,0,0,13.81,76.9,1
7614,36.0,Female,Mobile,17.22,15,14,2,0,0,0,21.73,16.32,1
7615,22.0,Male,Tablet,3.8,0,4,2,0,1,0,2.77,70.18,1
7616,28.0,Female,Mobile,24.17,8,5,9,1,1,0,26.94,23.25,1
7617,32.0,Male,Mobile,29.22,16,13,7,1,0,1,38.98,68.21,1
7618,25.0,Female,Mobile,6.26,12,8,1,0,0,1,4.83,97.19,1
7619,36.0,Male,Desktop,26.96,6,2,0,1,1,0,35.14,50.97,1
7620,40.0,Female,Mobile,17.15,15,0,5,0,0,0,14.3,31.89,1
7621,44.0,Female,Mobile,28.14,7,7,5,0,0,1,17.35,37.8,1
7622,57.0,Female,Mobile,6.11,5,1,0,0,0,0,5.5,38.39,1
7623,49.0,Female,Mobile,23.97,15,1,4,0,1,1,21.74,12.53,1
7624,43.0,Male,Mobile,2.73,12,9,8,0,1,1,2.77,81.88,1
7625,39.0,Female,Desktop,26.61,11,12,9,1,1,0,13.94,37.92,1
7626,36.0,Female,Desktop,20.55,4,3,9,1,0,1,12.68,71.79,1
7627,59.0,Male,Mobile,11.74,13,4,4,1,0,1,5.99,27.04,1
7628,46.0,Female,Mobile,6.52,18,0,6,0,1,0,9.48,35.64,1
7629,56.0,Male,Desktop,24.68,8,10,5,1,1,1,20.07,88.69,1
7630,58.0,Female,Desktop,18.49,0,2,9,1,0,1,21.97,42.5,1
7631,50.0,Female,Mobile,11.45,16,10,3,1,1,1,12.69,35.32,1
7632,36.0,Female,Mobile,13.87,3,7,1,0,0,1,16.99,31.37,1
7633,54.0,Female,Mobile,24.97,16,5,9,1,1,1,34.53,89.29,1
7634,36.0,Female,Mobile,10.83,16,2,4,1,1,0,7.94,42.28,1
7635,50.0,Female,Mobile,3.6,7,13,9,0,1,0,3.33,87.71,1
7636,33.0,Male,Desktop,27.43,13,11,8,1,1,1,22.72,30.03,1
7637,40.0,Male,Mobile,12.23,13,6,2,1,1,1,7.12,97.83,1
7638,24.0,Female,Desktop,11.1,19,10,2,0,1,0,5.9,50.28,1
7639,43.0,Female,Desktop,6.93,18,5,6,1,0,0,8.76,16.46,1
7640,49.0,Male,Desktop,27.03,7,4,9,0,0,0,17.01,42.41,1
7641,29.0,Male,Mobile,7.31,18,7,1,1,0,1,3.77,68.18,1
7642,25.0,Female,Mobile,19.46,18,7,7,0,1,0,18.26,88.78,1
7643,22.0,Female,Tablet,26.54,4,2,6,0,1,0,21.82,12.71,1
7644,59.0,Female,Desktop,2.01,9,7,7,0,1,0,1.14,55.84,1
7645,45.0,Female,Desktop,25.03,16,9,9,0,0,1,13.81,53.26,1
7646,22.0,Female,Mobile,12.91,4,8,0,1,1,1,18.24,32.84,1
7647,43.0,Female,Mobile,20.08,8,12,4,0,0,0,28.91,40.86,1
7648,22.0,Male,Desktop,11.8,3,11,3,0,1,1,11.59,30.46,1
7649,39.0,Female,Mobile,21.17,9,12,7,1,0,0,28.54,30.24,1
7650,32.0,Female,Mobile,8.37,8,9,1,1,0,0,10.88,53.34,1
7651,30.0,Male,Mobile,1.64,12,2,5,1,0,1,1.77,6.01,1
7652,45.0,Male,Mobile,28.49,14,10,9,0,1,1,35.64,48.13,1
7653,50.0,Male,Mobile,1.47,0,7,5,1,0,0,2.1,32.43,1
7654,40.0,Male,Mobile,24.9,17,7,4,0,1,1,26.55,46.44,1
7655,50.0,Female,Mobile,5.9,11,11,1,1,0,1,5.97,97.5,1
7656,35.0,Male,Desktop,12.37,10,6,4,1,0,1,6.23,74.13,1
7657,47.0,Male,Mobile,24.85,13,7,2,1,1,1,25.9,86.15,1
7658,43.0,Female,Mobile,6.97,2,0,6,0,0,0,9.18,49.5,1
7659,33.0,Male,Desktop,26.11,1,2,6,0,0,0,32.95,70.58,1
7660,30.0,Male,Unknown,15.44,1,5,7,0,1,0,17.69,46.31,1
7661,56.0,Female,Mobile,11.62,16,11,9,0,0,0,6.1,59.71,1
7662,50.0,Female,Desktop,20.21,10,14,8,0,0,0,28.81,43.8,1
7663,43.0,Female,Tablet,10.9,10,6,0,0,0,1,10.13,13.17,1
7664,18.0,Female,Mobile,11.07,0,6,3,0,0,1,11.86,94.73,1
7665,55.0,Female,Mobile,22.27,7,10,5,0,0,0,19.99,70.64,1
7666,19.0,Female,Desktop,9.99,1,5,6,0,0,0,8.48,60.06,1
7667,39.0,Female,Mobile,6.82,13,14,4,0,1,0,6.89,56.08,1
7668,55.0,Male,Desktop,24.42,5,12,5,0,0,0,24.29,72.29,1
7669,59.0,Male,Tablet,24.36,3,11,0,0,0,1,20.86,53.25,1
7670,41.0,Female,Tablet,15.43,13,11,4,1,1,1,20.12,21.59,1
7671,35.0,Male,Mobile,16.27,12,11,1,1,0,1,8.96,0.73,1
7672,44.0,Female,Mobile,21.19,18,10,1,1,1,1,13.07,38.31,1
7673,58.0,Male,Tablet,15.77,5,3,0,1,0,1,9.19,56.36,1
7674,25.0,Female,Mobile,13.09,5,4,9,0,0,1,13.94,37.18,1
7675,45.0,Male,Mobile,29.85,2,8,8,1,0,1,27.24,53.33,1
7676,27.0,Female,Desktop,5.28,6,0,3,1,1,0,5.03,66.49,1
7677,34.0,Male,Mobile,18.19,7,1,3,0,1,0,19.59,80.99,1
7678,46.0,Female,Mobile,26.69,1,4,8,0,0,0,21.99,29.86,1
7679,23.0,Male,Desktop,20.93,3,4,4,1,0,1,14.3,63.32,1
7680,31.0,Male,Mobile,26.55,2,11,3,1,0,1,21.42,89.18,1
7681,39.0,Female,Mobile,10.75,10,0,6,0,1,0,16.06,15.24,1
7682,23.0,Male,Mobile,8.89,11,7,4,1,1,0,14.3,69.05,1
7683,43.0,Male,Desktop,25.69,13,9,7,0,0,1,37.42,91.45,1
7684,56.0,Male,Mobile,12.43,16,5,2,1,1,1,14.3,67.13,1
7685,29.0,Male,Mobile,21.58,11,5,7,0,1,1,12.72,9.26,1
7686,52.0,Male,Desktop,5.28,18,4,5,0,1,1,2.88,28.31,1
7687,31.0,Female,Desktop,22.92,11,4,8,1,1,1,30.15,18.95,1
7688,39.0,Female,Mobile,16.92,1,12,5,1,0,1,25.23,91.24,1
7689,40.0,Male,Desktop,8.79,18,10,3,1,1,0,9.17,99.2,1
7690,24.0,Female,Mobile,15.34,5,7,1,0,0,1,18.42,49.5,1
7691,57.0,Male,Desktop,15.74,2,4,2,1,0,0,18.08,89.62,1
7692,42.0,Female,Mobile,1.34,18,5,6,0,1,0,1.7,13.51,1
7693,30.0,Male,Mobile,19.49,7,2,9,0,1,0,22.53,0.34,0
7694,38.0,Male,Desktop,16.71,11,14,4,1,1,1,21.74,56.84,1
7695,58.0,Male,Mobile,7.39,11,13,6,1,1,1,7.39,98.74,1
7696,27.0,Male,Mobile,22.84,13,4,6,0,1,0,15.85,56.24,1
7697,26.0,Female,Mobile,9.8,4,14,5,1,0,1,9.56,98.05,1
7698,32.0,Female,Desktop,9.03,1,13,1,0,0,1,7.33,45.07,1
7699,19.0,Female,Mobile,14.67,18,8,4,0,0,0,17.52,38.2,1
7700,42.0,Male,Mobile,20.61,12,14,9,1,0,0,13.13,92.96,1
7701,30.0,Female,Mobile,27.94,10,2,5,0,1,0,23.24,4.88,1
7702,51.0,Female,Mobile,5.1,8,7,7,0,1,1,2.58,32.68,1
7703,51.0,Male,Mobile,12.5,3,14,0,1,1,0,16.44,44.35,1
7704,52.0,Male,Mobile,2.94,7,10,9,0,1,1,2.67,8.69,1
7705,55.0,Male,Mobile,23.0,11,6,6,0,0,0,29.35,51.71,1
7706,20.0,Female,Mobile,13.98,7,3,4,0,0,1,8.35,37.53,1
7707,59.0,Unknown,Desktop,21.5,7,4,6,1,1,1,14.92,43.7,1
7708,23.0,Male,Desktop,10.34,9,7,2,1,0,1,13.96,68.63,1
7709,36.0,Female,Desktop,25.49,3,9,3,0,0,0,27.92,7.04,1
7710,20.0,Male,Mobile,16.51,11,6,1,1,1,0,8.35,96.18,1
7711,35.0,Female,Tablet,28.36,17,9,5,1,1,1,39.85,52.24,1
0,56.0,Male,Mobile,3.29,8,9,4,1,0,0,4.88,83.88,1
7713,26.0,Female,Tablet,15.74,2,1,0,1,1,0,18.47,31.85,1
7714,29.0,Unknown,Mobile,23.23,1,7,0,0,1,1,28.52,31.35,1
7715,22.0,Female,Mobile,18.4,16,7,7,1,1,1,11.66,90.38,1
7716,20.0,Male,Mobile,1.67,4,8,7,1,0,0,2.11,11.75,1
7717,28.0,Male,Mobile,29.2,9,1,5,0,1,1,17.49,10.38,1
7718,47.0,Male,Desktop,9.65,8,13,8,0,0,1,13.41,69.71,1
7719,21.0,Female,Desktop,8.23,1,0,0,1,1,1,8.27,46.6,1
7720,39.0,Male,Unknown,15.08,8,1,9,0,1,1,9.67,71.73,1
7721,18.0,Female,Desktop,16.72,5,3,7,1,1,1,9.84,43.29,1
7722,44.0,Male,Mobile,23.22,1,2,1,0,0,1,21.83,21.17,1
7723,45.0,Male,Mobile,12.4,7,0,7,0,0,1,6.27,71.52,1
7724,46.0,Female,Tablet,13.76,15,13,2,1,1,0,20.11,3.91,1
0,35.0,Female,Mobile,16.51,7,4,5,1,1,1,11.07,44.8,1
7726,29.0,Male,Desktop,12.44,1,14,6,1,0,1,11.44,45.87,1
7727,30.0,Male,Mobile,27.52,9,6,2,0,1,0,30.46,7.79,1
7728,58.0,Female,Mobile,25.69,1,1,1,1,0,1,30.18,24.16,1
7729,19.0,Female,Tablet,14.19,12,3,0,0,1,1,15.11,49.5,1
7730,54.0,Male,Mobile,1.01,7,5,4,0,0,1,14.3,89.3,1
7731,33.0,Female,Mobile,27.13,9,11,0,0,1,0,26.36,51.26,1
7732,41.0,Male,Mobile,4.61,0,4,0,1,0,1,3.79,67.08,1
7733,52.0,Male,Desktop,8.09,12,10,4,0,1,1,4.77,5.49,1
7734,39.0,Male,Unknown,5.42,2,0,2,1,1,0,4.81,10.35,1
7735,53.0,Female,Mobile,6.21,18,11,9,0,1,0,6.89,56.34,1
7736,28.0,Male,Mobile,24.28,9,6,2,0,1,1,14.62,83.51,1
7737,46.0,Male,Mobile,17.81,1,1,6,0,1,1,11.84,5.3,1
7738,52.0,Female,Mobile,28.73,10,13,0,0,1,1,16.84,98.35,1
7739,32.0,Female,Mobile,7.71,14,8,1,0,0,1,3.86,88.54,1
7740,48.0,Female,Tablet,15.08,14,6,2,1,1,0,21.66,49.5,1
7741,59.0,Male,Tablet,29.35,7,11,3,0,1,1,39.28,49.5,1
7742,58.0,Female,Mobile,24.97,12,2,8,1,0,0,18.27,40.64,1
7743,33.0,Female,Desktop,22.13,6,5,1,1,1,1,23.85,79.58,1
7744,27.0,Male,Mobile,6.48,13,4,5,1,0,0,8.43,75.86,1
7745,49.0,Male,Mobile,23.31,8,11,4,0,0,1,20.2,34.56,1
7746,19.0,Male,Mobile,11.08,2,8,5,1,1,0,13.73,87.76,1
7747,41.0,Male,Mobile,16.39,10,12,4,0,1,0,22.43,63.61,1
7748,40.0,Female,Mobile,18.67,6,2,5,0,1,1,18.64,99.4,1
7749,19.0,Male,Mobile,18.67,16,1,3,1,1,1,25.91,33.47,1
7750,55.0,Female,Desktop,22.07,10,1,7,0,1,1,15.67,64.35,1
7751,48.0,Male,Mobile,20.19,15,3,8,0,1,0,28.3,42.45,1
7752,57.0,Male,Desktop,2.98,10,12,9,0,0,1,3.89,64.76,1
7753,39.0,Female,Mobile,14.26,11,0,6,0,0,1,19.11,25.98,1
7754,46.0,Female,Mobile,20.26,2,8,0,0,0,0,10.22,38.25,1
7755,20.0,Female,Mobile,9.58,10,2,4,1,0,0,11.15,93.22,1
7756,31.0,Male,Mobile,10.08,12,13,6,1,1,1,9.08,28.91,1
7757,42.0,Male,Desktop,4.61,11,12,4,0,0,0,5.09,62.07,1
7758,18.0,Female,Desktop,13.14,15,4,4,0,0,0,7.67,91.86,1
7759,20.0,Female,Mobile,29.62,4,1,4,1,0,0,21.81,48.1,1
7760,43.0,Male,Desktop,9.27,5,7,4,0,1,0,7.89,69.51,1
7761,35.0,Female,Tablet,16.41,1,14,4,1,0,0,19.99,74.8,1
7762,26.0,Female,Desktop,22.55,1,10,0,0,0,0,23.74,54.41,1
7763,55.0,Male,Mobile,1.39,10,10,5,1,1,1,0.72,37.89,1
7764,40.0,Female,Desktop,27.11,4,13,0,1,0,1,22.63,80.84,1
7765,38.0,Male,Mobile,12.21,13,2,7,1,1,1,17.58,55.41,1
7766,18.0,Male,Desktop,26.2,14,4,4,0,0,1,17.81,11.61,1
7767,38.0,Male,Mobile,2.13,19,6,1,0,1,1,1.57,87.45,1
7768,44.0,Female,Mobile,5.22,5,1,6,0,1,1,4.21,29.74,1
7769,59.0,Female,Mobile,10.35,11,2,0,0,1,1,7.95,49.34,1
7770,23.0,Female,Mobile,11.02,8,7,4,0,0,1,6.85,21.38,1
7771,53.0,Female,Tablet,25.59,1,9,4,0,0,0,20.8,49.27,1
7772,45.0,Male,Mobile,1.32,5,13,2,0,0,1,1.37,12.93,1
7773,34.0,Male,Mobile,19.59,18,7,1,1,0,0,23.02,56.63,1
7774,57.0,Female,Tablet,4.81,13,2,3,0,1,0,5.5,52.28,1
7775,20.0,Female,Mobile,24.87,5,12,6,0,0,0,16.48,81.84,1
7776,29.0,Female,Mobile,23.58,7,9,9,1,1,1,26.28,55.99,1
7777,56.0,Female,Mobile,15.5,12,11,2,1,0,0,13.3,40.87,1
7778,29.0,Male,Mobile,7.17,2,6,5,0,1,1,9.48,46.63,1
7779,19.0,Female,Mobile,19.4,13,13,6,1,1,0,16.73,60.47,1
7780,39.0,Male,Mobile,5.53,14,10,1,1,1,1,8.17,83.96,1
7781,40.0,Female,Desktop,6.51,6,12,2,0,0,0,7.26,4.17,1
7782,47.0,Female,Tablet,19.17,16,1,8,0,0,0,17.81,92.66,1
7783,22.0,Female,Mobile,29.75,10,8,0,1,1,1,29.84,8.39,1
7784,26.0,Male,Mobile,26.84,11,12,7,1,0,1,18.14,34.47,1
7785,38.0,Female,Mobile,18.2,1,12,0,0,1,1,21.48,33.62,1
7786,28.0,Male,Desktop,16.62,15,7,2,1,0,1,24.32,53.17,1
7787,22.0,Male,Mobile,29.95,16,8,5,1,0,1,30.4,35.47,1
7788,52.0,Female,Desktop,16.87,10,8,7,0,0,0,25.18,21.93,1
7789,44.0,Male,Mobile,13.18,10,6,6,0,0,0,8.57,24.34,1
7790,19.0,Male,Tablet,27.38,3,3,2,0,1,1,31.15,98.53,1
7791,41.0,Male,Mobile,7.79,11,11,5,1,0,0,9.18,83.66,1
7792,48.0,Female,Desktop,3.83,11,11,0,1,0,0,3.11,80.55,1
7793,50.0,Male,Mobile,19.39,16,4,7,0,0,1,16.51,41.93,1
7794,56.0,Male,Desktop,3.78,6,6,8,1,1,0,5.46,93.62,1
7795,47.0,Female,Mobile,11.82,9,12,8,1,1,0,13.14,6.27,1
7796,54.0,Female,Mobile,13.28,1,4,3,0,1,0,17.02,12.53,1
7797,45.0,Male,Mobile,16.88,6,11,3,1,1,1,20.69,24.67,1
7798,48.0,Male,Desktop,29.76,18,9,6,0,0,0,33.06,64.17,1
7799,28.0,Male,Desktop,7.41,13,14,6,0,1,0,4.06,16.69,1
7800,40.0,Unknown,Mobile,11.9,2,7,5,1,0,1,13.84,33.6,1
7801,19.0,Female,Mobile,4.83,19,4,6,1,1,1,4.08,17.72,1
7802,57.0,Female,Mobile,18.62,2,4,0,1,1,0,18.04,79.97,1
7803,58.0,Male,Desktop,22.1,4,4,8,0,0,1,29.87,90.92,1
7804,44.0,Female,Desktop,14.98,4,3,5,0,0,0,22.0,85.04,1
7805,52.0,Male,Desktop,8.13,10,10,7,1,0,1,9.71,2.73,1
7806,19.0,Female,Mobile,19.01,17,11,4,0,0,1,13.91,31.72,1
7807,56.0,Female,Tablet,16.64,16,10,6,1,1,0,13.61,63.76,1
7808,54.0,Male,Desktop,5.96,8,11,2,1,1,0,3.8,0.07,1
7809,38.0,Male,Desktop,12.76,6,6,9,1,1,0,13.79,74.64,1
7810,22.0,Male,Mobile,13.62,2,1,0,1,1,0,19.48,86.88,1
7811,38.0,Male,Desktop,29.5,15,9,6,0,0,0,38.67,7.76,1
7812,46.0,Female,Mobile,25.63,11,12,4,1,1,1,26.75,43.12,1
7813,37.0,Female,Mobile,22.3,16,3,0,0,1,0,32.14,30.28,1
7814,55.0,Male,Mobile,26.77,4,10,8,1,0,1,37.39,94.69,1
7815,37.0,Female,Mobile,22.33,11,2,8,0,0,1,19.23,32.47,1
7816,42.0,Female,Mobile,27.2,14,9,5,1,0,1,28.55,58.09,1
7817,19.0,Male,Mobile,2.58,8,12,8,0,1,1,2.05,0.91,1
7818,49.0,Male,Mobile,14.23,6,7,6,0,1,1,7.24,83.66,1
7819,43.0,Female,Desktop,22.66,19,6,7,1,0,1,21.55,2.93,1
7820,23.0,Male,Mobile,17.92,4,2,1,1,0,0,22.4,56.92,1
7821,58.0,Male,Mobile,6.08,4,3,1,0,1,0,6.9,74.07,1
7822,20.0,Female,Mobile,10.87,6,12,3,1,1,1,15.51,39.66,1
7823,50.0,Female,Desktop,10.22,11,13,0,0,0,0,12.12,3.17,1
7824,18.0,Male,Desktop,8.58,1,3,7,0,1,0,5.5,90.07,1
7825,22.0,Female,Mobile,10.95,2,11,4,0,1,0,8.4,36.61,1
7826,30.0,Male,Tablet,15.93,9,9,6,1,1,0,9.96,46.62,1
7827,36.0,Male,Mobile,25.79,16,6,1,0,0,0,33.39,81.31,1
7828,29.0,Female,Tablet,22.52,6,7,4,0,0,1,32.67,66.07,1
7829,42.0,Female,Mobile,25.22,9,3,8,0,0,0,18.32,32.54,1
7830,52.0,Male,Mobile,26.62,19,7,8,1,0,1,33.69,54.06,1
7831,29.0,Male,Mobile,13.07,5,0,1,0,0,1,12.25,9.4,1
7832,47.0,Male,Mobile,11.03,10,12,1,1,1,0,9.43,48.12,1
7833,22.0,Female,Mobile,2.67,7,8,4,0,0,1,3.97,42.83,1
7834,51.0,Male,Desktop,27.98,2,6,2,1,1,1,23.67,75.99,1
0,39.0,Female,Desktop,15.74,4,3,0,0,1,0,3.38,80.0,0
7836,56.0,Male,Mobile,22.49,8,7,0,1,0,1,27.28,87.23,1
7837,30.0,Female,Mobile,11.97,3,11,4,1,0,0,15.24,85.72,1
7838,20.0,Male,Mobile,28.51,2,9,2,1,0,0,38.83,99.83,1
7839,37.0,Female,Mobile,13.17,9,1,8,1,0,0,14.04,70.75,1
7840,48.0,Male,Desktop,24.68,11,13,2,1,0,0,27.26,62.07,1
7841,22.0,Male,Mobile,9.2,4,0,2,1,1,1,11.14,14.72,1
7842,41.0,Male,Desktop,9.67,9,9,2,0,0,1,6.27,46.82,1
7843,57.0,Male,Mobile,18.27,6,5,0,1,1,1,12.79,43.05,1
7844,50.0,Female,Mobile,29.94,1,6,2,0,0,1,37.85,73.46,1
7845,25.0,Female,Mobile,16.01,3,0,4,0,0,0,10.17,27.47,1
0,41.0,Female,Mobile,28.15,7,1,7,1,1,0,33.46,87.08,1
7847,37.0,Female,Mobile,23.8,9,13,6,0,0,1,12.67,21.98,1
7848,33.0,Female,Desktop,24.08,8,10,3,1,0,0,20.17,48.36,1
7849,29.0,Male,Mobile,13.64,13,1,3,0,1,1,15.85,94.43,1
7850,30.0,Female,Mobile,12.21,18,3,3,1,0,1,14.73,34.4,1
7851,59.0,Female,Unknown,6.57,19,5,7,0,0,0,7.42,72.8,1
7852,56.0,Female,Mobile,28.95,9,3,7,1,0,1,27.26,33.56,1
7853,42.0,Female,Desktop,28.82,6,5,1,1,0,0,21.75,51.44,1
7854,49.0,Male,Mobile,22.66,12,4,6,1,0,0,25.23,77.56,1
7855,41.0,Male,Mobile,9.59,4,5,4,0,0,0,6.57,81.46,1
7856,26.0,Male,Desktop,8.11,9,8,1,0,1,0,4.54,84.25,1
7857,39.0,Male,Desktop,29.67,10,5,2,1,0,0,15.42,9.95,1
7858,40.0,Female,Mobile,2.93,3,5,6,1,1,0,2.25,85.49,1
7859,30.0,Female,Mobile,25.46,17,10,5,0,1,0,13.49,14.64,1
7860,49.0,Male,Desktop,11.31,7,10,5,0,0,1,8.47,27.28,1
7861,32.0,Male,Mobile,13.15,8,0,6,0,0,0,10.38,97.11,1
7862,53.0,Female,Mobile,25.13,11,14,5,0,1,1,21.23,14.42,1
7863,22.0,Female,Desktop,3.63,13,4,1,0,1,0,4.4,25.11,1
7864,39.0,Male,Desktop,11.27,3,4,7,1,1,1,10.61,33.58,1
7865,33.0,Male,Desktop,28.61,19,9,6,1,0,0,42.49,80.62,1
7866,58.0,Male,Desktop,21.27,14,12,5,0,1,0,30.79,32.09,1
7867,27.0,Male,Desktop,22.89,16,10,4,0,1,0,33.91,82.6,1
7868,41.0,Female,Desktop,22.97,15,0,5,1,1,1,20.95,20.56,1
7869,35.0,Female,Desktop,2.76,2,5,0,1,0,1,1.5,60.1,1
7870,35.0,Female,Mobile,6.89,6,0,1,0,1,0,9.37,95.97,0
7871,24.0,Male,Mobile,15.25,7,10,8,0,0,1,14.26,4.1,1
7872,21.0,Female,Desktop,11.68,9,7,0,0,0,0,13.33,90.86,1
7873,43.0,Female,Desktop,12.92,9,9,1,1,0,1,17.36,16.48,1
7874,22.0,Male,Mobile,23.66,17,8,9,0,1,1,26.2,58.1,1
0,33.0,Male,Mobile,1.43,3,0,9,1,0,0,14.3,4.88,1
7876,52.0,Male,Tablet,20.15,4,13,0,0,0,0,15.09,57.13,1
7877,43.0,Male,Mobile,1.0,2,8,7,0,1,1,0.7,49.5,1
7878,35.0,Male,Mobile,2.83,1,1,3,1,0,1,2.99,80.77,1
7879,46.0,Male,Desktop,12.84,10,8,5,0,0,1,14.61,41.61,1
7880,40.0,Female,Tablet,25.39,3,3,4,1,0,0,14.3,91.57,1
7881,31.0,Female,Desktop,5.2,10,14,7,0,0,1,6.87,37.04,1
7882,32.0,Female,Desktop,17.08,9,2,9,1,0,0,25.43,9.16,1
7883,50.0,Female,Mobile,20.68,17,0,6,1,0,1,30.32,38.68,1
7884,42.0,Female,Desktop,7.66,15,0,0,0,1,1,8.61,30.63,1
7885,38.0,Unknown,Mobile,15.86,3,7,7,0,1,0,15.92,44.64,1
7886,34.0,Male,Desktop,27.43,3,1,3,1,0,0,34.58,19.96,1
7887,40.0,Male,Mobile,15.85,4,0,6,0,0,0,12.07,37.03,1
7888,34.0,Male,Mobile,5.56,4,1,2,1,1,1,4.74,88.62,1
7889,31.0,Female,Mobile,19.21,17,2,1,1,1,1,24.34,65.25,1
7890,46.0,Female,Mobile,18.17,6,3,0,0,0,1,26.35,19.81,1
7891,37.0,Male,Desktop,1.78,11,12,9,1,0,0,2.48,5.29,1
7892,47.0,Male,Tablet,3.63,12,10,4,0,0,0,2.08,21.67,1
7893,36.0,Male,Desktop,5.55,7,8,2,0,1,0,4.06,40.92,1
7894,56.0,Male,Desktop,4.95,13,6,2,1,1,1,3.83,36.71,1
7895,30.0,Male,Mobile,8.52,6,11,7,1,1,1,7.52,84.85,1
7896,35.0,Female,Desktop,14.17,3,4,0,0,0,1,8.09,58.6,1
7897,40.0,Female,Desktop,11.78,14,4,1,1,1,0,8.61,84.25,1
7898,50.0,Female,Desktop,26.83,14,13,0,1,0,1,32.63,49.5,1
7899,56.0,Male,Mobile,18.75,10,5,6,0,0,0,13.96,29.03,1
7900,57.0,Female,Desktop,26.41,5,0,3,0,0,1,38.1,47.75,1
7901,35.0,Male,Desktop,16.28,2,5,2,0,1,0,15.03,70.56,1
7902,26.0,Female,Mobile,3.61,6,12,2,1,1,1,2.16,51.18,1
7903,50.0,Male,Desktop,14.44,11,12,9,1,0,1,19.39,32.68,1
7904,49.0,Male,Tablet,24.84,18,10,2,0,0,0,35.16,81.62,1
7905,34.0,Female,Mobile,6.63,11,5,1,0,0,0,9.47,89.24,1
7906,36.0,Female,Desktop,3.65,15,13,4,0,1,0,3.63,27.82,0
7907,44.0,Female,Desktop,10.55,3,10,0,0,1,0,14.99,28.15,1
7908,23.0,Female,Desktop,12.28,2,4,4,1,0,1,14.85,56.74,1
7909,52.0,Female,Mobile,9.88,7,9,9,1,0,0,6.87,81.64,1
7910,54.0,Male,Desktop,4.92,5,8,7,0,1,1,5.08,51.99,1
7911,51.0,Female,Mobile,8.27,13,9,6,1,0,1,7.71,6.0,1
7912,37.0,Female,Mobile,20.79,8,9,2,1,0,1,19.77,29.5,1
7913,42.0,Male,Desktop,12.19,9,4,8,1,1,0,11.13,50.28,1
7914,21.0,Female,Desktop,19.34,8,8,9,0,1,0,13.06,73.67,1
7915,27.0,Male,Desktop,16.55,10,9,6,0,1,0,14.73,77.49,1
7916,39.0,Female,Mobile,16.92,2,14,0,1,0,0,17.12,75.23,1
7917,39.0,Female,Mobile,8.21,10,6,5,0,0,0,6.45,9.48,1
7918,38.0,Male,Tablet,16.12,11,14,3,0,1,0,10.91,61.6,1
7919,28.0,Female,Mobile,1.68,11,2,5,1,1,0,1.17,42.54,1
7920,44.0,Female,Desktop,13.52,5,10,2,1,0,0,9.37,31.35,1
7921,33.0,Female,Desktop,17.61,14,8,4,0,1,1,16.67,82.76,1
7922,43.0,Female,Desktop,6.28,3,9,2,0,1,1,4.45,35.84,1
7923,47.0,Male,Mobile,8.44,2,6,6,1,1,0,10.27,18.25,1
7924,33.0,Male,Desktop,7.37,18,3,4,1,0,1,6.16,69.57,1
7925,24.0,Female,Desktop,3.05,1,13,3,0,1,0,4.39,13.55,1
7926,33.0,Female,Mobile,11.09,1,11,9,1,0,0,6.24,29.39,1
7927,52.0,Male,Mobile,29.39,0,8,6,1,1,0,23.8,44.44,1
7928,33.0,Male,Mobile,11.26,6,5,6,0,0,1,13.94,14.17,1
7929,57.0,Female,Mobile,14.36,13,8,9,0,0,0,17.01,28.73,1
7930,29.0,Male,Desktop,19.94,1,3,8,0,1,1,18.36,64.16,1
7931,52.0,Male,Desktop,19.81,6,9,2,0,0,1,27.14,55.74,1
7932,38.0,Male,Tablet,28.55,8,1,9,1,0,0,16.31,84.43,1
7933,53.0,Male,Mobile,25.87,13,12,7,0,1,1,26.11,14.09,1
7934,34.0,Female,Desktop,24.02,2,13,6,0,0,1,16.82,86.39,1
7935,49.0,Male,Mobile,28.6,8,8,8,0,1,0,24.99,7.56,1
7936,58.0,Female,Desktop,7.69,1,9,1,1,1,0,9.22,74.34,1
7937,23.0,Female,Desktop,18.89,13,11,5,0,0,0,11.31,20.69,1
7938,41.0,Male,Tablet,26.73,1,13,4,0,0,0,14.54,90.31,1
7939,44.0,Female,Desktop,15.74,10,3,2,1,0,0,17.59,4.16,1
7940,37.0,Female,Tablet,29.35,5,10,6,1,0,1,22.64,58.02,1
7941,42.0,Male,Desktop,3.91,13,1,4,1,1,1,4.77,1.28,1
7942,19.0,Male,Desktop,13.74,5,6,5,1,1,1,7.77,73.6,1
7943,26.0,Male,Mobile,29.34,10,6,3,1,1,1,43.03,3.37,1
7944,45.0,Female,Desktop,12.01,3,4,6,1,0,1,13.46,72.72,1
7945,55.0,Female,Desktop,22.45,2,4,6,1,1,0,22.48,80.85,1
7946,20.0,Female,Mobile,1.88,2,7,4,0,1,1,1.72,89.55,1
7947,37.0,Female,Mobile,21.15,5,5,6,0,1,0,26.42,35.94,1
7948,23.0,Male,Desktop,28.1,4,0,6,0,0,1,24.06,54.25,1
7949,56.0,Female,Mobile,12.1,2,10,9,1,0,1,15.45,73.35,1
7950,50.0,Unknown,Mobile,1.62,9,13,0,1,0,1,1.96,82.07,1
7951,18.0,Male,Desktop,1.81,9,11,0,0,0,0,1.9,78.28,1
7952,54.0,Male,Tablet,26.87,9,3,3,1,1,1,37.31,84.78,1
7953,23.0,Male,Desktop,21.95,4,0,0,0,0,0,18.57,89.76,1
7954,51.0,Female,Mobile,4.09,8,4,2,0,1,1,2.28,65.03,1
7955,32.0,Male,Mobile,2.58,18,4,7,0,0,1,2.26,17.4,1
7956,43.0,Female,Mobile,24.34,9,3,6,1,1,0,33.48,83.35,1
7957,31.0,Unknown,Mobile,24.49,3,14,2,0,0,0,14.14,46.33,1
7958,24.0,Male,Mobile,4.5,6,8,3,1,1,1,5.68,5.06,1
7959,48.0,Male,Tablet,9.74,19,7,1,0,1,1,12.91,62.61,1
7960,41.0,Female,Mobile,23.62,5,13,1,0,0,1,21.92,72.75,1
7961,48.0,Male,Mobile,16.24,17,9,4,0,0,1,11.28,45.79,1
7962,46.0,Male,Mobile,28.74,19,13,1,1,0,0,24.59,50.67,1
7963,59.0,Male,Mobile,14.95,3,2,6,0,0,1,13.43,55.0,1
7964,49.0,Male,Mobile,20.63,8,4,0,0,0,0,29.55,25.25,1
7965,34.0,Female,Mobile,15.78,9,5,8,1,0,0,12.38,37.4,1
7966,31.0,Female,Tablet,28.35,8,4,9,0,0,1,41.75,80.69,1
7967,57.0,Male,Mobile,12.56,14,7,0,0,0,0,7.65,2.99,1
7968,53.0,Male,Mobile,7.66,10,4,0,0,1,1,11.29,55.69,1
7969,41.0,Female,Mobile,10.47,17,7,8,0,1,1,7.57,3.18,1
7970,44.0,Female,Mobile,25.73,3,9,6,1,0,0,17.18,20.16,1
7971,42.0,Female,Mobile,15.44,3,14,9,0,1,0,9.57,37.29,1
7972,49.0,Male,Mobile,11.27,3,9,3,0,1,1,9.2,18.64,1
7973,35.0,Female,Mobile,16.78,4,13,2,1,0,1,18.74,84.85,1
7974,35.0,Male,Desktop,4.86,17,2,4,1,0,0,5.67,87.02,1
0,54.0,Female,Mobile,1.16,14,4,1,0,1,0,1.01,15.3,1
7976,43.0,Female,Mobile,9.14,2,3,5,0,0,0,6.68,49.5,1
7977,26.0,Male,Mobile,18.55,12,12,0,0,1,1,27.73,23.0,1
7978,52.0,Female,Mobile,21.64,5,10,0,1,0,1,16.68,1.21,1
7979,25.0,Male,Mobile,24.97,2,5,9,1,1,0,21.93,73.68,1
7980,37.0,Female,Mobile,27.87,12,2,8,1,0,1,27.34,51.82,1
7981,59.0,Male,Mobile,12.95,9,11,0,0,1,1,16.05,49.84,1
7982,39.0,Female,Mobile,22.47,9,9,5,0,0,0,14.65,0.27,1
7983,36.0,Female,Mobile,3.17,1,3,6,1,1,0,2.43,97.85,1
7984,47.0,Male,Mobile,15.74,7,10,7,1,1,0,4.0,83.26,1
7985,45.0,Male,Mobile,4.62,18,3,1,0,0,1,6.12,96.74,1
7986,52.0,Male,Tablet,14.01,10,4,7,1,1,1,13.22,24.37,1
7987,28.0,Male,Desktop,15.74,15,10,9,0,1,0,4.34,60.37,1
7988,48.0,Female,Desktop,9.32,9,14,1,1,0,1,12.74,74.67,1
7989,56.0,Female,Desktop,19.79,11,5,1,0,1,1,25.39,80.33,1
7990,53.0,Female,Tablet,11.4,1,1,8,1,1,0,12.32,78.17,1
7991,47.0,Female,Desktop,17.16,11,9,6,0,1,0,15.52,57.23,1
7992,40.0,Female,Desktop,12.96,1,11,7,1,0,1,18.61,3.16,1
7993,36.0,Female,Mobile,5.9,5,7,0,1,1,1,4.69,99.4,1
7994,29.0,Male,Mobile,3.15,18,3,9,1,0,1,2.59,11.49,1
7995,32.0,Female,Desktop,7.85,1,6,5,1,1,0,10.8,18.08,1
7996,48.0,Female,Tablet,2.67,10,6,0,1,0,1,3.01,82.44,1
7997,54.0,Male,Mobile,18.94,13,11,4,1,1,1,27.48,10.06,1
7998,54.0,Female,Desktop,24.08,8,13,1,0,0,1,27.57,21.34,1
7999,32.0,Female,Mobile,10.85,13,12,8,1,1,0,5.78,2.03,1
8000,46.0,Female,Mobile,12.23,2,9,2,0,1,1,8.28,15.67,1
